:020000040800F2
:10000000703100206D020008AB500008454E00081A
:10001000A950000861300008ED72000800000000DF
:10002000000000000000000000000000D5010008F2
:10003000913000080000000019020008816F0008DC
:10004000870200088702000887020008870200086C
:10005000870200088702000887020008870200085C
:10006000870200088702000887020008870200084C
:10007000870200088702000887020008870200083C
:100080008702000887020008192E0008870200086E
:10009000870200088702000887020008870200081C
:1000A000870200081D700008870200088702000808
:1000B00087020008870200088702000887020008FC
:1000C00087020008870200088702000887020008EC
:1000D000870200088702000887020008E172000812
:1000E00087020008870200088702000800F002F873
:1000F00000F060F80AA090E8000C82448344AAF162
:100100000107DA4501D100F055F8AFF2090EBAE85F
:100110000F0013F0010F18BFFB1A43F0010318473B
:100120008CA10000ACA10000103A24BF78C878C1AF
:10013000FAD8520724BF30C830C144BF04680C60ED
:10014000704700000023002400250026103A28BF35
:1001500078C1FBD8520728BF30C148BF0B60704739
:10016000662909F05285692900F09E81642900F012
:100170009B81782900F0D481632901F04E80732996
:1001800001F05380002070471FB59DE8030000F088
:1001900045FD01F043F904000020002108F070FD46
:1001A000401C60600020002108F080FDE0601FBD61
:1001B00010B510BD01F080FC1146FFF7E5FF07F018
:1001C000B3FC01F01BFF03B4FFF7F2FF03BC01F027
:1001D0008BFF0000224B19680868B0E8F00F80F32D
:1001E0000988BFF36F8F4FF0000080F311884EF045
:1001F0000D0E70470000000006480068006880F39C
:10020000088862B661B6BFF34F8FBFF36F8F00DF10
:1002100000BF00BF08ED00E0EFF30980BFF36F8F70
:100220000F4B1A6820E9F00F106008B54FF050002E
:1002300080F31188BFF34F8FBFF36F8F08F050F931
:100240004FF0000080F31188BDE808401968086885
:10025000B0E8F00F80F30988BFF36F8F704700BFDD
:10026000AC000020EFF3058070470000094880478C
:1002700009480047FEE7FEE7FEE7FEE7FEE7FEE788
:10028000FEE7FEE7FEE7FEE704480549054A064BA0
:100290007047000019700008ED000008702B002066
:1002A00070310020702D0020702D002070B50646A2
:1002B00000F094FC056806F10B0020F00704B4423E
:1002C0009CBF002070BD2B466A68BAB11068A0427E
:1002D00010D304F1080188423CBF5068586007D32E
:1002E0005168101941601168091B01605860146061
:1002F000101D70BD13465268002AE7D121462846DA
:1003000000F078FC0028DED170BD53EA020C00F04A
:1003100069802DE9F04B4FF00006002B1FBFB3FAA8
:1003200083F503FA05F424FA05F65E4012BF16437E
:10033000B2FA82F502FA05F4C5F120051EBF22FAD1
:1003400005FC44EA0C04203556EA044C4FEA1444F8
:1003500018BF641C4FF000084FF00009904271EB89
:10036000030C39D3002919BFB1FA81F701FA07F656
:10037000B0FA80F700FA07F6C7F120071EBF20FA8F
:1003800007FC46EA0C062037B6FBF4FCA7EB050792
:10039000103F07F01F0BCBF120060CFA0BFB2CFAD9
:1003A00006F644BFB3460026202FA4BF5E464FF09A
:1003B000000B5BEA060C08BF4FF0010B19EB0B09B1
:1003C000ABFB027C48EB0608C01B06FB02CC0BFB18
:1003D00003CC71EB0C01C1E70B460246414648468F
:1003E000BDE8F08B13B54FF000004FF00001AFF304
:1003F0000080BDE81C4070470FB41CB5074B06AA2F
:100400007B4469460090059800F0DDFE00206946B7
:1004100000F0ECFE1CBC5DF814FB0000E90D0000D0
:100420000FB41CB50C0007AA009001D02044401E58
:10043000074B7B4469460190069800F0C4FE002CEF
:1004400003D06946002000F0D1FE1CBC5DF814FB0F
:10045000C10D000070B50C460546012A05D028786C
:10046000800600D5EA69002302E0012305E05B1C59
:10047000934202D2E05C0028F9D1A869E618C01ABC
:10048000A861286A184428622846AFF3008004E077
:10049000D5E9012114F8010B9047B442F8D328465E
:1004A000AFF3008070BD00002DE9F0410646002446
:1004B00010687529314616A510D0AFF300800028CA
:1004C00002DA404213A507E031688A0701D512A578
:1004D00002E0490704D511A5012401E0AFF3008033
:1004E00000210A2206F1240709E0B0FBF2FCB0FB70
:1004F000F2F302FB1C00303078541846491C0028E7
:10050000F3D123462A463046BDE8F04100F0EEBB69
:10051000000000002D0000002B0000002000000063
:1005200070B504460D4621461068AFF3008021885F
:10053000090502D50F4A7A4402E00E4A7A440E3287
:10054000002104F1240305E000F00F060009965D88
:100550005E54491C0028F7D120780023000704D5F9
:10056000702D02D009B1022311322046BDE870403F
:1005700000F0BCBB769800002DE9F0474FF0000A70
:1005800089460446C0F820A02046E1688847002834
:1005900076D0252806D0D4E901219047206A401C56
:1005A0002062F1E7E168204600258847C4F81CA0D6
:1005B00006460027C4F818A02A2E09D0304606F0B7
:1005C00040FF38B304EB8708303EC8F8186019E0E4
:1005D00059F8041B204604EB87029161E1688847C3
:1005E000012F064618D1E069002820DA25F0200501
:1005F0001DE0D8F8180000EB800006EB4000303812
:10060000C8F818002046E1688847064606F019FF3A
:100610000028EED1012F0AD02E2E08D12046E16805
:1006200088477F1C0646022F45F02005C4DBA069E1
:10063000002803DA404245F00105A061E80701D037
:1006400025F01005B6B1A6F14100192802D82036D0
:1006500045F400654A463146204625604D46FFF781
:100660007FFD58B1012806D0ED1D25F0070000F1EF
:10067000080989E704E005F1040985E730468AE7BF
:10068000206ABDE8F08700000FB400B58DB010A956
:10069000099000910B904FF0FF300A9000200C90D1
:1006A000064878440690064878446A4607900F99B1
:1006B00009A800F0D3FD0DB05DF814FBD70B0000C6
:1006C000EF0B00002DE9FF5F1D464FF0FF3B914609
:1006D0004FF000085F46D5E90146A96901987F1CE3
:1006E0008847296A824688470028F6D1BAF1FF3F39
:1006F0000CD0002E24F4C06419DD600614D5BAF1C4
:100700002B0F09D0BAF12D0F0ED103E0584604B0DB
:10071000BDE8F09F44F48064A96901987F1C884774
:10072000761E8246002E02DDBAF1300F03D0B9F1F9
:10073000000F26D032E0A969761E01987F1C44F490
:1007400000748847002E824605DDBAF1780F06D086
:10075000BAF1580F03D0B9F1000F10D01EE0B9F173
:10076000000F02D0B9F1100F18D1A969761E0198B7
:100770007F1C24F4007488478246102002E0082081
:1007800000E00A20814609E0A96908FB0908761EF5
:1007900001987F1C44F4007488478246002E05DDD2
:1007A0004946504600F045FD0028EDDAE969019818
:1007B0008847A00502D46FF00100A8E7E00725D123
:1007C000600613D5600502D5C8F1000000E0404680
:1007D00029680A1D2A600968220501D5087015E0FC
:1007E000220701D5088011E008600FE02868011D8C
:1007F00029600068210502D580F8008006E0210705
:1008000002D5A0F8008001E0C0F8008038467EE7FD
:100810002DE9FF5F4FF0000899461446464691695E
:10082000D2E901A7DDF838B001988847054659EAB2
:100830000B0005D009E0A1690198761C88470546A0
:10084000216A284688470028F5D1681C03D05FEA52
:10085000CA7005D015E04FF0FF3004B0BDE8F09F3E
:100860002068011D2160D0F800800AE05FEACA70AC
:1008700001D108F8015BA169761C01987F1E8847A9
:100880000546002F1ADD681C18D0B9F1000F0DD0F5
:10089000E81705EBD060421120F01F0059F8221034
:1008A0002A1A012090400142E0D107E0BBF1000F7D
:1008B000DCD12846216A88470028D7D0E169019811
:1008C0008847BBF1000F07D1002E05DD5FEACA7033
:1008D00002D1002188F80010A068B84203DDBBF106
:1008E000000F03D017B16FF00100B6E73046B4E750
:1008F00070B5064600F076F90468054630460A22CF
:10090000002100F02DFD2C6070BD0000014A00F0B8
:100910005FBD000008010020401ECAB210F8011F90
:100920008A4202D00029F9D10020704730B505462F
:100930000B462A4613F8014B12F8010B08B1A042EE
:10094000F8D01CB1002802D06D1CF1E7284630BD5C
:1009500040EA0103024630B59B0710D14FF0013445
:1009600000E008C208C91D1B9D4315EAC41FF8D04A
:1009700013F0FF0102F8011B0DD01B0AF8E711F874
:10098000013B002B02F8013B05D011F8013B002B85
:1009900002F8013BF3D130BD10B5431C02E010F862
:1009A000011B71B18107FAD14FF0013202C88C1AD4
:1009B0008C4314EAC211F9D0C01A0A0603D0C01E33
:1009C00010BDC01A10BD0A0401D0801E10BD09025E
:1009D000FCD0401E10BD421E12F8013F002BFBD17F
:1009E00011F8013B002B02F8013BF9D17047032AB3
:1009F00040F2308010F0030C00F0158011F8013B3C
:100A0000BCF1020F624498BF11F801CB00F8013B22
:100A100038BF11F8013BA2F1040298BF00F801CBE6
:100A200038BF00F8013B11F0030300F02580083ABD
:100A3000C0F0088051F8043B083A51F804CBA0E814
:100A40000810F5E7121D5CBF51F8043B40F8043B69
:100A5000AFF30080D20724BF11F8013B11F801CB9E
:100A600048BF11F8012B24BF00F8013B00F801CB6F
:100A700048BF00F8012B704710B5203AC0F00B803A
:100A8000B1E81850203AA0E81850B1E81850A0E892
:100A90001850BFF4F5AF5FEA027C24BFB1E81850EC
:100AA000A0E8185044BF18C918C0BDE810405FEA5C
:100AB000827C24BF51F8043B40F8043B08BF7047D8
:100AC000D20728BF31F8023B48BF11F8012B28BFDD
:100AD00020F8023B48BF00F8012B70474FF000029E
:100AE0000429C0F0128010F0030C00F01B80CCF140
:100AF000040CBCF1020F18BF00F8012BA8BF20F8AE
:100B0000022BA1EB0C0100F00DB85FEAC17C24BF01
:100B100000F8012B00F8012B48BF00F8012B7047AB
:100B20004FF0000200B5134694469646203922BF86
:100B3000A0E80C50A0E80C50B1F12001BFF4F7AFD1
:100B4000090728BFA0E80C5048BF0CC05DF804EBB3
:100B5000890028BF40F8042B08BF704748BF20F821
:100B6000022B11F0804F18BF00F8012B704710B511
:100B7000044610F0030F08BF11F0030F40F015807A
:100B80004FF0013E121FC0F20E8051F8043BA3EB60
:100B90000E0C2CEA030C1CEACE1C08BF40F8043BE8
:100BA000F0D0A1F1040102F10402521E08DB11F899
:100BB000013B002B00F8013BF7D11146FFF78EFFF8
:100BC000204610BD704770477047000010B500F018
:100BD00025FC001D10BD00BFA98000000048704723
:100BE000182B002000487047102B002070477047DA
:100BF0007047704738B504460A4600206946AFF38F
:100C00000080002808BF38BD02460099204600F049
:100C100009FC012038BD012000F028BFF8B5AFF372
:100C20000080054600200C46102000BF0646A8198B
:100C3000A0420DD9324669460020AFF3008007007C
:100C400008BF00F013FF0098A04218BF0546C41962
:100C5000FFF7C4FF05600746F01D20F007004619A6
:100C6000284600F00AF8B44208BFF8BDA21B31467E
:100C70003868BDE8F84000F0D5BB00210160C0E94C
:100C8000011070471020704770B50446051FFFF72C
:100C9000A5FF0068002C14BF446870BD002C18BF6D
:100CA000AC423CBF20466468F8D301680A18AA42E7
:100CB00018BF456003D12A680546114401602868C1
:100CC0004119A1421CBF6C6070BD616869602168F8
:100CD0000844286070BD10B5FFF784FF006810BDA0
:100CE00010B50446FFF77EFF046010BD2DE9F04704
:100CF0000D4699469246044600F12408016888068C
:100D000004D5E06921F01001216000E00120A84233
:100D100001DD471B00E00027A1697A1902EB0900F9
:100D2000081AA0612078C00602D42046AFF30080E4
:100D3000002608E0D4E901211AF806009047206A4D
:100D4000401C761C20624E45F4DB2078C0060AD594
:100D50002046AFF3008006E0D4E90121302090471F
:100D6000206A401C2062381EA7F10107F4DC07E06E
:100D7000D4E9012118F805009047206A401C206240
:100D8000281EA5F10105F3DC2046AFF30080207892
:100D9000000602D50220BDE8F0870120FBE770477E
:100DA0002DE9FF4F0C461E464FF0FF378BB0D2E9BE
:100DB0000001DDF860800A908A46C1F30A5505B942
:100DC0003D46002108464FF00000BAF1000F00F444
:100DD000400005DA00EB80004FF4400101EA5000CA
:100DE0004FEA9059B9F1010F00DDB9460A9850EA6F
:100DF0004A000ED044F61050A5F2FF3545432F149B
:100E0000B8F1000F1ED07542291E1EDDC9F1000287
:100E10001CE0B8F1010F4FF0000001D0302103E0D9
:100E2000F24305E02154401CB042FBDB3046002277
:100E3000002121540B99C1F80880C1E900200FB0AE
:100E4000BDE8F08FBD1B6D1CDEE74A4600DA694243
:100E500006A800F099FD06AB93E8070003AB83E812
:100E6000070050460A9901F0A2FB8DE80700A0F5A3
:100E700000501F3800900398002D0ADD42F21F0138
:100E80004A460844002303A90390684601F04EFE39
:100E900009E0A0F500504A461F38002303A903903B
:100EA000684601F06DFE8DE807000004000C03D0D9
:100EB0004FF0FF30410800E01046B8F1000F03D0BA
:100EC0000022009215461EE0751E05D400F0C4FAFB
:100ED000303262556D1EF9D5B3460122084302D067
:100EE00000227F1C04E02078302801D100227F1EE0
:100EF000002A099784D01DE0112D07DA00F0ACFA22
:100F0000303262556D1C50EA0102F5D1084302D01F
:100F10000098C8B10EE00021681E05E0235C625C09
:100F200063542254401E491C8142F7DBAB46A81B88
:100F3000401E0990002004F80B000B98099AC0F895
:100F40000880C0E9002B7AE711264FF0000857E728
:100F50002DE9F04F88460446D21D22F0070191B0DA
:100F6000D1E90001CDE90A0106F0C1F902460B986A
:100F7000C00F01D02D2007E02068810701D52B206C
:100F800002E0202101EAC000032A099001D0072ACB
:100F900005DB03464146204600F0ACFA0BE1207821
:100FA000800601D5E06900E00620B8F1650F8146B2
:100FB00006D0B8F1660F18D0B8F1670F70D131E0E4
:100FC0000020B9F1110F009001DB112301E009F1BC
:100FD00001030AAA01A90CA8FFF7E2FEDDE90C70E3
:100FE000002609F10105834647E001204B460090A9
:100FF0004FF000470AAA01A90CA8FFF7D1FEDDE9CE
:101000000DB00C995D46002610B909F101000D18CC
:10101000B9EB050003D4C0F1FF3609F10105A5EBDA
:1010200009002BE0B9F1010F01DA4FF001090020AE
:10103000B9F1110F0090484601DD112300E003468D
:101040000AAA01A90CA8FFF7ABFEDDE90C704D461A
:1010500000268346207800070AD4AB4500DA5D46B7
:1010600001A8012D04DD411911F8011C302907D018
:101070004F4502DA17F1040F04DA012082460FE02F
:101080006D1EEEE7002F02DCED1B3E4403E0781CF2
:10109000A84200DD7D1CB81B00F1010A4FF000479B
:1010A0002078000703D4AA4501DB4FF0FF3A002166
:1010B000B7F1004F0DF143088DF8431024D0022002
:1010C0002B23002F01DA7F422D230A21021EA0F1DB
:1010D000010000DC5FB197FBF1FC97FBF1F201FB33
:1010E0001C7C17460CF1300C08F801CDEEE7A8F196
:1010F000010003702188090501D5452100E0652123
:10110000A0F1010800F8011C09980FA9A1EB08073C
:10111000FF1D00B10120411901EBEA70A1693844BB
:10112000081A401EA0612078C00602D42046AFF302
:101130000080099828B1D4E901219047206A401C19
:1011400020622078C00622D52046AFF300801EE042
:10115000002E04DBB34502DD01A8805D00E03020F5
:10116000D4E901219047206A401C2062761CAAF134
:1011700001005FEA000A0AD100F050F9C068016876
:10118000405CD4E901219047206A401C2062281E5F
:10119000A5F10105DCDC07E0D4E9012118F8010B19
:1011A0009047206A401C2062381EA7F10107F3DC3B
:1011B0002046AFF30080032011B041E601694A1CCC
:1011C00002610878704700B58FB0CDE90131002188
:1011D000059105497944CDE9031011466846FFF7AA
:1011E000CBF90FB000BD0000E5FFFFFF0A6802F871
:1011F000010B0A607047D1E900239A4202D2531CC6
:101200000B601070704710B5436913B1AFF30080E5
:1012100001E0FFF71FF9012010BD127800F1240151
:101220000A7000224A700122EDE711684FF0FF3288
:10123000E9E73A2800D2303820F02002412A01D3D1
:10124000A2F13700884201D34FF0FF307047000011
:10125000026811441378016018467047D16005494F
:1012600079445161044979441162002111611146A8
:1012700000F080B9EDFFFFFF79020000426842B143
:10128000016811F8013B23B1521EC0E90012184653
:1012900070470121C160881E704742685AB1C36817
:1012A000016843B983688B4205D0491E521CC0E9CE
:1012B0000012002070474FF0FF3070470FB400233A
:1012C00000B589B00CA900910B99CB60214B7B44F0
:1012D0000693214B7B44079304236FF00042CDE932
:1012E00001321E4A7A446B4608920246002008F0FA
:1012F000EEFC09B05DF814FB70B506464FF0FF3008
:1013000015460C46324686B00091CDE9010169468A
:101310000020049004A8FFF7D1FF0246049821188A
:1013200025B108B1084600E020462860049800284E
:101330000DD0002A02DD0098884208D03246081BF2
:1013400069460094CDE9010404A8FFF7B7FF06B091
:1013500070BD0000ABFFFFFFC3FFFFFFFB010000FC
:101360002DE9F04791460F4680460446002614F8C2
:10137000015B2DB1FFF72AFC0068405DC007F6D184
:101380002B2D02D02D2D18D0641E4A4639462046FA
:1013900000F0AAFA27B13968A14201D1C7F800804C
:1013A0004FF0020471050BD54042002803DDFFF722
:1013B00019FC0460A007BDE8F08746F48066E4E706
:1013C0000028F8DAFFF70EFC04606FF00040F2E747
:1013D0002DE9F04115460E46040002D12C6804B9EF
:1013E0000BA4204600F059FB0444207870B1274636
:1013F0003146384600F041FB0444207810B100200B
:1014000004F8010B38462C60BDE8F0810027F9E7AD
:101410000000000000487047102B00200048704773
:10142000302B0020034640688C46002818BF8842B5
:101430003CBF03464068F8D318681844884207D078
:101440000CF1030020F00700001D411A521A01465A
:10145000081D0A60FFF718BC30B5B0F10A024FEA68
:10146000900E71F100034EEA817EB0EB0E0061EB4D
:1014700091014FEA101E4EEA017E10EB0E0041EB87
:1014800011114FEA102E4EEA016E10EB0E0041EBE7
:1014900011214FEA104E4EEA014E10EB0E0041EBC7
:1014A0001141401841F100014FEAD00040EA41707B
:1014B0004FEAD10110EB80054FEA810444EA9074B1
:1014C00044EB01046D1944EB0404521BA3414FF09B
:1014D000000348BF0A3200D530BD401C41F1000175
:1014E00030BD10B50446FFF771FB0068005D00F0E9
:1014F000010010BD2DE9F0411F4604460326016896
:10150000072A01F4006004DB08B116A505E016A562
:1015100003E008B115A500E015A521F0100020603A
:10152000A069C01EA0610FB1401EA0612046AFF3AC
:1015300000804FB1D4E9012138469047206A401C11
:101540002062C01C206206E0206AFAE7D4E901218B
:1015500015F8010B9047761EF8D22046AFF30080B5
:10156000BDE8F0814E414E006E616E00494E46006E
:10157000696E66002DE9F34F4FF0000A0C4656469F
:101580008DB001200C9001F10C000B9062690B985A
:1015900001219047051E2DD0252D2CD0216A88478A
:1015A000C0B162690B9801219047216A88470028E1
:1015B000F7D16269411E0B98904700E0761CA16943
:1015C0000D988847216A88470028F7D1E1690D986E
:1015D0008847DBE7A1690D988847A842074601D1F3
:1015E000761CD3E7E1690D9888477F1C02D1BAF1D8
:1015F000000F6FD06BE162690B9800273D463946BA
:1016000090472A2804D162690B980121904701254F
:10161000DFF8D08262690B9801219047A0F1300178
:101620000A290AD24745E5DC07EB870100EB4107B1
:10163000303FDFD445F01005ECE7E90601D46FF048
:1016400000476C280AD04C2814D0682815D06A2886
:101650000DD074281CD07A281AD01DE062690B982E
:10166000012190476C2802D045F0040514E045F0B4
:1016700002050DE045F020050AE062690B980121A2
:101680009047682802D045F0080505E045F400655C
:1016900062690B9801219047C4E9015765283DD044
:1016A00019DC58287AD00CDC452837D004DC2528F2
:1016B00026D041289ED131E046282FD0472899D105
:1016C0002CE05B2877D0612828D063287CD0642860
:1016D00023D15AE0F6E06F2848D008DC66281DD0F8
:1016E00067281BD0692821D06E2816D127E07028E2
:1016F00045D0732868D0752847D078280DD14DE0A3
:10170000A1690D988847252805463FF469AFE1692E
:101710000D9888476D1C3FF46AAFD8E00D992346B9
:101720006A466FF0010008F0D2FAC5E045F04000CB
:1017300023464FF000026060A80736D43EE0E80779
:101740007FF447AF2068011D21600068290501D59D
:1017500006701BE7290701D5068017E7A90703D5FF
:10176000F117C0E9006111E706600FE745F040009E
:1017700023464FF008026060A80716D41EE040F62A
:101780000E0125EA0100606016E045F040002346A6
:101790004FF00A026060A80707D40FE045F0400050
:1017A0006060A80708D5234610220D996FF001004C
:1017B000AFF3008080E007E0102223460D996FF020
:1017C0000100FEF77FFF77E04FF0000963284F46E6
:1017D000C8464B46CB4602D05B2806D038E0E80628
:1017E00001D40120A060012732E06269D4F80CB076
:1017F0000B98012190475E2807D14FF00109494617
:101800006269D4F80CB00B989047216939B900216E
:101810000A4603AB43F82120491C0829FADBD8B358
:10182000216949B308F1010862690B9801219047C9
:101830005D28F4D1B9F1000F09D0002003A951F8B7
:101840002020D24341F82020401C0828F7DB03ABBE
:101850002069002820794FEA40701ED05B4622465E
:10186000CDF80080CDE901970D9900286FF00100B7
:1018700020DAAFF300801FE0C11703AA00EBD161AB
:101880004B1121F01F0102EB8302411A1368012062
:10189000884003431360C7E719E00D9922460028EA
:1018A0006FF00100009702DAAFF3008004E0FEF76A
:1018B000AFFF01E0AFF3008000280ADA401C06D138
:1018C0000C9820B14FF0FF300FB0BDE8F08F5046BC
:1018D000FAE7E90701D10AF1010A064400200C9059
:1018E00054E60000CCCCCC0C2DE9F05F82461546C6
:1018F0008B4600270AF10104B9460078302801D050
:101900009DB113E014F8010B0127782803D0582863
:1019100001D045B10AE00DB1102D07D1002714F810
:10192000010B102502E0082500E00A250026B0463C
:101930000EE005FB080005FB06F101271FFA80F801
:1019400001EB1046B6F5803F00D3B94614F8010B01
:101950002946FFF76EFC0028EBDABBF1000F05D03B
:101960000FB1641E00E05446CBF80040B9F1000FFF
:1019700006D0FFF737F902210160C81EBDE8F09FCD
:1019800048EA0640FAE700002DE9F047814616468E
:101990008AB0354878440DC88DE80D003248784447
:1019A000801C03AC0DC884E80D0041F69B30084450
:1019B000372190FBF1F290FBF1F5A5F1800501FBD9
:1019C00012041B3C02D56442012000E00020DFF835
:1019D00098A080460027FA44AAF1BE0A0EE0E0076C
:1019E0000AD03246684607EB470101230AEB810122
:1019F00001F0C6F88DE8070064107F1C002CEED1C2
:101A0000194F7F44AE3F19E0E80715D007EB0410EB
:101A10000DF1180A90E80E008AE80E00C068F04246
:101A200001D1981908903246012306A903A801F0B4
:101A3000A7F803AB83E807006D10641C002DE3D109
:101A40004FF0010332466946B8F1000F03A802D0F7
:101A500001F06CF801E001F093F8C9E90001C9F860
:101A600008200AB0BDE8F087BC84000010B500F083
:101A7000D3FABDE8104000F0CABA30B503461D786D
:101A80001DB10A4603E0AC4201D1181A30BD12F86C
:101A9000014B002CF7D15B1CF1E730B503461D78F4
:101AA0003DB10A4612F8014B1CB1AC42FAD15B1CA5
:101AB000F5E7181A30BD70477546FFF7ABFCAE4628
:101AC00005006946534620F00700854618B020B54A
:101AD000FEF7DAFBBDE820404FF000064FF00007AC
:101AE0004FF000084FF0000B21F00701AC46ACE8C6
:101AF000C009ACE8C009ACE8C009ACE8C0098D4633
:101B0000704700002DE9FF4F06468BB00878FF288C
:101B100006D0491C2D2805D000244FF0000908E00C
:101B200000200CE00124F8E709EB8903491C00EBD5
:101B300043090878FF28F7D114B1C9F100008146A4
:101B4000107800252C46AA4629462D2801D02B289E
:101B500004D1521C2D2813D0002082468B461078C9
:101B6000FF280FD04FF0000C0A21521CA5FB017872
:101B700004FB018105FB0C11C5194BEB0104EEE7D9
:101B80000120EAE7002108464FF00000BAF1000FFB
:101B900002D000EB80004008C0F38157012F01DD27
:101BA0004FF0FF370E9955EA040009EB01080BD0FE
:101BB0004FF0020918F5FA7F16DA4FEACA70002FC3
:101BC000706008DD012007E04FEACA70C6E900B086
:101BD0000FB0BDE8F08F00203060FFF703F8C0F8C9
:101BE00000901821084616E0B8F5FA7F18DD002F9E
:101BF00002DAF748784401E0F6487844D0E900106A
:101C0000C6E9001040EACA707060FEF7EBFFC0F84A
:101C10000090142108460FB0BDE8F04F07F0F2BF66
:101C2000002108464FF00000B8F10001099002DAE7
:101C3000C7F1000200E03A4601DAC8F1000106A847
:101C4000FFF7A2FE06AB93E8070003AB83E80700AB
:101C500044F23E005BEA04010090584604D144F28D
:101C60001E012C465D460091210C0904014306D15A
:101C70000099240444EA15442D041039009104F01D
:101C80007F41014306D10099240244EA15642D02E4
:101C90000839009104F07041014306D100992401F4
:101CA00044EA15742D01091F009104F040410143DD
:101CB00006D10099A40044EA9574AD00891E0091F4
:101CC00004F00041084304D100986D196441401E9E
:101CD00000904FF001033A466846B8F1000FCDE995
:101CE000014503A902DD00F060FF01E000F033FFD1
:101CF000BAF1000F04460D4601D084F000440021E3
:101D000008464FF00000099940F2FF77484010F074
:101D10000C0F07D124F00040284303D0C4F30A502D
:101D2000B84212D1FEF75EFFC0F80090C4F30A502B
:101D3000B8420AD1A8487844D0E90010C6E900109A
:101D400004F000410843706042E7C6E900543FE7F1
:101D50002DE9FF4F1F464FF0000A4FF0FF38454670
:101D600091B0D7E90146CDF83CA0FFF757FBC0681A
:101D70000168405C1090B96912986D1C8847396AF7
:101D8000814688470028F6D1B9F1FF3F0AD0002EDE
:101D900024F4D06411DDB9F12B0F08D0B9F12D0F67
:101DA0000BD102E0404615B013E744F48064B969F2
:101DB00012986D1C8847761E8146600504A901D5DE
:101DC0002D2000E02B20002E01F1010B0DF1300839
:101DD0008DF810003FDDB9F1690F08D0B9F1490F56
:101DE00005D0B9F16E0F02D0B9F14E0F1CD13B46B0
:101DF00001A8009580E85002DDE912126FF00200A0
:101E000007F069FFC11CCED10EE0B96912986D1CB4
:101E1000884781461398761E44F4007405600F9835
:101E2000401C002E0F9016DDB9F1300FEDD0B9F146
:101E3000780F02D0B9F1580F0DD10F9801280AD1AF
:101E40003B46CDE90054DDE91212001F029607F06F
:101E500040FFC11CA7D1109989453ED144F08004B0
:101E600006E01399681CAAF1010A44F400740860A2
:101E7000B9696D1C1298761E884730288146F0D0CB
:101E80002BE01099894505D1200603D4761E44F035
:101E9000800418E0484605F0D4FA08B3761E0DF128
:101EA00023018B4544F4007408D2A9F130000BF8EB
:101EB000010B200607D5AAF1010003E0200602D499
:101EC0000AF101008246A00502D51399681C08603A
:101ED000B96912986D1C88478146002ED1DC53E009
:101EE000002E51DDB9F1650F02D0B9F1450F4BD18C
:101EF000A00549D5B9696D1C1298761E24F440746A
:101F00008847002E81460CDD2B2804D0B9F12D0F17
:101F100007D144F48074B96912986D1C8847761E05
:101F20008146E00501D52D2100E02B2108F8011B99
:101F3000CDF8008021E0761E0DF13901884544F48A
:101F400000740CD2A9F1300010F0FF0088F80000F6
:101F500002D10099884509D908F1010806E0E00599
:101F600001D51E4801E042F20F708246B96912980D
:101F70006D1C8847814613980560002E04DD484695
:101F800005F05FFA0028D6D1F96912988847FF203A
:101F900053468BF8000088F8000000200A900B9050
:101FA00004AA0CA90AA8FFF7ADFDA00502D46FF0A2
:101FB0000100F8E614F0240F12D0E0071CD13868B5
:101FC000DDE90A12031D3B600068C0E9001213E05E
:101FD000DC860000CE86000092850000F1D8FFFF6D
:101FE0000AA9684605F0BCF9E00705D13868009AEF
:101FF000011D3960006802602846D4E610B5044629
:10200000AFF300802046BDE81040FEF7DCB80028A2
:1020100001D000F069B8704710B5012805D0002143
:1020200003A000F067F8012010BD09A1F8E7000047
:1020300053494752544D454D3A204F7574206F66B1
:102040002068656170206D656D6F72790000000019
:102050003A2048656170206D656D6F727920636FFD
:1020600072727570746564004FF0013C50F8042B77
:1020700051F8043B9A4221D1A2EB0C03934313EA9B
:10208000CC1317D150F8042B51F8043B9A4215D1C8
:10209000A2EB0C03934313EACC130BD150F8042B9F
:1020A00051F8043B9A4209D1A2EB0C03934313EA83
:1020B000CC13DBD04FF00000704700BFD01A01BA3C
:1020C000B1FA81F101F0180122FA01F0CB40C1F11F
:1020D0002001DBB2C0B2C01A2CFA01F3D11A91432D
:1020E00011EAC311E6D1704701491820ABBEFEE7E3
:1020F0002600020070B505460C460A2000E06D1C63
:1021000000F011F835B128780028F8D102E0641CFD
:1021100000F009F814B120780028F8D1BDE870402B
:102120000A20AFF3008008B569468DF8000003204F
:10213000ABBE08BD2DE9FF4F1F464FF03C0987B0ED
:102140004FF00042DDE9141001F10108DDF858A05C
:1021500002EA40500390002005908346054604465D
:102160000490B969461E08988847AAF1010A0290AE
:10217000BAF1000F3BDD02982E2815D01021FFF791
:1021800058F800282EDB4FF0010B0599014317D0BA
:10219000B9F1000F0BDB4A46C11700F0F5F9054312
:1021A0000C43A9F1040905E0012004900BE008B1FB
:1021B00045F0010501200590049820B9361D02E084
:1021C000049800B1361FB969089808F101088847DA
:1021D000BBF1000FAAF1010A0290C9D00999C1F818
:1021E0000080C5E70298702808D0502806D0F96909
:1021F00008988847BBF1000F14D04FE000200290F0
:102200000120BBF1000F049009D0B969089808F1CA
:1022100001088847AAF10109B9F1000F07DCF96943
:10222000089888476FF001000BB0BDE8F08F2B28AD
:1022300004D02D280CD14FF0FF300490B9690898D4
:1022400008F101088847A9F10109B9F1000FE6DD9D
:10225000411CE4D00A21FEF7ECFF0028DFDB0299E5
:1022600008F1010801EB810100EB41000290B9691E
:10227000089888470A21FEF7DCFF099AA9F10109AD
:10228000B9F1000FC2F8008001DD0028E7DAF96932
:10229000089888470499029800FB016655EA0400F3
:1022A00004D004F04041090002D006E0039898E011
:1022B000A40044EA9574AD00B61E04F00041080085
:1022C00002D16D196441761E159810F0240F03D0C9
:1022D0004FF00B095C4803E04FF028096FF07D00D8
:1022E0008246564507DAAAEB06018944B9F1410F47
:1022F00001DD4FF0410901200021A9F1010200F0A8
:1023000043F9024628400B462140084301D00121F1
:1023100000E00021501E029143F1FF31284021408E
:10232000084301D0012000E000200299834651EAD1
:102330000B014FD0002108464FF00000039900F434
:10234000400039B100EB80004FF4400100EBD07049
:1023500001EA60008015012802DD4FF0FF3000E047
:1023600013D0401C36D0029860B3BBF1000F0CD1E3
:102370004A460120002100F007F928402140084387
:1023800001D0012000E00020E0B101204A460021F8
:1023900000F0FAF8034640190A4661412D1A8C41B3
:1023A00011D3B9F1400F09DD159810F0240F02D0B8
:1023B000AAF1340603E0AAF1170600E0761C002516
:1023C0004FF0004406E05B1E42F1FF3220EA0305B5
:1023D00021EA0204CAF10100B04206DA1B4903985F
:1023E00008430190002000900EE0039AC4F3D3212B
:1023F000E80A0A43164940EA44500A433146CDE907
:102400000002684605F012F8159810F0240F0BD062
:102410001598C00715D13868DDE90012031D3B602F
:102420000068C0E900120CE002A8694604F098FFB9
:102430001598C00705D13868029A011D39600068F7
:1024400002604046F0E6000002FCFFFF0000F07F63
:102450000000F03F2DE9FF4F92461D4685B04FF03A
:102460000041DDE9124BDDE914727F1E01EA4B5099
:10247000414940F0FF4940EA0108002122F02000D4
:102480004928049102D04E2828D04CE03BA00126D8
:1024900007C88DE80700A9690698641C88477F1E55
:1024A000014606D41DF8060018B121F02001814232
:1024B0000BD0E96906988847032E34D0082E32D015
:1024C0006FF0010009B0BDE8F08F761C032E01D03B
:1024D000082EE0D1601CCAF80000DCE7A969069864
:1024E000641C88477F1E2AD420F02000412826D172
:1024F000A9690698641C88477F1E20D420F020001C
:102500004E281CD1A9690698641C88477F1E48F490
:10251000002849F48009CAF8004001D4282806D0D0
:10252000E969069888475FEACB7012D022E0A96972
:102530000698641C88477F1E01D4002803DAE969E5
:1025400006988847BCE72928F1D1641CCAF80040E6
:10255000E9E71BF0240F07D028680499031D2B60BE
:102560000068C0E9001805E02868021D2A600068BC
:10257000C0F800902046A5E70000F07F494E46498C
:102580004E49545900000000B2F120030AD5C2F1AF
:10259000200301FA02F120FA03F300FA02F041EA03
:1025A0000301704700FA03F14FF0000070475FEA43
:1025B000400C08BF91F0000F4FEA8C234FEAC12274
:1025C00043EA51514FEA1C5018BF00F5F0404FEA62
:1025D000300018BF41F000415FEA6C5C00F02980D8
:1025E000BCF1FF3F08BF40F080407047130C06BFAE
:1025F00012044FF0100C4FF0000C130E04BF120227
:102600000CF1080C130F04BF12010CF1040C930F12
:1026100004BF92000CF1020CD30F04BF52000CF166
:10262000010C11464FF00002A0F11F00A0EB0C00BE
:10263000704711F0004F08BF704731F000413FF480
:10264000D5AF0B0C06BF09044FF0100C4FF0000C77
:102650000B0E04BF09020CF1080C0B0F04BF09019B
:102660000CF1040C8B0F04BF89000CF1020CCB0F92
:1026700004BF49000CF1010CCCF12003A0EB0C00CD
:1026800022FA03F302FA0CF241EA030100F101001D
:10269000704720F07F4C80EA030023F07F47ACEBCB
:1026A000070303F57C5300F0004003F1FF032DE91D
:1026B00080494FEA154B09B44FEA144325EA0B4E03
:1026C00024EA03480FF2042606EB132749083E7854
:1026D0005FEA320203FB0667C7F5000707FB06F651
:1026E0004FEA54374FEAD64606F1020607FB066C5E
:1026F000CCF1005C4FEA1C472CEA074C07FB06F4C0
:102700000CFB06F504EB15464FEA961634BF002085
:102710004FF000404FEAD13706FB07FC4FEA1C4C54
:102720000CFB0BF7D21B03FB0CF761EB07010CFB57
:102730000EF7B0EB074072EB17420CFB08F734BF03
:10274000A2EB0742B2EB074261EB17414FEA0C44A0
:102750004FEA910706FB07FC4FEA1C4C0CFB0BF7FA
:10276000B0EBC74072EB573203FB0CF734BFA2EB60
:10277000C742B2EBC74261EB57310CFB0EF7B0EB2F
:10278000C70072EB57720CFB08F734BFA2EBC7020D
:10279000B2EBC70261EB5771039F4FEA816141EAD7
:1027A000921104EBCC044FEAD1374FEA826206FB68
:1027B00007FC42EA90124FEA80604FEA1C4C0CFB87
:1027C0000BF7D21B03FB0CF761EB07010CFB0EF7B9
:1027D000B0EB074072EB17420CFB08F734BFA2EBDB
:1027E0000742B2EB074261EB17414FEA8C554FEAC3
:1027F000910704EB9C2406FB07FC4FEA1C4C0CFBE6
:102800000BF7B0EBC74072EB573203FB0CF734BF4A
:10281000A2EBC742B2EBC74261EB57310CFB0EF79C
:10282000B0EBC70072EB57720CFB08F734BFA2EB9A
:10283000C702B2EBC70261EB577115EB4C254FEAAB
:10284000816141EA92114FEA82624FEAD13742EA4E
:10285000901206FB07FC44F100044FEA80604FEA47
:102860001C4C0CFB0BF7D21B03FB0CF761EB0701B5
:102870000CFB0EF7B0EB074072EB17420CFB08F7AE
:1028800034BFA2EB0742B2EB074261EB174115EBF5
:102890001C154FEA813141EA92414FEA823242EA05
:1028A00090424FEA80304FEA0C7644F1000448EA47
:1028B00003434EEA0B484FF0000EB2EB080C71EBED
:1028C000030724BF624639464EEB0E0E4FF0000B55
:1028D0000018524149414BEB0B0BB2EB080C71EB6A
:1028E00003077BF1000B24BF624639464EEB0E0E08
:1028F0004FF0000B0018524149414BEB0B0BB2EB70
:10290000080C71EB03077BF1000B24BF62463946CC
:102910004EEB0E0E51EA020718BF46F0010616EB09
:102920000E7655F1000254F1000103D5BDE889018E
:10293000BDE80088BDE88901BDE80048B6195241EC
:1029400041EB0101A3F10103704780807F7E7D7C14
:102950007B7A7978777676757473727171706F6E31
:102960006E6D6C6C6B6A6A696868676666656464DC
:10297000636362616160605F5F5E5E5D5D5C5C5B66
:102980005B5A5A59595858575756565555555454D5
:10299000535352525251515050504F4F4F4E4E4D33
:1029A0004D4D4C4C4C4B4B4B4A4A4A49494948487F
:1029B00048474747474646464545454444444443BF
:1029C00043434342424242414141000046EA0646F7
:1029D000A3F570534FEA164646EA42564FEAD22212
:1029E00042EA415210B54FEAD121A3F1010300F0B0
:1029F0002FF820F0004000F1020C00F0004701EB3E
:102A000000501146BCF5006F40EA070000D210BD2F
:102A1000BAF1000F0AD01CB503B44FF004004FF018
:102A200004014FF000000FBCBDE810404FF0000162
:102A3000BBF1010FB9BF04484FF0FF31034800213B
:102A400040EA070010BD00BFFFFFEF7F0000F07FEE
:102A5000002B9C4630D477002BD01CB54FEA3707AB
:102A600003B44FF010004FF01001BAF1000F06D080
:102A7000BCF1000FDCBF40F0080040F008014FF04F
:102A800000000FBCBDE810400BF1010BBBF1010FC2
:102A900008BF5FEA170722BF12F1010211F101011D
:102AA0004FF0004143F1000300F0004043EA000012
:102AB0007047F9D35708D0E746EA064613F1400FAE
:102AC0004FEA16461FDD13F1200FDFBF16430A46FB
:102AD000002120335B42BED0C3F1200746EA064600
:102AE00002FA07F74FEA164646EA0706C3F120073F
:102AF00022FA03F201FA07F721FA03F14FF000037B
:102B000042EA0702A7E746EA020646EA06464FEA15
:102B1000164646EA0106BCBF46EA0646360C4FF0AA
:102B200000034FF000024FF0000194E72DE9804CC4
:102B30009A46934670B491E8380007C831EA400CD1
:102B400048BF34EA430C03D5FFF7A3FDFFF780FF2E
:102B5000F0BCBDE8008C2DE9804C9A46934670B4D9
:102B600091E8380007C831EA400C48BF34EA430C0A
:102B700003D5FFF78EFDFFF729FFF0BCBDE8008C01
:102B80002DE9804C9A46934670B491E8380007C806
:102B900010F0804F08BF13F0804F03D100F01AF8F7
:102BA000FFF756FFF0BCBDE8008C2DE9804C9A463B
:102BB000934670B491E8380007C810F0804F08BF02
:102BC00013F0804F03D100F005F8FFF7FFFEF0BCD3
:102BD000BDE8008C20F07F4780EA030023F07F4CA3
:102BE00007EB0C03A3F57C5300F00040A3F1FE03B8
:102BF00092F0000F00F0B38095F0000F00F07780A6
:102C00002DE901494FEA11404FEA144621EA0048F4
:102C100000FB06FC24EA064708FB06F607FB08F85B
:102C200000FB07F718EB06484CEB164C4FEA124B2B
:102C300018EB07484FEA15464CEB174022EA0B4EBB
:102C40000BFB06FC25EA06470EFB06F607FB0EFE0D
:102C50000BFB07F71EEB064E4CEB164C4FF0000635
:102C60001EEB074E4CEB174B18EB0B0840F1000026
:102C700018EB0E0B58EB000840F100008F1A4FF0D4
:102C800000013CBFC943661B14BFB5EB040C002117
:102C90003CBFC943F61B4FEA17444EEA8E0E27EAA3
:102CA00004454FEA1C4704FB07622CEA074C05FB6E
:102CB00007F70CFB05F604FB0CFC16EB074642EB92
:102CC000174216EB0C4642EB1C421BEB060658EB78
:102CD0000202414146EA9E0601D5BDE80189B619C6
:102CE000524141EB0101A3F10103BDE801894FEA23
:102CF00014454FEA114724EA054621EA074C05FB33
:102D000007F406FB07F70CFB06F105FB0CFC11EBC7
:102D1000074144EB17444FEA124711EB0C4144EBD7
:102D20001C4422EA074C05FB07F206FB07F70CFBE5
:102D300006F605FB0CFC16EB074642EB174216EBBA
:102D40000C4642EB1C456A1854F1000148BF70471D
:102D5000B619524141EB0101A3F10103704795F00F
:102D6000000F37D04FEA11424FEA144721EA0246DA
:102D700024EA074C02FB07F106FB07F70CFB06F4FD
:102D800002FB0CFC14EB074441EB17414FEA1547DB
:102D900014EB0C4441EB1C4125EA074C02FB07F500
:102DA00006FB07F70CFB06F602FB0CFC16EB0746CE
:102DB00045EB174516EB0C4645EB1C42121951F139
:102DC000000148BF7047B619524141EB0101A3F120
:102DD000010370474FEA14454FEA114724EA0546BC
:102DE00021EA074C05FB07F106FB07F70CFB06F28F
:102DF0004FF0000605FB0CFC12EB074241EB1741BC
:102E000012EB0C4251EB1C4148BF7047921841EB4A
:102E10000101A3F101037047014800F0C1B90000AE
:102E20002C13002070B5044600688168C943C907A7
:102E300017D1816821F00101816000F067FD05462E
:102E40000AE000BF00F062FD401B022804D92068A0
:102E50008068C043C00706D020688068C043C007B0
:102E6000F0D0002070BDA06A40F01000A062E06ABF
:102E700040F00100E062012070BD0000F8B50026BE
:102E80000446009600688168C943C9072DD081684F
:102E900041F001018160164816490068B0FBF1F06D
:102EA00000E0401E00900028FBD100F02FFD0546F9
:102EB00016E000BF00F02AFD401B022810D9206850
:102EC0008068C043C0070BD0A06A40F01000A06229
:102ED000E06A40F00100E06284F824600120F8BD5F
:102EE00020688068C043C007E4D10020F8BD00001E
:102EF000A800002040420F0010B500F057F8064827
:102F000000F02CFB4FF47A71034800F089FABDE819
:102F10001040014800F041B92C13002010B500F01A
:102F200057F8064800F01AFB4FF47A71034800F096
:102F300077FABDE81040014800F02FB92C130020AB
:102F400010B500F057F8064800F008FB4FF47A710E
:102F5000034800F065FABDE81040014800F01DB9D3
:102F60002C13002010B500F057F8064800F0F6FAD0
:102F70004FF47A71034800F053FABDE8104001485D
:102F800000F00BB92C13002010B500F057F80648DC
:102F900000F0E4FA4FF47A71034800F041FABDE81A
:102FA0001040014800F0F9B82C1300200EB50020A5
:102FB000009001200190052002906946034800F02E
:102FC0006DF8002801D000F064F80EBD2C1300202D
:102FD0000EB507200090012001900520029069465F
:102FE000034800F05BF8002801D000F052F80EBD55
:102FF0002C1300200EB50820009001200190052020
:1030000002906946034800F049F8002801D000F01A
:1030100040F80EBD2C1300200EB5092000900120B1
:103020000190052002906946034800F037F8002817
:1030300001D000F02EF80EBD2C1300200EB501209B
:1030400000900190052002906946044800F026F89F
:10305000002801D000F01DF80EBD00002C13002048
:10306000FEE70000084810B5007828B101231A4691
:103070000549064801F08CFEBDE8104001220249D6
:10308000024801F035BE0000650000201814002041
:10309000704700F0F9FC72B6FEE77047F8B50024FF
:1030A000009490F824202546012A12D0012280F8AD
:1030B00024204A681F23072A0DD20668776B521E08
:1030C00002EB820293409F430B6893401F43776358
:1030D00019E00220F8BD06680D2A0AD2376BD21F0C
:1030E00002EB820293409F430B6893401F43376378
:1030F00009E0F76A0D3A02EB820293409F430B68A6
:1031000093401F43F7620A68072306680A2A0AD316
:10311000F7680A3A02EB420293409F438B68934060
:103120001F43F76008E0376902EB420293409F4378
:103130008B6893401F4337610A68102A01D0112A17
:1031400020D1124B02689A4217D193681B0219D4FE
:10315000936843F4000393600968102912D10C4965
:103160000C4A0968B1FBF2F101EB8101490000E072
:10317000491E00910029FBD104E0816A41F0200141
:103180008162012480F824502046F8BD00240140CB
:10319000A800002040420F0070470068C06C7047D4
:1031A00010B5044600684168890626D5016889077C
:1031B00023D5A16AC90603D4A16A41F40071A162B2
:1031C0008168C1F34241072910D1217B71B941685F
:1031D00021F020014160A06A20F48070A062A06A02
:1031E000C00403D4A06A40F00100A0622046FFF7AB
:1031F000D3FF21686FF0120008602068416809065B
:103200002ED5016849072BD5A16AC90603D4A16A46
:1032100041F40051A1628168C1F30231072909D04C
:103220004168490515D48168C1F34241072910D18D
:10323000217B71B9416821F080014160A06A20F4CE
:103240008050A062A06AC00503D4A06A40F00100CB
:10325000A0622046FFF721FF21686FF00C00086094
:103260002068416849060DD50068C0070AD0A06AE9
:1032700040F48030A062204600F094F821686FF09E
:103280000100086010BD00002DE9F0414FF000077B
:1032900004003D467ED0A06A002628B9E66284F884
:1032A0002460204600F080F82046FFF7BBFDA16AAD
:1032B000C90600D420B1A06A40F01000A06269E005
:1032C000A16A21F4885141F00201A1626268E169BA
:1032D000237B0A4347EA43010A43A1684FF48077FE
:1032E000B94209D0012907D05FF0000194F814C059
:1032F000BCF1010F02D00AE03946F7E7F3B1A36A47
:1033000043F02003A362E36A43F00103E36223680E
:10331000D3F804C02CF4694C4CEA010CC3F804C087
:1033200021688B68DFF870C003EA0C0313438B60DD
:10333000A168B9420BD0012909D00CE0DFF85CC0CC
:10334000A3690CEB43330B4343F40061DFE7218AAD
:103350000D05A5F580152168CB6A23F470032B4376
:10336000CB62216889680E4B1940914208D1E66210
:10337000A16A21F0020141F00101A162BDE8F081E2
:10338000A06A20F0020040F01000A062E06A40F065
:103390000100E0620120F1E7FDF7E1FF00E0FFFF3F
:1033A000FE0E1FFF7047000010B586B0002100918F
:1033B00001910291039100681549884226D1154870
:1033C000816941F400718161816901F400710491A6
:1033D000816941F004018161816901F00401049176
:1033E000816941F0080181618069032400F00800CF
:1033F0000490B320CDE900046946074800F090F935
:10340000009469460548019400F08AF906B010BDA1
:10341000002401400010024000080140000C01405F
:103420002DE9F84300270D460446009700F06EFA98
:10343000804620688168C90508D5A06A40F0200050
:10344000A06284F824700120BDE8F8834168C905B2
:1034500003D4C06A10F4700F2AD0022000F026FBBB
:103460003B490968B1FBF0F62068036939490B4212
:103470004FEA61014FEAA1121FD1C3684FEA611CF4
:1034800013EA0C0F19D103690B4225D1C068104211
:1034900022D1142023E0681C0AD02DB100F036FAA6
:1034A000A0EB0800A84203D920680068800725D552
:1034B000206800688007EED52DE003690B4202D139
:1034C000C168114206D0026923490A4206D1C06888
:1034D000084203D1542002E0292000E0FC204643AA
:1034E000009816E0681C11D02DB100F00FFAA0EB87
:1034F0000800A8420AD90098B04207D2A06A40F05A
:103500000400A06284F8247003209DE70098401C0A
:103510000090B042E6D321686FF012000860A06A04
:1035200040F40070A06220688068C0F34240072821
:103530000CD1207B50B9A06A20F48070A062A06AF0
:10354000C00403D4A06A40F00100A06200207BE721
:10355000A8000020244992244992240070B5044612
:1035600090F8240001280DD0012084F82400204682
:10357000FFF784FC02004FF0000005D084F824001F
:10358000104670BD022070BDA16A40F2012399432C
:1035900041F48071A1621F4D23681F49AB4218D1CD
:1035A0000E6816F4702F14D0A66A46F48016A66230
:1035B0000E68760505D5A66A26F4005646F48056B0
:1035C000A662A66AF6040AD5E66A26F00606E66250
:1035D00006E0A66A26F48016A6625E68E9E7E06265
:1035E00084F824006FF00200186020688368C3F339
:1035F0004243072B05D1A84208D1096811F4702F66
:1036000004D0816841F480118160B9E7816841F498
:10361000A001F9E7002801400424014010B590F80A
:1036200021100022022905D00421816380F8202086
:10363000012010BD01680B6823F00E030B600168C8
:103640000B6823F001030B6090F84030C46B01213C
:1036500001FA03F3636080F8211080F820201046FF
:1036600010BD000010B590F821100024022903D0ED
:103670000421816301243DE001680A6822F00E0202
:103680000A6001680A6822F001020A601A4A0168A9
:10369000914201D1012121E0174A1432914201D116
:1036A00010211BE0144A2832914201D1891515E0FE
:1036B000114A3C32914201D189140FE00E4A503236
:1036C000914202D14FF4803108E00B4A64329142BA
:1036D00002D14FF4801101E04FF08071064A083AA0
:1036E0005160012180F82110002180F82010416BE9
:1036F00001B18847204610BD0800024070B504465D
:1037000000F004F90546601C02D004480078044427
:1037100000F0FCF8401BA042FAD370BD9C000020D2
:103720002DE9F84FDFF8B891002409F1040A0AF1F5
:10373000040B23460F270BF1040EC9E00125A54019
:103740002A40AA427DD1674ED1F804C0ACEB0608EE
:10375000B44532D014DCBCF1030F3AD009DCBCF123
:10376000000F2AD0BCF1010F1CD0BCF1020F31D1E7
:103770001DE0BCF1110F17D0BCF1120F2AD119E0D6
:10378000B8F5881F19D006DCB8F5803F15D0B8F51C
:10379000801F1FD111E0B8F5001F0ED0B8F5041F2F
:1037A00018D10AE0CB6815E0CB681B1D12E0CB688E
:1037B00008330FE0CB680C330CE08B682BB1012B86
:1037C0004FF0080303D0456104E0042302E00561E3
:1037D00000E00023FF2A01D8064601E000F10406BC
:1037E0004FEA840501D9A5F12005D6F8008007FA33
:1037F00005FC28EA0C0803FA05F548EA0508C6F8AE
:1038000000804D68ED0062D5374DAE6946F0010687
:10381000AE61AD6924F0030605F001050095334D56
:1038200006EB050CDCF80850A607360F07FA06F879
:1038300025EA0805DFF8B880404503D14FF00008BD
:1038400017E044E0DFF8AC80404502D14FF00108BA
:103850000FE0DFF8A480404502D14FF0020808E0F5
:10386000DFF89880404502D14FF0030801E04FF0A7
:10387000040808FA06F848EA0508CCF808804D68FC
:10388000D9F80060ED034D4601D5164300E096439C
:103890002E604D68DAF80060AD03554601D5164339
:1038A00000E096432E604D68DBF80060ED025D4657
:1038B00001D5164300E096432E604D68DEF80060A7
:1038C000AD02754601D5164300E096432E60641C98
:1038D0000D682A46E5407FF431AFBDE8F88F00005F
:1038E00000040140000011100010024000000140DF
:1038F00000080140000C014000100140001401408C
:103900000AB1016170470904FBE7000001488068C3
:10391000704700009C000020024881680278114432
:10392000816070479C000020074810B5016841F095
:1039300010010160032000F095F8002000F006F867
:1039400000F03EF8002010BD0020024000B5014606
:1039500087B00022192000F065F8192000F054F813
:103960001348816941F400618161806905A900F40F
:1039700000600690684600F009FA00F037FA0D4939
:103980000D4AB0FBF1F10D48491E0260416040F262
:10399000E7320021C0E90321816000F0EAFE10B1A6
:1039A000012007B000BD054800F012FFF9E7000054
:1039B0000010024040420F00002C0140A0140020E3
:1039C0000F4808B5816941F001018161816901F009
:1039D00001010091C16941F08051C161C0690022BB
:1039E00000F0805000900F21901E00F01BF8054859
:1039F000416821F0E06141F00071416008BD0000C4
:103A00000010024000000140002809DB00F01F0206
:103A1000012191404009800000F1E020C0F8001130
:103A200070470000F0B40E4B1B680C46C3F3022332
:103A3000C3F10705042D00D90425191D072901D25A
:103A4000002300E0DB1E012606FA05F1491E214095
:103A500099409E40761E16403143F0BC03F05BBC9B
:103A60000CED00E0064900F0070208684FF6FF037E
:103A7000184040EA0220034A1043086070470000E3
:103A80000CED00E00000FA05BFF34F8F0548016818
:103A9000054A01F4E06111430160BFF34F8F00BF9D
:103AA000FDE700000CED00E00400FA0510B529A4C4
:103AB00001461DCC86B08DE81D002AA02A4C006866
:103AC00004900020012923D002293AD010291DD1C9
:103AD00061682268D20119D5C1F38342C9031DF878
:103AE000020009D5616804AAC1F34041515C1F4A34
:103AF000B2FBF1F1484301E01D49484361684902C6
:103B000004D440005FF00301B0FBF1F006B010BD3B
:103B1000226AC2F30121012903D1920701D5C8030A
:103B2000F4E7022905D1626A920702D549F64040BE
:103B3000ECE70329EAD121688903E7D54FF2244055
:103B4000E4E700F053F96168C1F38131491C490091
:103B5000DAE7000002030405060708090A0B0C0D4A
:103B60000E0F1010010200000010024000127A0037
:103B700000093D002DE9F84305460078354CC007A3
:103B800054D0E0690026C00008D4E06940F08050BD
:103B9000E061E069012600F0805000902E48016845
:103BA000C90512D40168804641F480710160FFF7B5
:103BB000ADFE074605E000BFFFF7A8FEC01B642866
:103BC00023D8D8F80000C005F6D5206A10F440705C
:103BD00021D0A98801F4407181421CD0206A1F497C
:103BE000012220F440700A6000220A602062C007AF
:103BF00011D0FFF78BFE074641F2883808E000BF7E
:103C0000FFF784FEC11B414502D90320BDE8F883BC
:103C1000206A8007F4D5206A696820F44070084360
:103C200020621EB1E06920F08050E06128788007B2
:103C300005D56068A96820F4404008436060287892
:103C4000C00605D56068E96820F48000084360601C
:103C50000020DBE7001002400070004040044242B8
:103C60002DE9F0470F46050061D0434E306800F063
:103C70000700B84209D2306820F0070038433060AE
:103C8000306800F00700B84251D128683B4C8107EA
:103C900012D5400703D5606840F4E0606060287882
:103CA000000703D5606840F4605060606068A968F0
:103CB00020F0F000084360602878C00728D06868CA
:103CC000012810D02168022810D0890700292EDA97
:103CD000616821F0030101436160FFF717FE804630
:103CE00041F288390DE021688903EFE78901EDE7AA
:103CF000FFF70CFEA0EB0801494502D90320BDE8FF
:103D0000F0876068696800F00C00B0EB810FEFD1BC
:103D1000306800F00700B8420BD9306820F0070087
:103D200038433060306800F00700B84201D001200D
:103D3000E5E72878400705D56068E96820F4E06089
:103D4000084360602878000706D56068296920F478
:103D5000605040EAC100606000F058F86168084AAD
:103D6000C1F30311515CC840064908600648006869
:103D7000FFF7ECFD0020C2E70020024000100240E7
:103D8000989D0008A8000020A00000200F220260DB
:103D90000C4A536803F003034360536803F0F003D5
:103DA0008360536803F4E063C36052684FF4E063D8
:103DB00003EAD20202610448006800F007000860CC
:103DC00070470000001002400020024004480549EE
:103DD00000684968044AC1F30221515CC840704739
:103DE000A800002000100240A89D000804480549D2
:103DF00000684968044AC1F3C221515CC840704759
:103E0000A800002000100240A89D000812A185B063
:103E10000FC98DE80F0014A0144A0068049051687F
:103E2000134801F00C03042B10D0082B0ED1C1F362
:103E30008343C9031DF803000AD5516804AAC1F3DE
:103E40004041515C0A4A5043B0FBF1F005B0704765
:103E500008494843FAE70000020304050607080979
:103E60000A0B0C0D0E0F1010010200000010024092
:103E700000127A0000093D002DE9F84F040070D0CF
:103E80002078C04DC00749D06868C0F38100012880
:103E900007D06868C0F38100022809D16868C003B0
:103EA00006D52868800339D560680028E7D035E05A
:103EB0006068B0F5803F0BD010B1B0F5A02F11D0E5
:103EC000286820F480302860286820F4802002E0F0
:103ED000286840F480302860606890B1FFF716FDD4
:103EE00006460AE0286840F480202860F0E700BF1A
:103EF000FFF70CFD801B642873D828688003F7D572
:103F00000CE0FFF703FD064605E000BFFFF7FEFCEF
:103F1000801B6428F0D828688003F7D420789A4E54
:103F200080074FF001094FF0000839D5686810F09C
:103F30000C0F07D06868C0F38100022809D16868B7
:103F4000C00306D42868800714D52069012808D149
:103F500010E02069B0B1C6F80090FFF7D7FC074623
:103F600005E00AE1FFF7D2FCC01B0228C4D828688C
:103F70008007F7D52868616920F0F80040EAC100A1
:103F800028600DE0C6F80080FFF7C0FC074604E09B
:103F9000FFF7BCFCC01B022823D828688007F7D491
:103FA000207800072CD57948A169D9B1C0F80090D4
:103FB000FFF7ACFC074604E0FFF7A8FCC01B022893
:103FC0000FD8686A8007F7D571484FF4FA51006836
:103FD000B0FBF1F0009000BF0098411E0091FAD2B2
:103FE0000EE080E0C0F80080FFF790FC074604E098
:103FF000FFF78CFCC01B022875D8686A8007F7D4CD
:104000002078400760D5E8690027C00008D4E86937
:1040100040F08050E861E869012700F0805000908E
:104020005C480168C90513D40168834641F4807176
:104030000160FFF76BFC824606E000BFFFF766FCFD
:10404000A0EB0A0064284ED8DBF80000C005F5D5C7
:10405000E06801280AD008B1052813D0286A20F0AA
:1040600001002862286A20F0040002E0286A40F07B
:1040700001002862E06841F2883B98B1FFF746FCF6
:1040800082460BE0286A40F004002862EEE700BF99
:10409000FFF73CFCA0EB0A0159455AD8286A800773
:1040A000F6D50CE0FFF732FC824605E0FFF72EFC68
:1040B000A0EB0A0159454CD8286A8007F6D41FB1F5
:1040C000E86920F08050E861E06988B36968C1F36D
:1040D0008101022944D00228C6F8608004D0FFF78D
:1040E00015FC044638E034E0FFF710FC074604E016
:1040F000FFF70CFCC01B02282BD828688001F7D4DE
:10410000206AB0F5803F05D16868A16820F40030CE
:1041100008436860D4E908010843696821F4741110
:1041200008436860C6F86090FFF7F0FB044606E0BD
:1041300025E000BFFFF7EAFB001B022809D828682A
:104140008001F7D51BE000BFFFF7E0FB001B022852
:1041500002D90320BDE8F88F28688001F4D40EE06E
:104160000128F7D06868226A00F48031914204D1B6
:10417000616A00F47010884201D00120EAE7002053
:10418000E8E7000000100240000042428004424282
:10419000A80000200070004070B5040009D0606ADB
:1041A000002540B125616561A56294F8510040B1D8
:1041B0000CE0012070BD6068B0F5827FF4D0E5614D
:1041C000F2E784F85050204600F040F8022084F8CE
:1041D00051002068016821F040010160A088218918
:1041E00000F4827001F404410843A18901F40061E4
:1041F0000843217C01F002010843217D01F0010107
:104200000843218B01F400710843217F01F038013C
:10421000084394F8201001F080010843218D01F437
:104220000051084321680860A069042101EA104098
:10423000216848602068C16921F40061C161656539
:10424000012084F85100002070BD000030B585B019
:104250000024009401940294039400681749884252
:104260002AD11748816941F480518161816901F443
:1042700080510491816941F0080181618069114D8B
:1042800000F00800049028200090022001900320F4
:10429000039069462846FFF743FA1020CDE9000451
:1042A000694628460294FFF73BFA0748416841F007
:1042B000E06141F00101416005B030BD00300140D6
:1042C00000100240000C0140000001402DE9F84FB1
:1042D000044640680025984616460F464FF0040BEA
:1042E000B0F5827F01D1A06888B194F85000012810
:1042F00018D0012084F85000FFF708FB814694F89D
:1043000051004FF0000A01280ED0022582E084F807
:1043100051B013460A462046CDF8008000F036F929
:10432000BDE8F88F0220FBE7002F72D0002E70D07E
:1043300084F851B0C4F854A0A763A687E687C4F8F0
:1043400030A0A4F834A0A4F836A0C4F840A0C4F863
:1043500044A0A068B0F5004F09D12068016821F0A1
:10436000400101602068016821F4804101602068FB
:104370000168490603D4016841F040010160E0682A
:10438000D8B139E020688168C90709D0007BA16BEA
:104390000870A06B401CA063E08F401EE0870CE01B
:1043A000FFF7B4FAA0EB0901414503D3B8F1FF3F91
:1043B00003D036E0B8F1000F33D0E08F0028E1D110
:1043C0001DE020688168C90709D0C068A16B08801A
:1043D000A06B801CA063E08F401EE0870CE0FFF71D
:1043E00095FAA0EB0901414503D3B8F1FF3F03D093
:1043F00017E0B8F1000F14D0E08F0028E1D14A4651
:104400004146204602F072F808B120206065606DD8
:1044100000B10125012084F8510084F850A02846FD
:104420007EE70325F6E72DE9F84F044690F85000A3
:1044300000271D461646894601280DD04FF0010B76
:1044400084F850B0FFF762FA804694F85100BA46FB
:10445000012804D0022793E00220BDE8F88FB9F1CB
:10446000000F73D0002E71D0032084F85100C4F8DF
:1044700054A0C4F83090A686E686C4F838A0A4F804
:104480003CA0A4F83EA0C4F844A0C4F840A0A06892
:10449000B0F5004F09D12068016821F040010160AA
:1044A0002068016841F48041016020680168490684
:1044B00003D4016841F040010160E068B0F5006F8D
:1044C000606803D030B3012E24D041E008B1012E42
:1044D0001CD1206B21680088C86006E020688168D4
:1044E000890709D5216B0988C160206B801C206376
:1044F000E08E401EE08609E0FFF708FAA0EB080016
:10450000A84202D3681C01D031E07DB3E08E0028C0
:10451000E4D120E0206B21680078087306E0206871
:104520008168890709D5216B09780173206B401CCC
:104530002063E08E401EE0860AE0FFF7E7F9A0EB7B
:104540000800A84203D3681C02D010E017E06DB148
:10455000E08E0028E3D142462946204601F0F4FFD0
:1045600008B120206065A06818B106E0FFE70327C6
:1045700006E02068C16880680090606D00B1012786
:1045800084F851B084F850A0384666E72DE9F84F1A
:10459000044690F8500000270A9E1D4692468B461E
:1045A0004FF0010901280ED0012084F85000FFF7D8
:1045B000ADF9804694F85100616801280CD0B1F53E
:1045C000827F07D102E00220BDE8F88FA16809B917
:1045D000042801D00227C2E0BBF1000F27D0BAF1B6
:1045E000000F24D01DB394F85100042802D00520F8
:1045F00084F8510000206065C4F838A0E587A587DD
:10460000C4F830B0E586A58620646064206801683F
:10461000490603D4016841F040010160E068B0F54B
:10462000006F606805D0E8B3012D46D07FE0012718
:1046300095E008B1012D39D1206B21680088C86050
:10464000206B801C2063E08E401EE0862EE02068F8
:10465000816889070FD5E18E69B1B9F1010F0AD1DF
:10466000216B0988C160206B801C2063E08E401E96
:10467000E0864FF0000920688168C9070CD0E18FFF
:1046800051B1C068A16B0880A06B801CA063E08F53
:10469000401EE0874FF00109FFF738F9A0EB080052
:1046A000B04200E009E001D3701C50D1E08E002838
:1046B000CDD1E08F0028CAD13FE0206B216800787F
:1046C0000873206B401C2063E08E401EE0862EE0C5
:1046D0002068816889070FD5E18E69B1B9F1010FB2
:1046E0000AD1216B09780173206B401C2063E08E96
:1046F000401EE0864FF0000920688168C9070CD091
:10470000E18F51B1C068A16B0870A06B401CA06321
:10471000E08F401EE0874FF00109FFF7F7F8A0EBAC
:104720000800B04202D3701C01D010E07EB1E08ED0
:104730000028CDD1E08F0028CAD14246314620461C
:1047400001F002FF28B101272020606507E0032760
:1047500005E0A06818B92068C16880680090012051
:1047600084F85100002084F8500038462CE7704748
:10477000704710B5040003D094F83D0010B107E075
:10478000012010BD002084F83C00204600F01EF8F7
:10479000022084F83D00211D206802F045FC012024
:1047A00084F8460084F83E0084F83F0084F8400016
:1047B00084F8410084F8420084F8430084F84400FF
:1047C00084F8450084F83D00002010BD70470000CB
:1047D00090F83D10012901D001207047022180F896
:1047E0003D100168CA6842F00102CA6000680B49C6
:1047F000884208D0B0F1804F05D00949884202D0E4
:104800000849884204D1816801F00701062903D0D4
:10481000016841F00101016000207047002C014057
:104820000004004000080040704770B5044600686E
:1048300001694FF00005C943890715D4C168C94310
:10484000890711D4E91E0161012020772068806961
:104850008007204602D0FFF7E7FF04E000F098F859
:10486000204600F096F8257720680169C94349077A
:1048700017D4C168C943490713D46FF0040101611B
:10488000022020772068806910F4407F204602D003
:10489000FFF7CAFF04E000F07BF8204600F079F84B
:1048A000257720680169C943090716D4C168C9433F
:1048B000090712D46FF008010161042020772068F5
:1048C000C0698007204602D0FFF7AEFF04E000F089
:1048D0005FF8204600F05DF8257720680169C9433C
:1048E000C90617D4C168C943C90613D46FF01001B3
:1048F0000161082020772068C06910F4407F2046BD
:1049000002D0FFF791FF04E000F042F8204600F0EB
:1049100040F8257720680169C943C90708D1C168F3
:10492000C943C90704D1891E0161204600F032F84D
:1049300020680169C943090609D4C168C943090649
:1049400005D46FF0800101612046FFF710FF206859
:104950000169C943490609D4C168C943490605D458
:104960006FF040010161204600F01EF820680169E7
:10497000C94389060BD4C168C943890607D46FF0BF
:10498000200101612046BDE87040FFF7F1BE70BD17
:104990007047704700680349884201D1FEF7BCBFE9
:1049A00070470000002C01407047704770470000BE
:1049B000F8B5026804461068D168536910F00F0F0B
:1049C0004FF0000553D003F0010601F49077374310
:1049D0005FD0C20705D0CA0503D5226C42F00102A0
:1049E0002264420705D5DA0703D0226C42F00202A6
:1049F0002264820705D5DA0703D0226C42F0040254
:104A00002264020707D501F02002324303D0226C52
:104A100042F008022264226C002A34D0800604D5B9
:104A2000880602D5204602F055FB20684069216CBB
:104A3000C0F38010090700D430B3204602F032FBE7
:104A40002068416949061BD5416921F04001416157
:104A5000A06BA8B158494163A06BFEF703FE002884
:104A600011D0A06B416B01B0BDE8F0400847830650
:104A70000FD58B060DD52046BDE8F84002F02ABBC5
:104A80002046FFF793FFF8BD2046FFF78FFF256410
:104A9000F8BD266B2023012E52D1C60650D5CE0676
:104AA0004ED5106850680090506940062AD5A16B19
:104AB000086840680004000CEAD0A68D8642E7D959
:104AC000E0858869202818D0D06820F48070D060F4
:104AD0002068416921F0010141612068416921F0AC
:104AE0004001416184F83E3025632068C16821F0AF
:104AF0001001C160A06BFEF791FDA08DE18D401A01
:104B000081B219E0A08DE18D401A81B2E08D0028BC
:104B1000BED00029BCD0D06820F49070D06020684E
:104B2000426922F00102426184F83E302563206828
:104B3000C26822F01002C2602046FFF736FFF8BDBF
:104B400005062BD50D0629D594F83D002128F6D170
:104B5000A068B0F5805F01D12069B0B1206A411C26
:104B60002162216800784860E08C401E0004000C3F
:104B7000E084E4D12068C16821F08001C160206830
:104B8000C16841F04001C160F8BD206A0088C0F3EF
:104B900008005060206A801C2062E5E74006F3D5DB
:104BA0004806F1D5D168204621F04001D16084F853
:104BB0003D3000F046F9F8BD9570000870B504006E
:104BC00004D094F83D00002510B106E0012070BD2E
:104BD00084F83C50204600F023F8242084F83D005F
:104BE0002068C16821F40051C160204602F0CEFA6D
:104BF0002068016921F4904101612068416921F038
:104C00002A0141612068C16841F40051C1602564F6
:104C1000202084F83D0084F83E00002070BD000094
:104C200030B585B0002400940194029403942B4D78
:104C300003682B4802210322AB4222D1C36943F40B
:104C40000033C361C36903F400330493836943F001
:104C5000040383618069234D00F004000490042064
:104C6000CDE90001039269462846FEF759FD082068
:104C7000CDE90004694628460294FEF751FD05B0CF
:104C800030BD194DAB42FAD1C36943F48023C361EF
:104C9000C36903F480230493836943F008038361A9
:104CA0008069039200F0080004902815CDE9000106
:104CB0000E4D69462846FEF733FDE814CDE90004A1
:104CC000694628460294FEF72BFD00220521272085
:104CD000FEF7A8FE2720FEF797FED0E7004400402D
:104CE000001002400008014000480040000C014054
:104CF00090F83E30202B0ED159B152B190F83C3093
:104D0000012B08D0012380F83C300023036302F01C
:104D100099BA0120704702207047000070B505461F
:104D20000068164988421FD1154C207AE0B104F181
:104D30000801002301220E46124800F029F8FEF770
:104D4000E5FDC4F80C04E28804F10900217A11544D
:104D5000E28840F2FF30824201D2521CE2800122FE
:104D600031460948FFF7C4FF08492868884203D143
:104D7000BDE87040FEF776B970BD00000048004005
:104D8000A0170020181400205C14002000440040EC
:104D90002DE9F843044690F83D001F4616460D469F
:104DA00020284CD1C5B1BEB194F83C00012846D0B2
:104DB000012084F83C004FF00008C4F84080212016
:104DC00084F83D00FEF7A2FDA6848146E684A06833
:104DD000B0F5805F03D004E00120BDE8F8832069CE
:104DE00028B12E465FF0000584F83C800EE00026D6
:104DF000FAE78021204602F040FAA0B9AEB116F8D9
:104E0000010B21684860E08C401EE084E08C4B463A
:104E10004FF0000200970028EBD14FF040012046F0
:104E200002F02BFA30B10320D7E735F8020BC0F3BC
:104E30000800E6E7202084F83D000020CDE70220AE
:104E4000CBE77047FEF720FEFEE700000C4810B5E8
:104E50000A490160891581600121017300220275F0
:104E60004FF46023C36142600161FEF70DFA002830
:104E700003D0BDE81040FEF70CB910BD002401407E
:104E80002C13002010B59EB000201C901D90012115
:104E90001CA802F083FE174C1C22174920666846A6
:104EA000FBF7EAFD0021684602F097FE12492065F3
:104EB0001C221C3107A8FBF7DFFD002107A802F028
:104EC0008CFE0D4960651C2238310EA8FBF7D4FD1D
:104ED00000210EA802F081FE0749A0651C22543172
:104EE00015A8FBF7C9FD002115A802F076FEE065C4
:104EF0001EB010BD000000200C9D00082DE9F04FF1
:104F000085B0374800240294816941F01001816125
:104F1000816901F010010491816941F0040181610E
:104F2000816901F004010491816941F00801816106
:104F30008069022500F00800CDE903504FF4604776
:104F40000126CDE9007669462648FEF7E9FB4FF4D5
:104F50009058DFF894B0CDE9008669465846CDE90F
:104F60000245FEF7DDFB4FF4C0708DE83100694665
:104F70005846FEF7D5FB0420CDE90004DFF86CA00D
:104F8000694650460294FEF7CBFB4BF2C009CDE9CF
:104F9000009669465046CDE90245FEF7C1FB4FF445
:104FA0004060CDE90004694658460294FEF7B8FB1C
:104FB0000022A9030B48FEF7A3FC01223946094849
:104FC000FEF79EFC002241465846FEF799FC00225F
:104FD00049465046FEF794FC05B0BDE8F08F00004E
:104FE000001002400010014000080140000C014088
:104FF000104810B50E4901604FF4827141600021E4
:105000008160C1604FF400720161C0E9051228227D
:10501000C0E90721416281620A21C162FFF7BCF841
:10502000002803D0BDE81040FEF733B810BD0000E3
:1050300000300140C01300200C4810B50A4901603F
:105040004FF4E1314160002181600C22C160C0E970
:1050500004128161C161FFF7B1FD002803D0BDE8F2
:105060001040FEF716B810BD004400401814002090
:105070000C4810B50A4901604FF4E131416000214C
:1050800081600C22C160C0E904128161C161FFF737
:1050900095FD002803D0BDE81040FDF7FABF10BD14
:1050A000004800405C140020FEE7FEE770B50C46A7
:1050B00005464FF400762AA231462D48FBF7B0F999
:1050C0002B4801F0A3F94FF4FA60FEF717FB2B46CB
:1050D00028A231462648FBF7A3F9254801F096F9A6
:1050E0004FF47A752846FEF709FB29A2314620487D
:1050F000FBF796F91E4801F089F92846FEF7FEFAFB
:105100002046FBF749FC03462CA231461848FBF722
:1051100087F9174801F07AF92846FEF7EFFA234697
:105120002CA231461248FBF77BF9114801F06EF9C9
:105130002846FEF7E3FA28A001F068F940F6B834F3
:105140002046FEF7DBFA29A001F060F92046FEF7C1
:10515000D5FA3146BDE870400548FBF7E1BC0000D8
:1051600041542B48545450494E49540D0A000000F4
:10517000C802002041542B48545450504152413DE4
:105180002255524C222C222573220D0A00000000C9
:1051900041542B48545450504152413D22434F4EAC
:1051A00054454E54222C226170706C69636174699D
:1051B0006F6E2F6A736F6E220D0A000041542B48E8
:1051C000545450444154413D25642C3130303030EA
:1051D0000D0A00002573000041542B4854545041DF
:1051E0004354494F4E3D310D0A00000041542B48B5
:1051F0005454505445524D0D0A00000070B56423BC
:1052000024222AA13348FFF7C3FD002000F0E2FF6B
:105210004FF47A742046FEF771FA2FA001F0F6F8E9
:105220002046FEF76BFA40F6B8352EA229462EA08E
:1052300001F096F82BA229462EA001F091F829A2A0
:1052400021462FA001F08CF826A2214630A001F0C3
:1052500087F824A2610032A001F082F833A001F0A7
:10526000D5F82046FEF74AFA1EA2214639A001F0E1
:1052700077F81CA221463AA001F072F82046FEF70A
:105280003DFA18A241F2883139A001F069F815A25F
:1052900042F210713DA001F063F8BDE87040642354
:1052A00024223EA10B48FFF773BD00002D2D3E4286
:1052B00047494E2053494D373630305F496E697447
:1052C0002D2D2D2D2D2D2D2D2D2D2D2D2D2D2D0A31
:1052D000000000001814002041542B4346554E3D59
:1052E000310D0A004F4B000041542B434349440DFC
:1052F0000A00000041542B435245473F0D0A00006D
:1053000041542B43474154543D310D0A00000000E5
:1053100041542B43474143543D312C310D0A000089
:1053200041542B434E4D503D320D0A0041542B4306
:105330004744434F4E543D312C224950222C226980
:105340006F742E74656C656E65742E6265220D0A2D
:105350000000000041542B434D47463D310D0A00EB
:1053600041542B434E4D493D322C310D0A00000073
:1053700041542B43504D533D22534D222C22534D2B
:10538000222C22534D220D0A0000000041542B43D1
:105390004D47443D2C340D0A000000002D2D3E45A4
:1053A0004E442053494D373630305F496E69742D75
:1053B0002D2D2D2D2D2D2D2D2D2D2D2D2D2D2D0A40
:1053C0000000000010B504A001F020F8BDE8104076
:1053D00049F64040FEF792B941542B43504F460DD9
:1053E0000A0000002DE9F04FE348E449BBB0006833
:1053F000884201DCE2A103E0E449884203DBE4A146
:10540000E548FBF7A5FAE448E4A1B9303A901190D9
:10541000FBF78CFA98B13A21FBF77EFAE3A1001D65
:10542000FBF774FA04000AD0FBF762FA054620463F
:1054300002F064F8C82D02D1DDA000F0E7FFE14AD8
:10544000E1A11198FBF720F9DE4C0025012846D197
:10545000E2A002F053F82278E3A1E748FAF7CCFF84
:10546000E54800F0D3FF40F6B83002F08BFBE3A034
:1054700002F044F8119802F041F8E5A11198FBF709
:1054800055FA06002BD0E4A002F038F8222130466D
:10549000FBF742FA18B32221401CFBF73DFA060045
:1054A0001DD0DFA002F02AF82221701CFBF734FA8D
:1054B000A8B1B94B0021143B401C02E05A54401CD7
:1054C000491C0278222A02D00AB11329F6D35D546E
:1054D000D5A002F013F8B048143802F00FF8D6A1A6
:1054E0001198FBF723FAD64FD64E4FF0010800284B
:1054F00023D0012251033046FEF702FA0122910324
:105500003046FEF7FDF90122D1033046FEF7F8F9E7
:1055100084F80180CCA24FF47A71CCA000F020FF77
:105520009D4ACDA1143AB448FAF766FFB24800F09C
:105530006DFF1A23CCA13A6829E0DBA11198FBF793
:10554000F5F958B300224FF400513046FEF7D8F970
:1055500000224FF480413046FEF7D2F900224FF48A
:1055600000413046FEF7CCF96570B7A24FF47A716E
:10557000B6A000F0F5FE884AB7A1143A9E48FAF7A3
:105580003BFF9D4800F042FFC9493A681A239A48F8
:10559000FAF732FF984800F039FFC2E0C5A1119830
:1055A000FBF7C4F94FF01A09A8B1A7A24FF47A711A
:1055B000A6A000F0D5FE784AA7A1143A8E48FAF7C3
:1055C0001BFF8D4800F022FF1E236360CDF8009082
:1055D000BA493A6835E0BAA11198FBF7A7F9A8B122
:1055E00099A24FF47A7199A000F0BAFE6A4A9AA182
:1055F000143A8148FAF700FF7F4800F007FF3C2388
:105600006360CDF80090B0493A681AE0AFA11198F4
:10561000FBF78CF9C8B18CA24FF47A718BA000F023
:105620009FFE5D4A8CA1143A7348FAF7E5FE724872
:1056300000F0ECFEC4F80480CDF80090A5493A686B
:1056400043466D48FAF7D8FEA4E7A3A11198FBF7EB
:105650006DF9002872D07CA24FF47A717BA000F023
:105660007FFE4D4A7CA1143A6348FAF7C5FE6248B2
:1056700000F0CCFE9A48006804F0D6F882469948BB
:105680008B46006804F0D0F8CDE908019648006820
:1056900004F0CAF8CDE906019448006804F0C4F8A3
:1056A000CDE904019248006804F0BEF8CDE902019A
:1056B0009048006804F0B8F8CDE900018E48006811
:1056C00004F0B2F8CDF838A0CDE90FB902460B4688
:1056D000DDE90801CDE90C01DDE90601CDE90A01AA
:1056E000DDE90401CDE90801DDE90201CDE90601AA
:1056F000DDE90001CDE90401CDE90223607808B1BC
:105700007EA000E07EA00090234B7E4912A83A685C
:10571000FAF772FE12A800F079FE40F6B83002F0F7
:1057200031FA4FF4FA713448FBF7FAF976A000F039
:105730006DFE7CA000F06AFE40E1FFE77DA11198BC
:10574000FBF7F4F8B0B140A24FF47A713FA000F03B
:1057500007FE114A40A1143A2748FAF74DFE2648A1
:1057600000F054FE76490C4BCDE900197833A3F1D3
:105770006402E7E0ECE00000380000200000A040F8
:1057800044495341524D454400000000000020416F
:1057900041524D4544000000F01600200D0A2B48F0
:1057A000545450414354494F4E3A00002C000000DD
:1057B00041542B48545450524541443D302C3530CF
:1057C000300D0A00680000200A2B434D54493A204E
:1057D00022534D222C2568686400000066696E64BF
:1057E00020636D746900000041542B434D47523DC6
:1057F00025640D0A00000000E81400207374725341
:105800007461727420436F6E74656E743A000000A8
:105810002B434D47523A00005941535345523100F2
:10582000594153534552320053656E646572204EA0
:10583000756D6265723A20000A41524D0000000009
:105840001C000020001001404F4B000041542B432E
:105850004D47463D310D0A0041542B434D47533DC2
:10586000222573220D0A0000534D41562D25733A0F
:105870000A436F6D6D616E643A2041524D0A537454
:10588000617475733A20535543434553530A456E2B
:1058900067696E653A2041524D45440A52656C6114
:1058A000793A204F4E2563000A44495341524D0036
:1058B000F0A00008534156450000000038A1000840
:1058C0004C4F4E4700000000C8A1000854455354F7
:1058D0000000000080A100080A53544154555300B1
:1058E0004800002014000020100000200C000020C0
:1058F0000800002044000020400000204F4E00001F
:105900004F46460014A2000841542B43504D533DCE
:1059100022534D222C22534D222C22534D220D0A6C
:105920000000000041542B434D47443D2C340D0AE8
:10593000000000000A646961676E6F737469630038
:10594000F4010020F3A1A2F50770FAF755FD21E656
:10595000FEA11198FAF7EAFF78B3AFF214124FF4F0
:105960007A71AFF2181000F0FBFCFA4AAFF218118E
:10597000A2F5FA70FAF740FDF74800F047FD1A2249
:10598000F6A1F548FAF738FDF34800F03FFD4FF473
:10599000FA71F148FBF7C4F84FF47A6002F0F2F8BC
:1059A000BFF34F8FF6480168F64A01F4E0611143F6
:1059B0000160BFF34F8F00BFFDE7FFE7F2A1119831
:1059C000FAF7B4FF002847D0AFF284124FF47A7789
:1059D0003946EFA000F0C4FCAFF294127900EFA0BA
:1059E00000F0BEFC6078002858D000224FF400512F
:1059F0003046FDF785FF00224FF480413046FDF729
:105A00007FFF00224FF400413046FDF779FFAFF2EF
:105A1000C8123946AFF2CC1000F0A2FCE14AAFF256
:105A2000C811CD48FAF7E8FCCB4800F0EFFC1A2289
:105A3000DDA1C948FAF7E0FCC74800F0E7FC79109F
:105A4000C548FBF76DF8AFF2401000F0DFFCAFF295
:105A50002C1000F0DBFC6570DAA11198FAF766FFF4
:105A600007001AD001F04AFDD9A13846FAF75EFFC7
:105A7000070078D001F042FD3A213846FAF74CFF92
:105A8000070070D001F03AFD7F1C384601F036FD6A
:105A90003878742839D066284ED064E0012251034A
:105AA0003046FDF72DFF012291033046FDF728FF18
:105AB0000122D1033046FDF723FFAFF274223946AD
:105AC000AFF2782000F04CFCB64AAFF27421A24845
:105AD000FAF792FCA04800F099FC1A22BFA19E4858
:105AE000FAF78AFC9C4800F091FC4FF4FA719A484E
:105AF000FBF716F8AFF2F01000F088FCAFF2DC1004
:105B000000F084FC84F80180A6E7BA4801F0F6FCB6
:105B10000122474684F8028051033046FDF7F0FE2B
:105B2000012291033046FDF7EBFE0122D1033046FE
:105B3000FDF7E6FE677016E0AF4801F0DFFCA570E8
:105B400000224FF400513046FDF7DAFE00224FF4F8
:105B500080413046FDF7D4FE00224FF4004130462C
:105B6000FDF7CEFE657097A11198FAF7DFFE0600EB
:105B700029D001F0C3FCA1A13046FAF7D7FE0600F8
:105B800021D001F0BBFC3A213046FAF7C5FE0600F1
:105B900019D001F0B3FC00BF16F8010F2028FBD08C
:105BA0002228F9D000207F4905E00A5416F8012F79
:105BB000401C222A03D032780AB11328F5D30D54A1
:105BC000784801F09BFC7FA11198FAF7AFFE060020
:105BD0002DD001F093FC8CA13046FAF7A7FE060009
:105BE00025D001F08BFC3A213046FAF795FE0600ED
:105BF0001DD001F083FC00BF16F8010F2028FBD058
:105C00002228F9D022213046FAF786FE78B1A0EB9F
:105C1000060909F10100FAF749FB070007D04A46D7
:105C20003146FAF7A4FF7A4807F80950076079A1CE
:105C30001198FAF77BFEB0B100F10A01684601F055
:105C4000F7FF9DF80410009801F018FC60619DF8C2
:105C50000C10029801F012FCA06171A001F040FC50
:105C600072A001F03DFC74A11198FAF75FFE394E65
:105C7000C436B0B12C21FAF74FFE401C0746FAF7A4
:105C800037FE012821D03846FAF732FE05281CD00D
:105C900096F8F80520F0100086F8F80569A001F0E4
:105CA0002DFC6AA11198FAF741FE38B33A21FAF7B0
:105CB00033FE401CFAF71CFEA060082829D2DFE85A
:105CC00000F00B0D2828F2F1F0EF96F8F80540F0FF
:105CD000100086F8F805E4E75FA100E064A11D4824
:105CE0005A30FAF735FE1B485A30FAF755FE194973
:105CF00082B264235A316648FFF74AF865A11198C9
:105D0000FAF714FE20B122211198FAF705FECBE034
:105D1000F3E027E1446961676E6F737469633A0A5F
:105D20002D527373693D25730A2D4F70657261742E
:105D30006F723D25730A2D4C6F7261206D6F647513
:105D40006C653D25730A25630000000052455345EC
:105D500054000000DC160020E81400204F4B2C7487
:105D60006865206465766963652077696C6C20726C
:105D7000657374617274206E6F7725630000000094
:105D80000CED00E00400FA050D0A52494E470000F0
:105D900041542B435648553D300D0A004154480D9F
:105DA0000A000000880000204D616368696E655F2D
:105DB0005374617475733A2044495341524D4544BC
:105DC0002563000022736861726564220000000090
:105DD0002273657456616C7565223A004D61636883
:105DE000696E655F5374617475733A2041524D4515
:105DF000442563008CA0000828A000082270686F6A
:105E00006E65223A000000002275726C223A000092
:105E1000200000202B43475053494E464F3A000084
:105E20004C617469747564653A2000004C6F6E674C
:105E300069747564653A20000D0A2B435245473A50
:105E4000000000004E657420455252000D0A2B439D
:105E500046554E3A000000004D696E696D756D2023
:105E600066756E6374696F6E616C697479000000A9
:105E700046756C6C2066756E6374696F6E616C69D3
:105E800074792C206F6E6C696E65206D6F6465008F
:105E9000181400200D0A2B434F50533A0000000005
:105EA0005EE05BE058E055E0070010D02221781C4E
:105EB000FAF732FD58B1A0EB0709A9F10102791CEC
:105EC0007548FAF754FE7448484400F8015C6423AE
:105ED000122272A17648FEF75BFF6F48FAF75CFD6D
:105EE00082B264236C497248FEF752FF6423012298
:105EF000AFF254116E48FEF74BFF6EA11198FAF7FE
:105F000015FD002868D03A21FAF706FD002863D075
:105F10006A4B6BA11A1F401CFAF7B6FB207B86F870
:105F200060066423242268A16148FEF731FF5A48C5
:105F300096F860266EA16E38FAF75EFAE0686FF0A8
:105F40007001821E072A0FD811EB400200D5524281
:105F500068A126E06CA1C2E678A1C0E67CA1BEE6FD
:105F60007DA1BCE680A1BAE6A0F10A02042A05D808
:105F700011EB400200D5524281A112E0A0F10F02C4
:105F8000042A05D811EB400200D5524280A108E056
:105F9000A0F114020A2A09D811EB400200D552429E
:105FA0007FA13D486438FAF727FA04E03A4881A116
:105FB0006438FAF7CDFCAFF2547137486438FAF719
:105FC0000AFD35486438FAF7E7FC334982B26423A6
:105FD00064393748FEF7DCFE7BA11198FAF7A6FC7E
:105FE00078B33A21FAF798FC401C0446FAF780FC93
:105FF00020B1012807D0022827D00DE096F83406FA
:1060000020F0010003E096F8340640F0010020F093
:10601000020000BF86F834062C212046FAF77CFCEB
:10602000401C0446FAF764FC86F835062C2120460D
:10603000FAF772FC401C01F00BFA02F04DFEC6F8B4
:10604000380696F8680838B108E096F8340620F06B
:10605000010040F00200DDE786F8D6585C4911984F
:10606000FAF764FC40B186F8D688FDF74FFCD6F805
:10607000CC18401AC6F8D008F5804FF480613A98E1
:10608000FAF72CFD96F8F80520F0020086F8F805DE
:106090003BB0BDE8F08F0000681700206F7065729C
:1060A00061746F724E616D6520697320203A000043
:1060B000181400200D0A2B4353513A007800002099
:1060C00025642C25640000002D2D3E53494D2E5390
:1060D00074617475732E5369676E616C2D2D2D2D4F
:1060E0002D2D2D2D2D2D2D2D2D2D2D0A00000000B7
:1060F000256400002D25642064426D20284D6172C6
:1061000067696E616C29000044697361626C652087
:1061100070686F6E6520626F7468207472616E7350
:106120006D697420616E64207265636569766520AF
:1061300052462063697263756974730046616374C3
:106140006F72792054657374204D6F646500000090
:1061500052657365740000004F66666C696E652059
:106160004D6F646500000000556E6B6E6F776E209A
:1061700066756E6374696F6E616C69747900000096
:106180002D25642064426D20284F4B29000000001B
:106190002D25642064426D2028476F6F642900001C
:1061A0002D25642064426D2028457863656C6C65FC
:1061B0006E742900556E6B6E6F776E205253534983
:1061C0002076616C756500000D0A2B4342433A004E
:1061D0000820002030B5244C054687B094F8F80517
:1061E00040F6D80120F0040084F8F805204604F5B4
:1061F000BF64FAF795FC1C484FF480610930FAF748
:106200006DFC1949012208311848FEF771FD4FF065
:10621000FF30206660660020E0661C221449684654
:10622000FAF72AFCADF808500021684601F0D5FCC9
:10623000104911A2C8614FF4FA6110A000F090F863
:1062400001280CD00FA001F059F9FFF7BBF8C820C6
:1062500001F098FC012000F0F3F807B030BD0EA06B
:1062600001F04CF9F3E70000A01700205C140020B7
:106270007C9D0008680000204F4B000041540D0A2F
:106280000000000053494D20524553504F4E534596
:10629000204E4F54204F4B0053494D2052455350F0
:1062A0004F4E5345204F4B0010B54FF47A6413A264
:1062B000214613A000F054F810A2214613A000F0CC
:1062C0004FF80EA2214614A000F04AF80BA2214676
:1062D00014A000F045F809A2214615A000F040F8EE
:1062E00016A001F00BF91D4890F8F81541F00401D3
:1062F00080F8F815002180F8F91510BD4F4B00000B
:1063000041542B4346554E3F0D0A000041542B4348
:1063100050494E3F0D0A000041542B4353510D0A82
:106320000000000041542B434F50533F0D0A000022
:1063300041542B435245473F0D0A000053494D3706
:10634000363030204D6F64756C6520686164207450
:1063500075726E6564206F6E00000000A01700204B
:106360002DE9F04116460D468046264C4FF47A77CB
:1063700002E0384601F006FC94F8F8058007F8D4EE
:1063800094F8F80540F0020084F8F805002084F83D
:10639000D608C4F8D008FDF7B9FAC4F8CC081A48F2
:1063A000A4F8D45864210746FAF7BAFB64223146B0
:1063B0003846FAF7DCFB144840224038414606468E
:1063C000FAF7D5FB304600F021F809E00A2001F089
:1063D000D9FB94F8D60810B1C0B2BDE8F0810A3DEF
:1063E000002DF3DC384601F089F864213846FAF7CD
:1063F00097FB94F8F80520F0020084F8F80594F86B
:10640000D608EAE7A01700200820002010B50446AF
:10641000012209490948FEF76BFC2046FAF7BCFA4D
:1064200082B24FF0FF3321460448FEF7B1FCBDE8CD
:1064300010400A2001F0A6BBA81700205C14002021
:106440002DE9F041224E234C4FF4007541F288377C
:10645000C0B321A2C82123A0FFF782FF012824D0C6
:1064600094F8F805002220F0040084F8F805294685
:106470003046FDF745FAC82001F084FB0122294689
:106480003046FDF73DFA384601F07CFB12A2C821E8
:1064900014A0FFF765FF01280AD094F8F80520F052
:1064A000080084F8F805BDE8F081642001F06AFB7B
:1064B00094F8F80540F0080084F8F805BDE8F041CC
:1064C000FFF7F2BE94F8F80520F00800CAE70000D4
:1064D00000080140A017002041540D0D0A4F4B0D3C
:1064E0000A00000041540D0A00000000F8B50446FF
:1064F00040684FF48273984217D1A0684FF48065CA
:10650000B0F5004F01D0A8420FD12068066826F0F0
:10651000400606606068984207D1A068A84204D18E
:1065200000920B460022012103E000920B4600225C
:106530008021204600F018F8002804D0606D40F05B
:10654000200060650320F8BD38B50B460092044674
:106550000022802100F008F8002804D0606D40F08F
:1065600020006065032038BD2DE9F8431E469146A2
:1065700088460446089DFDF7C9F9401B351AFDF70A
:10658000C5F9074625480068C0F3CB30684338E0BA
:10659000701C37D0FDF7BAF9C01BA84203D215B161
:1065A000009860B32CE02068416821F0E001416070
:1065B0006068B0F5827F0BD1A068B0F5004F02D0C3
:1065C000B0F5806F04D12068016821F040010160BE
:1065D000A06AB0F5005F09D12068016821F400517C
:1065E00001602068016841F400510160012084F8D5
:1065F0005100002084F850000320BDE8F8830025F6
:10660000401E00902068816838EA010004D0002113
:106610004945BDD10020F0E70121F9E7A80000209D
:1066200098B0C821FA48FAF77BFAFA490020CDE978
:1066300002104FF400774FF04008F74ECDE9008785
:1066400032463346F549F64801F092F8F54C05001C
:106650007ED0F5A0A061F248FDA1B438FAF778F930
:10666000EF48B43800F04AFF4FF4FA60FDF746F8FF
:10667000E8480021CDE90201CDE9008732463346E2
:10668000E649E74801F074F805466420FDF736F85E
:106690004FF48059012249463046FDF731F9012275
:1066A000DFF8C083570239464046FDF729F900223A
:1066B00039464046FDF724F91420FDF71FF8012262
:1066C00039464046FDF71CF9002249463046FDF7A1
:1066D00017F9002239013046FDF712F90022B901FD
:1066E0003046FDF70DF9002249464046FDF708F90E
:1066F0004FF47A70FDF702F80120207164230F2215
:10670000D9A1DD48FEF744FBE069FAF745F982B20A
:106710006423D948E169FEF73BFBFEF76FFD4FF4B8
:106720007A7A5046FCF7EAFFD4A63046FAF734F9F5
:1067300082B264233146D048FEF72AFBD748FCF7E3
:106740000DFFFCF7EBFB03F079F9DFF8549300E061
:10675000D4E2494603F094F803F066F80022D14BE6
:1067600002F090FDD04E0022334602F0E7FA02F02C
:10677000B3FAA063FCF7E4FB03F060F9494603F0C9
:106780007FF803F051F80022C84B02F07BFD4FF078
:106790003332C74B02F0D2FA02F09EFAE063FCF704
:1067A000E1FB03F04BF9494603F06AF803F03CF8CB
:1067B000DFF800834FF066373A46434602F062FD49
:1067C0000022334602F05EFDBB4ABC4B02F05AFD8C
:1067D00002F082FA2064FCF7D7FB02F0FFFC3A4695
:1067E000434602F04FFD0022B54B02F063FB02F07E
:1067F00073FAB44903F03AF9A064FCF77DFB03F0A7
:106800001DF9B14903F032F9494603F039F86064E3
:1068100064232622ADA19848FEF7BAFAA06B03F0D4
:1068200003F802467A480B46B2A12038F9F7E4FD96
:106830007748203801F0FAFCE06B02F0F5FF0246E1
:1068400073480B46B1A12038F9F7D6FD70482038BF
:1068500001F0ECFC206C02F0E7FF02466C480B46AE
:10686000B0A12038F9F7C8FD6948203801F0DEFCF6
:10687000A06C02F0D9FF024665480B46AFA1203854
:10688000F9F7BAFD6248203801F0D0FC606C02F0E4
:10689000CBFF02465E480B46AEA12038F9F7ACFDAF
:1068A0005B48203801F0C2FCA06802F0BDFF024640
:1068B00057480B46ADA12038F9F79EFD54482038C3
:1068C00001F0B4FC206902F0AFFF024650480B46CD
:1068D000ACA12038F9F790FD4D48203801F0A6FC16
:1068E000E06802F0A1FF024649480B46ABA1203800
:1068F000F9F782FD4648203801F098FC606902F003
:1069000093FF024642480B46AAA12038F9F774FDCE
:106910003F48203801F08AFC64232522ABA1564869
:10692000FEF736FA40F6B830FCF7E8FE64232A2278
:10693000B0A15148FEF72CFA002D67D03AA044A12F
:10694000A0613748B438FAF703F83548B43800F096
:10695000D5FD64232822B2A14748FEF719FA504614
:10696000FCF7CCFE606A00904FF48076B7A2314607
:10697000B848236AF9F754FDA06A0090B3A23146E3
:10698000B548236AF9F74CFDE06A0090AFA23146A2
:10699000B248236AF9F744FD206B0090ABA2314660
:1069A000AF48236AF9F73CFD606B0090A7A231461F
:1069B000AC48236AF9F734FDE06B02F035FF8046FE
:1069C0008B46A06B02F030FF81460991206C02F0EB
:1069D0002BFF07468A46606902F026FF08900E46A4
:1069E000E06802F021FFCDE90601206902F01CFFFA
:1069F000CDE90401A06802F017FFCDE90201606C47
:106A000002F012FFCDE90001A06C2DE180E1000051
:106A10002C01002000A1BC33000C0140C013002059
:106A2000A8020020000000202D2D3E204C6F526156
:106A30005F4D6F64756C655F537461747573203A54
:106A4000204D4F44554C45204552524F520A0000AC
:106A50004C4F5241204D4F44554C45204552524FCA
:106A60005200000000080140444556494345204477
:106A700045565549203A200018140020456E74658B
:106A8000726564205374617274446961676E6F73D8
:106A90007469635461736B0A000000002C130020BA
:106AA00000F07F45008030400000144000002D4081
:106AB0003333E33F66660A405EBA490C022BF13F6E
:106AC00000FEAF40000066430000A6422D2D3E426E
:106AD00047494E2053454E534F5253204441544151
:106AE0002056414C5545532D2D2D2D2D2D2D2D2D21
:106AF0002D0A00002D2D3E205673656E73655F31A3
:106B000020202020203A252E32660A002D2D3E20FE
:106B10005673656E73655F3220202020203A252E43
:106B200032660A002D2D3E205642617474657279DA
:106B300020202020203A252E32660A002D2D3E20CE
:106B400057696E645F73746174202020203A252E8B
:106B500032660A002D2D3E204761735F6C766C20F3
:106B600020202020203A252E32660A002D2D3E209E
:106B700074656D706572617475726531203A252E89
:106B800032660A002D2D3E2074656D706572617449
:106B900075726532203A252E32660A002D2D3E2070
:106BA00068756D69646974793109093A252E326610
:106BB0000A0000002D2D3E2068756D6964697479A6
:106BC000322009093A252E32660A00002D2D3E4555
:106BD0004E442053454E534F52532044415441207C
:106BE00056414C5545532D2D2D2D2D2D2D2D2D2D13
:106BF0000A0000002D2D3E424547494E204C4F5281
:106C000041204D4F44554C4520444941474E4F5338
:106C10005449432D2D2D2D2D2D2D2D2D2D0A0000C8
:106C20002D2D3E454E44204C4F5241204D4F445552
:106C30004C4520444941474E4F535449432D2D2D37
:106C40002D2D2D2D2D2D2D0A0000000025732573CF
:106C500000000000C8060020C8070020C808002067
:106C6000C80A0020C809002002F0DEFD0B46099981
:106C7000CDE9168BCDE9149127490DF1300C284A46
:106C800009781097CDE911A12649244F8CE8860098
:106C9000089ACDE90A26DDE90612CDE90812DDE9F8
:106CA0000412CDE90612DDE90212CDE90412DDE994
:106CB0000012CDE90212CDE900031B4A4FF4007126
:106CC00007F53570F9F7ACFB07F5357101F5007084
:106CD000FEF7ECF915A63046F9F75EFE82B26423A2
:106CE00031461A48FEF754F80020207118484EF635
:106CF00060210068484300F045FFFDE415A0A06155
:106D00001DA10648F9F724FE044800F0F7FBBCE497
:106D100010A019A1A06114E669000020F401002070
:106D20006817002004170020549F00084C65617606
:106D3000696E67205374617274446961676E6F7322
:106D40007469635461736B0A0A0000001814002010
:106D50006C0000202D2D3E204C6F52615F4D6F6402
:106D6000756C655F537461747573203A204D4F44A0
:106D7000554C45204F4B0A004C4F5241204D4F443B
:106D8000554C45204F4B000008B5514E514C002545
:106D9000A07800287ED14E48823000F081FD20701E
:106DA00028B3657007E04A48823000F0C5FD61787D
:106DB0007054491C61704648823000F0CDFC0028B8
:106DC000F1D1607835544248823000F055FDE064DE
:106DD0003F4B009040A2C821A3F1FA00F9F720FB35
:106DE00000F0A4FB80213A48F9F778FE02E0642025
:106DF000FCF784FCFCF792F802F020FEDFF8F8A024
:106E0000514602F03DFD02F00FFD00223B4B02F027
:106E100039FADFF8EC9000224B4601F08FFF01F0C9
:106E20005BFFA063FCF78CF802F008FE514602F00D
:106E300027FD02F0F9FC0022324B02F023FA4FF05A
:106E40003332314B01F07AFF01F046FFE063FCF78B
:106E500089F802F0F3FD514602F012FD02F0E4FC65
:106E6000DFF8A8804FF066373A46434602F00AFA48
:106E700000224B4602F006FA254A264B02F002FA9F
:106E800001F02AFF2064FCF77FF802F0A7F93A46E8
:106E9000434600E016E002F0F5F900221E4B02F036
:106EA00009F801F019FF1D4902F0E0FDA064FCF7AC
:106EB00023F802F0C3FD1A4902F0D8FD514602F052
:106EC000DFFC60644FF47A7000F05CFE60E7000065
:106ED0002602002000000020527820446174613AAC
:106EE00025732077697468205253534920256920FF
:106EF00064620D0A0000000000F07F450080304011
:106F00000000144000002D403333E33F66660A4022
:106F10005EBA490C022BF13F00FEAF400000664311
:106F20000000A642FEE700000DA000F0E7FA104CBA
:106F3000E088042810D9FCF7E9FCD4F80C14401AB6
:106F4000322809D9FCF7E2FC2060FEF74BFAFCF787
:106F5000DDFC2178401A20710A2000F013FEE7E7DB
:106F60004275666665722073746172740000000079
:106F7000A01700204EF66024204600F003FEFBE739
:106F800010B5502080F31188BFF34F8FBFF36F8F80
:106F900001F02AFD18B104494FF08050086000202C
:106FA00080F3118810BD000004ED00E030B593B00F
:106FB00028216846F9F7B4FD14210AA8F9F7B0FDB5
:106FC0000024022501200F940490009510200590C4
:106FD00012944FF46010CDE9084011941094079575
:106FE0006846FCF749FF98B90F20CDE90A05680209
:106FF000CDE90C4002210AA80E94FCF731FE38B905
:10700000A80311900F950FA8FCF7B4FD002801D03C
:10701000FCF73FF813B030BD704700000148FDF7A2
:1070200004BC0000A0140020F0B50268164B174CF9
:10703000174D4FF08047984205D0B84203D0A04288
:1070400001D0A84203D122F070064A683243984228
:1070500005D0B84203D0A04201D0A84203D122F407
:107060004074CA6822434C6922F0800222430260C5
:107070008A68C2620A688262984201D10969016322
:1070800001214161F0BD0000002C014000040040DE
:107090000008004010B5406A0021C185C184FDF799
:1070A00085FC10BD0168CA6822F49072CA6001684C
:1070B0004A6922F001024A61016B012904D1016889
:1070C000CA6822F01002CA60202180F83E10002118
:1070D0000163704708B590F83E10222901D00220C4
:1070E00008BD82684FF480539A4201D1016921B1F1
:1070F000816A9A421BD04AB10AE00268816A5268EA
:10710000C2F308020A80816A891C08E0026972B130
:107110000268526802F07F020A70816A491C81622B
:10712000C18D491E0904090CC18503D019E002680C
:107130005268F1E70168CA6822F02002CA6001685B
:10714000CA6822F48072CA6001684A6922F00102AA
:107150004A61202180F83E10016B012903D0FDF720
:10716000DDFD002008BD002101630168CA6822F02E
:107170001002CA6001680A68D20602D50A68496826
:107180000091818DFDF711FCEBE7000070B504461E
:1071900000680169E26821F44051114301612169ED
:1071A000A0680843616908432168CA6841F20C631A
:1071B0009A430243CA6020684169A26921F4407180
:1071C000114341611E492068884202D1FCF70EFE3E
:1071D00001E0FCF7FBFD00EBC00101EB0012606871
:1071E00064218000B2FBF0F3B3FBF1F36FF01806FB
:1071F0007343B2FBF0F5B2FBF0F605EB83053223E7
:1072000003EB0515B5FBF1F5B6FBF1F605F0F0055E
:1072100005EB0615B2FBF0F6B2FBF0F0B0FBF1F0B7
:107220006FF01802504306EB800003EB0010B0FB38
:10723000F1F0216800F00F002844886070BD000064
:107240000038014081628285C285002101642222CA
:1072500080F83E2080F83C100168CA6842F48072D1
:10726000CA6001684A6942F001024A610068C16867
:1072700041F02001C160002070472DE9F04198469F
:1072800017460E460446069D1DE0681C1BD02DB116
:10729000FCF73CFBA0EB0800A84214D92068C168A9
:1072A00021F4D071C1602068416921F00101416180
:1072B000202084F83D0084F83E00002084F83C0043
:1072C0000320BDE8F0812068006836EA000004D0A1
:1072D0000020B842D9D00020F3E70120F9E70000F0
:1072E0000148FDF765BB00005C140020FEE7490083
:1072F00050EAC12018BF04204A0D18BF40F0010019
:1073000040F2FF72B2EB515F08BF40F0020001286B
:1073100008BF052070470907090E002804DB00F1AB
:10732000E02080F80014704700F00F0000F1E0202A
:1073300080F8141D7047002213461046114601F0D4
:10734000B9BD40F2013200204FF0E04102F091BCA3
:10735000024A0020110702F08CBC000001FDFFFF73
:1073600010B50446D1E9000100F002F8206010BD1C
:10737000F8B504460D466A4600F088F900987E305C
:10738000009000281EDC002213462046294601F00A
:10739000E9FE17D0002140F608004FF00000064635
:1073A0002046294601F098FC044640F6080006EA0B
:1073B00000014FF0000034F0004004BF0220F9F754
:1073C0008FFC29E00098FF2828DB002108464FF0B9
:1073D000000000F44006002213462046294602F031
:1073E000F7F88CBF002501250220F9F779FC4FF052
:1073F000FF4446B1002D0CBF4FF400004FF4800055
:10740000B04218BF084C042108464FF00000002D80
:1074100004BF84F00040F8BD2046F8BD2046294650
:10742000BDE8F84001F058BCFFFF7F7F10B504466F
:107430000A46D4E90003194600F054F9C4E90001F2
:1074400010BD30380A2801D2012070470020704753
:1074500030B583B00446F9F73EFC05460020CDE97F
:107460000000024621466846F9F746FF2846F9F72C
:1074700037FCDDE9000103B030BD00002DE9F0412B
:107480000D460446134902F0FBF902F0BBFA06462A
:10749000204602F0C9F900220F4B00F0ADF801F0D0
:1074A0001BFC02F0C1F900220C4B01F003FD074662
:1074B0000C46304601F092FE3A46234601F03EFC6F
:1074C00001F00AFC532D01D0572D01D180F000406E
:1074D000BDE8F0810000C8420000594000004E4065
:1074E00010B50446F9F758FA214682B2BDE81040BB
:1074F00001230148FDF74CBC1814002038B50446A0
:10750000F9F74AFA82B2322321460648FDF740FCD9
:1075100005A0012300680090022269460148FDF79A
:1075200037FC38BD181400200D0A000070B5B6B045
:107530002A212348F9F7F0F9044623212048F9F7D6
:10754000EBF9002C2BD0002829D034A8009033ABC5
:1075500035AA1CA11A48F9F797F803281FD13498C7
:1075600000901BA2C82101A8339BF8F759FF9DF892
:10757000D4001F4D1F4C0126412812D042280ED1A5
:10758000339802F05BFA294602F07AF920613498C8
:1075900002F054FA294602F073F96061E67036B0E1
:1075A00070BD339802F04AFA294602F069F9A060EA
:1075B000349802F043FA294602F062F9E060EDE700
:1075C000260200202A25632C25642C256423000034
:1075D00054656D70657261747572653A2025690D28
:1075E0000A48756D69646974793A2025690D0A0045
:1075F0000000C8420000002070B514461D460E462B
:10760000002814BF01210021314321F00041C1F1C4
:107610007F6101F1E041C90F16D1002C14BF012197
:107620000021294321F00041C1F17F6101F1E041D6
:10763000C90F09D11449B1EB460F08BF00281CD06F
:10764000690008BF002C18D0314601F013FF024634
:1076500040F2FF7030EA11500DD0F017B0EBE17F2F
:1076600009D0084665F31E0084460B462046614655
:1076700001F0E4FF0246104670BD0120F9F730FB2F
:10768000BDE87040FFF757BE0000E0FF10B514469C
:1076900000222260114A21F000439342A8BF10BD8E
:1076A00053EA000208BF10BDB3F5801FA8BF2268CF
:1076B00007DA362202F0DDFA6FF0350221F00043DE
:1076C0002260DFF81CC06FF31E510CEB23531A44E9
:1076D00041F0FF5141F00051226010BD0000F07FE9
:1076E00002FCFFFF2DE9F04106460C4640F2FF7513
:1076F000174635EA14502BD000221346304601F0CD
:1077000031FD25D03A463046214602F0B2FA06460F
:107710000C4635EA145010D000221346304601F0D2
:1077200021FD15D10220F9F7DBFAFFF711FE0A4619
:10773000214662F31E01BDE8F0810220F9F7D0FA7C
:10774000FFF7FFFD0A46214662F31E01BDE8F08106
:1077500030462146BDE8F08110B5132100F0E4FC6D
:1077600002490978401AC0B210BD00006400002030
:107770002DE9F0410DF11C08044698E86100069FD0
:10778000C4E900126783A360A0830120C4E9045008
:107790000E2020760F2060764FF47A70E06020464D
:1077A00000F0DEF8204600F0BBF9034612280AD0AC
:1077B00022A264212C48F8F733FE2B48FFF79EFEE7
:1077C0000420BDE8F081204600F050F82A463346F8
:1077D000204600F0FFF800220E21204600F0AEFE09
:1077E00000220F21204600F0A9FE0C21204600F0C7
:1077F0009BFC40F003020C21204600F09FFE042277
:107800002621204600F09AFE1121204600F057F96B
:107810000C21204600F025F907220023204600F025
:107820000CF90021204600F0AFF80821204600F0B6
:10783000F5F8204600F01DF80020C2E7476F7420DD
:1078400077726F6E6720726164696F2076657273FC
:10785000696F6E20307825782C20657870656374A8
:1078600065642030783132005C130020002100F084
:10787000D8BC012100F0D5BC10B504461A2100F097
:1078800053FC064B21690022C91A72F1000101D292
:10789000A43800E09D3840B210BD000000A1BC3308
:1078A00070B506460024122100F03EFC0546304625
:1078B00000F083F82A461221304600F03FFE6806A9
:1078C00015D5A80613D4134900200870304600F0DF
:1078D00023F804461021304600F026FC02460D2114
:1078E000304600F02BFE3046FFF7C3FF0FE00121CA
:1078F000304600F019FC862809D000220D213046C0
:1079000000F01CFE86220121304600F017FE2046C2
:1079100070BD00006400002010B504461D2100F079
:1079200003FC10F0010F01D0222100E013212046BA
:10793000BDE8104000F0F8BB10B50446FFF70CFF9F
:10794000002809D0054920460A78521C0A70BDE873
:107950001040002100F0E8BB10BD000064000020D2
:1079600010B50446818B80680022FBF7C9FF0A200E
:10797000FBF7C4FEA18B0122A068FBF7C1FFBDE8A5
:1079800010400A20FBF7BABE70B50C4605461D2113
:1079900000F0CAFB052C01D2052402E0082C00D916
:1079A0000824241F00F0F10040EA4400C2B2284637
:1079B000BDE870401D2100F0C1BD10B504461D2179
:1079C00000F0B2FB20F001022046BDE810401D216E
:1079D00000F0B4BD70B5D904054641EA5231D00477
:1079E0000D4A0023F8F791FC0446000C40EA0140E0
:1079F000C2B20621284600F0A1FD04F47F40020A2D
:107A00000721284600F09AFDE2B22846BDE8704002
:107A1000082100F093BD00000048E80170B50C4655
:107A20000A0A0546202100F089FD04F00F022846CD
:107A3000BDE87040212100F081BD70B514460546B7
:107A40001D2100F071FB00F00F0141EA0411CAB2E0
:107A50001D21284600F072FD2846BDE8704000F068
:107A6000C6BB70B50C460546062901D2062420E0A7
:107A70000C2C01D90C2401E0062C1AD0C322312190
:107A800000F05CFD0A223721284600F057FD1E2138
:107A9000284600F049FB00F00F02200742EA10627E
:107AA0001E21284600F04AFD2846BDE8704000F03F
:107AB0009EBBC522312100F041FD0C22E3E770B5E9
:107AC000054640690C4618B1142C07D914240BE064
:107AD0000F2C00D90F2444F070021BE0022C01D2BD
:107AE00002240AE0112C08D9E41EE4B287224D21B9
:107AF000284600F023FD8C2105E084224D212846F4
:107B000000F01CFD6121284600F058FBA41EE0B2E5
:107B100040F080022846BDE87040092100F00EBD0B
:107B2000422100F001BB0000FBF7FEFEFFF73EFA2A
:107B3000FDF7E4F9FDF78AF9FDF75AFAFDF77CFA4B
:107B4000FDF796FA4FF47A70FBF7D8FD03A0FFF724
:107B5000D5FCFDF797F900F01CF8FEE7496E697453
:107B600069616C697A6174696F6E20636F6D706CA6
:107B7000657465210000000001460020842900D0C2
:107B8000C81C704710B500B9012000F01FFC002090
:107B900010BD10B500F066FC002010BD38B543687C
:107BA0004BB1012909D10320002200901146012088
:107BB00000F056FD38BD012901D0002038BD032258
:107BC0000021012000F028FD040004D000231A4603
:107BD000194600F0BDFD204638BD7FB50D46044670
:107BE0004169B0F9080081B1A16971B1FFF7C4FF23
:107BF000D4E905128DE80700D4E900102B4622696C
:107C000000F0B9FE039004B070BDFFF7B5FF03A903
:107C1000CDE90001208A2B4682B2D4E9001000F0A1
:107C20007DFE012801D00020EDE70398EBE700007E
:107C30002DE9F0410A46804617A11046F8F766FE86
:107C400010B3FFF705FC01F047F8064612A100202B
:107C5000F8F75CFEC0B100780FA160F307040020C4
:107C6000F8F754FE80B1FFF7F3FB01F035F8074653
:107C700009A10020F8F74AFE30B1007806A160F3B0
:107C800007050020F8F742FEC8F80870C8E900644C
:107C9000C8F80C50BDE8F0812C00000070B5124C03
:107CA000054626692068001D00F0CEFA38B9206824
:107CB00090F82C100120884061698143616120683F
:107CC0003544B5424560216805D2A068BDE87040E2
:107CD000091D00F0E5BA6068091D00F0E1FAE06AEC
:107CE000854200D2E56270BDAC0000202DE9F04174
:107CF000054600F0F9FA2A4CE068401CE060206874
:107D0000284F10B1A06900B325E02560E068012884
:107D100021D1002606EB860007EB800000F0B2FAC6
:107D2000761C072EF6D31F488C3000F0ABFA1D48A6
:107D3000A03000F0A7FA1B48B43000F0A3FA1948AD
:107D40008C3060601430A06005E02068E96AC06A89
:107D5000884200D82560A06A401CA062E96A012020
:107D6000626988401043606101EB810007EB80008D
:107D7000291D00F0ADFA00F0D7FAA06900280CD058
:107D80002068E96AC06A884207D207494FF08050EC
:107D90000860BFF34F8FBFF36F8FBDE8F081000025
:107DA000AC0000207820002004ED00E02DE9F04137
:107DB000856B174604460026026C82B1C7B1E068A5
:107DC000F8F715FEE168206C091AE160226891421B
:107DD00002D26168081AE060022F16D017E020680E
:107DE000A8B9606800F064FE0646002060600EE0FE
:107DF000A068F8F7FCFD216CA0680844A0606168E9
:107E0000884204D32068A06001E005B16D1E6D1C9E
:107E1000A5633046BDE8F08110484FF41D6142076C
:107E200006D0C01D0D4920F00700411AC1F51D61A3
:107E30000B4A00230144C2E900030839103A21F03B
:107E4000070111604B600B600B1AC0E900139360CF
:107E50004FF000405360D060704700004021002088
:107E6000F40000200648074A4FF080510368012BB8
:107E7000FCD91160BFF34F8FBFF36F8FF6E700009F
:107E80007820002004ED00E00346009829B102604C
:107E9000C0E90F31012100F017BC0060F8E72DE9BF
:107EA000F0479A46DDE9098481466FF00303206BB1
:107EB00003EB82021044089D20F00706700707D0EC
:107EC000502080F31188BFF34F8FBFF36F8FFEE711
:107ED00023180A5C83F834200A5C12B1401C102875
:107EE000F6D3002784F84370072D00D30625E562FA
:107EF000C4E91157201D00F0D0F904F1180000F07A
:107F0000CCF92461C5F107006462A061E76484F8DC
:107F1000507052464946304600F0F4F82060B8F1FF
:107F2000000F01D0C8F80040BDE8F08730B5114916
:107F300000E011460A688242FBD34B685C18844219
:107F400003D1406818444860084643681C189442AE
:107F500009D1084C103C2468A24209D052681A4446
:107F600042600A6812680260814200D0086030BD39
:107F70000460F9E7F400002006484168096829B167
:107F80004168C968C9684968C16270474FF0FF31EC
:107F9000FAE70000AC00002008484068401C4FF0A1
:107FA000500080F3118804D0BFF34F8FBFF36F8F61
:107FB000FEE7BFF34F8FBFF36F8FFEE7FC0000209B
:107FC0002DE9F041044600F08FF994F9455004F191
:107FD000240609E0606A48B1304600F0B5FD08B1FA
:107FE00000F022FA6D1E6DB2002DF3DC4FF0FF366B
:107FF00084F8456000F098F900F076F994F944505F
:1080000004F1100709E0206948B1384600F09CFDF2
:1080100008B100F009FA6D1E6DB2002DF3DC84F892
:108020004460BDE8F04100F07FB900002DE9F04167
:108030000546002700F04CFA314E306808B9FFF7CA
:10804000EBFEF06805424BD1C5B3083568070ED08A
:1080500005F00700C0F108000544680707D050206C
:1080600080F31188BFF34F8FBFF36F8FFEE72DB3FF
:108070007068854234D82248103001460C6801E00F
:1080800020460C466168A94202D221680029F7D136
:1080900031688C4224D00768216801606068083725
:1080A000411B10290FD96019420708D0502080F3D6
:1080B0001188BFF34F8FBFF36F8FFEE710E0416071
:1080C0006560FFF733FF61687068401A7060B268DE
:1080D000904200D2B060F06801430020C4E9000182
:1080E00000F06CFD780707D0502080F31188BFF3B3
:1080F0004F8FBFF36F8FFEE73846BDE8F081000079
:10810000E400002010B5031F4FF080741C601B1F9B
:1081100021F001011960191F024B0B60143940381E
:108120000A6010BD997F000873B582B00446002034
:108130008DF804009DF80C00002220F080008DF8DE
:108140000C00618B6068FBF7DBFB012203A9E3688D
:108150002068FCF768F90546012201A9E368206858
:10816000FCF7B4F80646618B01226068FBF7C8FB98
:1081700055EA060009D02B4606A264210E48009657
:10818000F8F74EF90C48FFF7B9F99DF8040004B070
:1081900070BD0000535049207472616E736D697434
:1081A0002F72656365697665206661696C65642018
:1081B00028256420256429005C1300202D2901D284
:1081C0002D2105E0F02901D9F02106E0822904D211
:1081D00005222D3991FBF2F103E00A221E31B1FB99
:1081E000F2F1C9B241F020020B2100F0A7B970B53D
:1081F00006461D21FFF798FF0409E5171E213046AA
:10820000FFF792FF000904220B2804D384F0070033
:10821000284300D10C223046BDE87040262100F0F2
:108220008DB941F08002012100F088B910B50446F3
:10823000F8F7B2FB214682B2BDE810406423014842
:10824000FCF7A6BD18140020D0E9013201699A603C
:10825000D0E901235A604A68824201D182684A60AB
:10826000002202610868401E08600868704700002C
:10827000034B036003F15400086044201060704712
:10828000C811002000F108014FF0FF32C0E90112CF
:10829000C1600161002101607047002101617047E8
:1082A00030B50B685A1C02D000F1080202E00269E6
:1082B00004E02246546825689D42FAD953684B6011
:1082C00099608A60516008610168491C016030BD95
:1082D00042684A6093688B60936859609160086156
:1082E0000168491C01607047502080F31188BFF37A
:1082F0004F8FBFF36F8F0A494868401C48600128C0
:108300000CD10848006810F0FF0F07D0502080F310
:108310001188BFF34F8FBFF36F8FFEE770470000E8
:10832000FC00002004ED00E00849486828B1401E28
:10833000486001D180F311887047502080F3118884
:10834000BFF34F8FBFF36F8FFEE70000FC000020EC
:1083500070B5002827D0144DA0F108046168E868C2
:10836000014207D1502080F31188BFF34F8FBFF334
:108370006F8FFEE722683AB1502080F31188BFF377
:108380004F8FBFF36F8FFEE78143616000F0A0F86D
:1083900060686968084468602046FFF7C7FDBDE86B
:1083A000704000F00BBC70BDE400002006484FF4A4
:1083B0007A710068B0FBF1F14FF0E020491E416195
:1083C0000721016170470000A800002010B50200DD
:1083D00014D00F48406B38B1502080F31188BFF3A0
:1083E0004F8FBFF36F8FFEE700F072F80021104649
:1083F000FFF754FC00F0E2FB002807D105494FF0DD
:1084000080500860BFF34F8FBFF36F8F10BD000027
:10841000AC00002004ED00E002494A6A02600969EC
:1084200041607047AC00002001490120086270479C
:10843000AC00002010B50C4650B10949096818314C
:10844000FFF72EFF2046BDE810400121FFF726BCB4
:10845000502080F31188BFF34F8FBFF36F8FFEE77B
:10846000AC00002010B586B00024039405AA04A92E
:1084700003A80494FFF7FCFEDDE903010094CDE9B5
:10848000011000230EA11048059A00F074FA0F495C
:108490000028086311D0502080F31188BFF34F8F5C
:1084A000BFF36F8F4FF0FF30C862012088610C610D
:1084B00006B0BDE8104000F075B806B010BD000071
:1084C00049444C4500000000657E0008AC000020D7
:1084D0000248416B491C416370470000AC0000201A
:1084E0001448416B11B10121016270470021016202
:1084F0004169B1FA81F1C1F11F0101EB81020E491D
:1085000051F822306BB101EB820101F108034A6896
:1085100052684A609A4201D152684A60D16801604B
:108520007047502080F31188BFF34F8FBFF36F8FD8
:10853000FEE70000AC0000207820002038B504469B
:1085400041F0800040EA0220ADF80000618B00227B
:108550006068FBF7D5F902226946E3682068FBF7FB
:1085600062FF0546618B01226068FBF7C9F9002DA7
:1085700008D02B4604A264210948F7F751FF0848A8
:10858000FEF7BCFF38BD0000535049207472616E85
:10859000736D6974206661696C65643A20256400B6
:1085A0005C1300201CB5194908780190FF20087061
:1085B00008788DF800009DF80000154A00F0500082
:1085C00010700720906005E09DF800305B008DF88A
:1085D0000030401E9DF800301B06F5D4000200F468
:1085E000E0609060019808700A48016841F47001E9
:1085F0000160016841F070410160FFF7D7FE002083
:108600005060F7F7F9FD00201CBD000000E400E019
:10861000FC00002020ED00E0F8B517460E460500EE
:1086200014D0DEB105FB06F04830FFF7FFFC040074
:108630000AD0002084F8460004F148023B46314647
:1086400028460094FFF720FC2046F8BD502080F318
:108650001188BFF34F8FBFF36F8FFEE70020E3E772
:1086600038B5049D18B153B1CAB181B120E0502092
:1086700080F31188BFF34F8FBFF36F8FFEE7502059
:1086800080F31188BFF34F8FBFF36F8FFEE7502049
:1086900080F31188BFF34F8FBFF36F8FFEE739B1BF
:1086A000502080F31188BFF34F8FBFF36F8FFEE729
:1086B00048241C46012384F846302B460094FFF7DB
:1086C000E3FB204638BD000070B50D46040025D000
:1086D000FFF70AFED4E90F20216802FB0011616058
:1086E0000021A1632168A1600A46D4E90F01401E60
:1086F00000FB0121E16021464FF0FF3001F8440FFB
:10870000487004F110008DB1FFF7BCFD04F12400A6
:10871000FFF7B8FDFFF708FE012070BD502080F381
:108720001188BFF34F8FBFF36F8FFEE721690029D8
:10873000F0D000F009FA0028ECD004494FF0805046
:108740000860BFF34F8FBFF36F8FE3E704ED00E0E6
:108750002DE9FF4782B01D468A464FF0000804000D
:1087600003D0BAF1000F08D011E0502080F3118837
:10877000BFF34F8FBFF36F8FFEE7206C38B15020EF
:1087800080F31188BFF34F8FBFF36F8FFEE7022D89
:108790000AD1E06B012807D0502080F31188BFF385
:1087A0004F8FBFF36F8FFEE700F010F93F4F4FF090
:1087B00000094FF0805648B9049838B1502080F332
:1087C0001188BFF34F8FBFF36F8FFEE7FFF78CFD6C
:1087D000A06BE16B884207D3022D05D00498D0B17D
:1087E000B8F1000F1AD01EE02A4651462046FFF786
:1087F000DDFA616A19B104F1240000F0A5F920B195
:108800003E60BFF34F8FBFF36F8FFFF78DFD0120E9
:1088100006B0BDE8F087FFF787FD22E06846FFF766
:10882000FBFD4FF00108FFF77FFDFFF751FEFFF75B
:108830005BFD94F94400401C01D184F8449094F904
:108840004500401C01D184F84590FFF76DFD04A957
:10885000684600F02DF830B12046FFF7B1FB00F07C
:10886000ADF90020D4E7FFF73FFDA06BE16B884234
:1088700013D1FFF759FD04F110000499FFF7DAFD59
:108880002046FFF79DFB00F099F900289ED13E603D
:10889000BFF34F8FBFF36F8F98E7FFF745FD20467B
:1088A000FFF78EFB00F08AF990E7000004ED00E08E
:1088B00070B50C4605000ED0ACB1FFF715FD164B98
:1088C00019696A682E685B6A881A9E4213D08A42C8
:1088D00011D8012418E0502080F31188BFF34F8F86
:1088E000BFF36F8FFEE7502080F31188BFF34F8FE7
:1088F000BFF36F8FFEE72168814209D9081A206013
:108900002846FFF789FD0024FFF70EFD204670BDC5
:1089100000202060DDE70000AC0000202DE9FF5FB3
:108920008346DDE90E87994616468A469000FFF792
:108930007DFB05001CD05420FFF778FB040014D009
:108940000020256384F85100CDE90240CDE900877D
:108950004B46324651465846FFF7A1FA2046FFF7EC
:10896000C5F9012004B0BDE8F09F2846FFF7F0FCF0
:108970004FF0FF30F6E7F0B585B0DDE90B640A9DF6
:10898000A6B1DCB1542700972663022684F8516013
:10899000002604AFCDE90246CDE90057FFF77FFA84
:1089A0002046FFF7A3F9049805B0F0BD502080F3EE
:1089B0001188BFF34F8FBFF36F8FFEE7502080F316
:1089C0001188BFF34F8FBFF36F8FFEE705488169B2
:1089D00019B1406B18B10020704701207047022088
:1089E00070470000AC0000202DE9F0412E4C00271C
:1089F000606B40B1E069401CE061206A00B1012772
:108A00003846BDE8F0812669761C266113D160687E
:108A1000006838B1502080F31188BFF34F8FBFF347
:108A20006F8FFEE76068A1686160A060606A401CAB
:108A30006062FFF7A1FAE06ADFF87080864209D32E
:108A40006068006880B16068C068C5686868864210
:108A50000DD2E0622068C06A00EB800158F8210066
:108A60000128CAD90127C8E74FF0FF30F1E7281DD8
:108A7000FFF7EAFBA86A18B105F11800FFF7E4FB5D
:108A8000E86A0121626981401143616100EB800164
:108A900008EB8100291DFFF71BFCE86A2168C96A01
:108AA0008842CDD30127CBE7AC00002078200020FE
:108AB00070B504004FF0000140D0214D2868844279
:108AC00007D0502080F31188BFF34F8FBFF36F8F13
:108AD000FEE7A06C38B1401EA064636CE26A9A4263
:108AE0002CD040B12AE0502080F31188BFF34F8F83
:108AF000BFF36F8FFEE7201DFFF7A6FB114A012190
:108B000050B9E06A00EB800352F8233023B96B6957
:108B100001FA00F083436B61606CE062C0F1070012
:108B2000A061E06A6B6981401943696100EB8000D4
:108B300002EB8000211DFFF7CBFB0121084670BD31
:108B4000AC000020782000202DE9F041C068C46806
:108B5000ACB104F118000746FFF776FB154D686BC2
:108B60000126A0B139461448FFF7B2FBE06A296834
:108B7000C96A88421CD901202E62BDE8F0815020CC
:108B800080F31188BFF34F8FBFF36F8FFEE7201D77
:108B9000FFF75AFBE16A6A6906FA01F0104368615F
:108BA00001EB81000449B43901EB8000211DDBE7B2
:108BB0000020E2E7AC0000202C2100202DE9F04746
:108BC0002C4D00242746686B38B1FFF78DFB686B8E
:108BD000401E6863686B40B146E0502080F3118806
:108BE000BFF34F8FBFF36F8FFEE7E968224E01207E
:108BF000D1B3A6F1B40980463068E8B1F068C46822
:108C000004F11800FFF720FB201DFFF71DFBE06AB1
:108C10006A6908FA00F11143696100EB800109EB10
:108C20008100211DFFF754FBE06A2968C96A884268
:108C3000E2D3C5F82080DFE70CB1FFF79DF9EC69BE
:108C400044B14646FFF7D0FE00B12E62641EF9D152
:108C50000020E861286A38B1084901273807086010
:108C6000BFF34F8FBFF36F8FFFF75EFB3846BDE852
:108C7000F0870000AC0000202C21002004ED00E073
:108C800010B500290AD00878002807D00548784494
:108C9000F9F7EAF9002801D0002010BD0248784415
:108CA00010BD00004E1600004616000010B5002949
:108CB0000AD00878002807D005487844F9F7D4F995
:108CC000002801D0002010BD0248784410BD0000EB
:108CD000321700002A17000021F00042A2F1605272
:108CE000B2F5801F01F0004328BFD2F17F6C0BD991
:108CF0005FEA001C43EAC20242EB507018BF7047A3
:108D000028BF20F001007047B2F5801FBCBF184695
:108D100070474FEA410C1CF5001F02D2084600F0D4
:108D20006CBF70B500F058FB00000089FFF7F6BF7C
:108D30004FF00040A0F580007047000010B591EAA8
:108D4000030F48BF83F0004300F18C84841A71EB59
:108D5000030C05D2121943EB0C03001B61EB0C0151
:108D6000DFF824E14FEA1154A4EB135C1EEA430F31
:108D700018BF9EEA445F73D023EA0E03DCF1200E95
:108D800021EA045143F4801332D322FA0CFE10EB93
:108D90000E0023FA0CFE41EB0E01CCF1200E03FA7B
:108DA0000EFE10EB0E0051F10001B1F5801FCCF169
:108DB000200E32D201EB045112FA0EF2BDE810403F
:108DC00058BF7047401C38BF5FEA420218BF704767
:108DD000002814BF20F0010041F100014FEA4103D7
:108DE00013F5001F38BF7047A1F1C04100F0EABB86
:108DF000012A43EB0302ACF1200CDCF11F0E32BF61
:108E00004FF0000E23FA0CF310EB030041EB04517A
:108E1000B4EB115FD0D0A1EB045101F580114908EA
:108E20005FEA300001EB04510ED350F1000038BF6F
:108E300012FA0EFE08D1BDE81040C9E7401C38BF49
:108E40005FEA4202CAD1C3E7BDE810404FEA4103DE
:108E500013F5001F38BF7047A1F1C04100F0B2BB4D
:108E60009EEA445F08D011EA5E0FBDE8104004BFDF
:108E700001F0004100207047BDE8104070B500F0DF
:108E8000ABFA00BF64FBBE3E0000E0FF02494FF0BA
:108E9000000000F0BCBE00BF0000F87F491058BFC2
:108EA000C1F140415B1058BFC3F140438B42EFF327
:108EB000008070472DE9C04130B4DFF8A0C23CEA21
:108EC000111418BF3CEA131400F0EC8081EA03058A
:108ED0001CEA111444EAD57418BF1CEA131500F0FB
:108EE000C780A4EB05044FF0004545EAC12145EADF
:108EF000C32341EA505143EA525304F17F7499422B
:108F000004F500344FEAC0204FEAC22208BF904265
:108F100000F09C804FEA13650FF24016765D4FEA31
:108F2000134506FB05F7C7F1807706FB07F74FEA05
:108F3000D737A7FB03687642C8F58038A7FB06CE73
:108F400038BFA8F1010807FB08E64FF0000EA6FBAA
:108F5000028CE6FB03CEDCF1000CCEF1004E38BFF4
:108F6000AEF1010EA6FB0C584FF000074FF00005C4
:108F7000E6FB0E87A1FB08C6A0FB07CE16EB0E068C
:108F800045F10005E1FB076515F1E04E7EBFA4F554
:108F900080345FEA46066D4116F1800745F1000511
:108FA0004FEA17274FEA066647EA0567A6F1DE464D
:108FB000B6F1805F4FEA15251FD9384624F0010C21
:108FC00005EBC471BCF1FE6F01EB0C1102D8F0BCD3
:108FD000BDE8008124425CBF01F5801E9EEAC47F8B
:108FE00002D4F0BCBDE80081244238D4F0BCA1F129
:108FF000C041BDE8004100F0E5BA4FEAD22242EAA2
:1090000043524FEAD323A7FB02864FEAD02040EA1F
:10901000415007FB03661EEA0E0F4FEAD12105FB04
:10902000026658BFA6EB0056B6EB00564FEA520E4A
:109030004EEAC37E18EB0E0E56EB530EBDD518EB61
:1090400002085E417F1C55F10005B6E74FF480151C
:109050004FF000074FF000064FF00008ADE7F0BCFE
:109060004FF0000001F1C04101F00041BDE8008176
:1090700011EA0C1F0CEA131500D00CE013EA0C1FC8
:1090800000F025804FF00000F0BC81EA030101F000
:109090000041BDE80081F0BCBDE8004181EA030168
:1090A00000F090BAF0BCBDE8004170B500F094F952
:1090B000097EFC3E00F007B881EA03014FF0000092
:1090C00001F00041704781EA030100F07BBAF0BC77
:1090D000BDE800414FF0000021497047FFFDFBF95A
:1090E000F7F5F4F2F0EEEDEBE9E8E6E4E3E1E0DEDB
:1090F000DDDBDAD8D7D5D4D3D1D0CFCDCCCBCAC84D
:10910000C7C6C5C4C2C1C0BFBEBDBCBBBAB9B8B773
:10911000B6B5B4B3B2B1B0AFAEADACABAAA9A8A866
:10912000A7A6A5A4A3A3A2A1A09F9F9E9D9C9C9B34
:109130009A999998979796959594939392919190DF
:109140008F8F8E8E8D8C8C8B8B8A89898888878770
:109150008685858484838382828181800000FF07E5
:109160000000F87F51EA030C17D41CF5801F58BF8C
:10917000BCF5801F00F10680994218BF704708BFF8
:109180009042704707D711F5801F58BF13F5801F15
:1091900019D499427047894270471CF5801F08D541
:1091A000BCF5801FF7D58B4218BF704708BF8242BD
:1091B00070474FF4001C1CEB410F38BF1CEB430FF2
:1091C00001D28B42704770B500F006F99224490035
:1091D0004FF000514FF08053FFF760BE10F0004297
:1091E00048BF4042B0FA80F310FA03F10AD0C3F14D
:1091F0001D0303F580634FEA415002EB035202EB7B
:10920000D12170474FF000007047000051EA030C75
:1092100017D41CF5801F58BFBCF5801F00F10680D5
:10922000994218BF704708BF9042704707D711F5A1
:10923000801F58BF13F5801F19D499427047894287
:1092400070471CF5801F08D5BCF5801FF7D58B42F1
:1092500018BF704708BF824270474FF4001C1CEBD8
:10926000410F38BF1CEB430F01D28B42704770B5E2
:1092700000F0B2F8922449004FF000514FF08053B3
:10928000FFF70CBEDFF848C170B51CEA111E1EBF07
:109290001CEA13159EEA0C0F95EA0C0F00F06F8084
:1092A00081EA030423EA4C134EEAD47E21EA4C11EE
:1092B00041F4801143F48013AE44A1FB024CA0FBA7
:1092C0000365AEF17F7E361955EB0C05A1FB034C0F
:1092D0004CF10003A0FB021C16EB0C06654153F198
:1092E0000003094218BF46F0010613F4007F0BD1BA
:1092F0004FEA03314FEA0530340341EA155140EAA1
:1093000016506FF003020AE04FEAC3214FEAC5206E
:10931000F40241EA555140EA56506FF0020202EB66
:109320002E4201EB025585EACE710AD05FEA440C69
:1093300018BF24F0004450F1000041F1000120EA80
:10934000D47040F2FE7C624500D270BDA84214BFCA
:109350004FF080444FF04044002E08BF0024BEF17F
:10936000806FA8BFA1F1C041BDE8704080F22A81A2
:109370004FF0000001F1C04101F0004170479EEA4A
:109380000C0F0CEA131518BF95EA0C0F06D04FF01E
:10939000000081EA030E0EF0004170BD00F01CF8E1
:1093A0008900013E00F007B800F009B84FEA430C0D
:1093B0005FEA5C5C08D081EA030100F003B94FEA80
:1093C000410C5FEA5C5CF6D14FF000000149704748
:1093D0000000FF070000F87F0EF1020E2EF0030ED2
:1093E0005EF8046B364205D4012A43EB030515F5FC
:1093F000001F12D8012841EB010C1CF5001F0CD8EE
:109400000ED14FEAD17C15F5001F0CEB4C0C0CF182
:10941000020C08BF4CEBD37C04E04FF0080C01E0D9
:109420004FEAD37C0CEB4C0526FA05F606F007064E
:10943000B6F1040C06D20EEB860CBDE870404CF081
:10944000010C6047DFE80CF0090B02024FF000410D
:109450004FF00000A1F5002170BD1946104601280B
:1094600051EB010418BFD4F5001484BF002001F0B3
:10947000004170BDDFF844C170B53CEA111418BF5B
:109480003CEA131500F08F8011F1004F1CEA131510
:109490000CEA111468BF45F0050518BF11EA0C1F4E
:1094A00000F079802E4621EA4C1123EA4C1341F456
:1094B000801143F48013A5F58035AC423DDD801A60
:1094C0009941A4F5803609D54042C1F1000134BF6D
:1094D000B1F10101B1F1000185F0010511F4F01FB6
:1094E00008D011F4801FE8D1400041EB0101A4F540
:1094F0008034F6E721F00041B1FA81F6202E04BF56
:10950000B0FA80FE0EF12006A6F10B06B6F1200E91
:10951000A4EB06440CD2C6F1200E01FA06F120FAA3
:109520000EF641EA0601CEF1200600FA06F003E04D
:1095300000FA0EF14FF00000BFE750EA410E23D0D1
:109540004FEA244EBEEB254F0FDB994208BF9042F5
:1095500004D00AD3520043EB0303B0E74FEA1646A8
:10956000B6EB144F08BF85F00105B4F5803401EB6C
:10957000041181EAC57100DB70BD01F1C0414FF0FB
:10958000000001F0004170BD4FEA45714FF000004E
:1095900001F0004170BD1CEA131F09D04FF000001C
:1095A00001F0004170BDFFF717FF00BFEDFFFF3E68
:1095B000BDE870404FF00000014970470000FF0710
:1095C0000000F87F0808A0F500114FEA310170474C
:1095D00053EA010C17D41CF5801F58BFBCF5801F3F
:1095E00000F106808B4218BF704708BF8242704767
:1095F00007D713F5801F58BF11F5801F19D48B4270
:1096000070479B4270471CF5801F08D5BCF5801F32
:10961000F7D5994218BF704708BF904270474FF482
:10962000001C1CEB430F38BF1CEB410F01D29942C9
:1096300070470FB40CBC03BCFFF719BE91EA030FCF
:1096400010B581F000413FF581AB83F0004300F09D
:1096500009B8000010B591EA030F48BF83F000433A
:109660003FF574AB841A71EB030C07D212198CF01E
:10967000004C43EB0C03001B61EB0C01DFF8A4E191
:109680004FEA1154A4EB135C1EEA430F18BF9EEA85
:10969000445F00F0B08023EA6E03524221EA045195
:1096A000C3EB6E0338BF5B1EDCF1200E25D322FA1C
:1096B0000CFE10EB0E0043FA0CFE41EB0E01CCF158
:1096C000200E03FA0EFE10EB0E0051F10001CCF15A
:1096D000200E29D412FA0EF201EB0451BDE810401D
:1096E00058BF7047401C1CBFB2F1004F70470028A4
:1096F0000CBF491C20F00100704712EB020E43EB37
:10970000030218BF4FF0010E4EEA4202ACF1200CEA
:10971000DCF11E0E54D943FA0CFE10EB0E0051F191
:10972000FF31CCF11E0ED5D50EF1010E12FA0EFE50
:10973000404141EB010101EB445C5FEA5C5C10D904
:1097400010EBDE7001EB045138BFBEF1004FBDE8F5
:10975000104018BF704700280CBF491C20F00100C2
:10976000704730D24FEAD42C11F5001124F4006474
:109770001BD0B1FA81F20B3AA41AA41ED2F1200335
:10978000914030FA03F31943904001EBCC71002C67
:1097900001EB0451BDE81040A8BF704701F1C04182
:1097A0004FF0000001F000417047B0FA80F310FA6A
:1097B00003F100D110BDE41A173C4805C90AE4E7DB
:1097C00001EB045110BD491001EB0451BDE81040FC
:1097D0004FEA300002E04FF0000170474A0008BF36
:1097E0000042F8D0B2F5001F28BF704701F00041D9
:1097F0004FF0000070479EEA445F07D011EA5E0F09
:10980000BDE8104004BF002100207047BDE81040B3
:1098100070B5FFF7E1FD00BF40DFF63E83F0004189
:10982000104670470000E0FF43004FEAD30C4FEAB8
:109830003C0C43401FBF40070CF1605113F0FE4F3A
:1098400070471CF0006F03D100200CF000417047FE
:109850000CF0004343EA507010B540EACC0000F031
:1098600086F900BF000000924FEA0001FFF7AABE90
:109870004FF000414FF00000A1F5002170470000BB
:109880004FF47F0C1CEAD0121EBF1CEAD11392EADF
:109890000C0F93EA0C0F00F0858090EA010F48BF8F
:1098A00042F4807240F4000C41F400002CF07F413F
:1098B00020F07F4000B58142A2EB03020FF2081CAA
:1098C000ACEB504EC0F100009EF800E04FEA4E0EA7
:1098D00000FB0EFC38BF49004FEA2C1C02F5FA02CF
:1098E0000CFB0EF34FEACE1E4FEA112C4FEAC121BA
:1098F0000EEB635E42EB22420EFB0CFC4FEA1C5364
:1099000000FB03114FEA112C4FEA01310EFB0CFC56
:109910004FEADC4C00FB0C11C14228BF09184CEB8C
:1099200003335DF804EB10EB410143EBC250B2F599
:109930007C0F38BF704729D512F0F00F1CBF00F123
:10994000C04000F000407047008182838485868794
:1099500088898B8C8D8E8F919293959697999A9CEE
:109960009D9FA0A2A3A5A7A8AAACAEB0B2B3B5B75D
:10997000B9BCBEC0C2C5C7C9CCCED1D4D7D9DCDF33
:10998000E2E6E9ECF0F3F7FAFE0000004FEA400CE3
:109990000CF1807CBCF17E4F28BF7047B0F1C04015
:1099A00000F02BB990EA010F0CEAD11348BF42F442
:1099B0008072624538BF634507D213F47F0F16D01B
:1099C00080EA010000F00040704710B500F0CFF8C9
:1099D000097EFC3E00F005B880EA010000F000407E
:1099E000704780EA010000F0004000F006B912F470
:1099F0007F0F04BF0248704780EA010000F0FDB805
:109A00000000C07F41000B0ED3F19E0208D950F434
:109A100000034FEA032323FA02F048BF4042704795
:109A200010B500F0A4F800BF4992248000207047D0
:109A30006FF0004282EA20007047000010F0004101
:109A400048BF4042B0FA80F310FA03F2C3F19D031D
:109A50000BD051EAC35101EB1220530638BF7047B7
:109A600000F1010008BF20F0010070474FF47F0CA7
:109A70001CEAD0121EBF1CEAD11392EA0C0F93EA23
:109A80000C0F00F0478090EA010F48BF42F480724B
:109A90004FF0004C4CEA00204CEA012102EB03029B
:109AA000A0FB0113A2F50002002918BF43F0010337
:109AB0005B0028BF4FEA330342EB22425FEA132CDC
:109AC0004CEBC2502EBFBCEB436FB2F57C0F70471E
:109AD0004FEA036CBCF1004F08BF20F00100B2F563
:109AE0007C0F38BF70470BD582F0FF0212F5803F24
:109AF000C8BF704700F1C040D8BF00F000407047B9
:109B000000F5000C5FEA4C0C48BF7047B0F1C04054
:109B100000F073B890EA010F0CEAD11348BF42F489
:109B20008072624538BF634504D280EA010000F0CC
:109B30000040704710B500F01AF800BF8900013EE0
:109B400000F007B800F009B85FEA410C5FEA1C6C4E
:109B500008D080EA010000F050B85FEA400C5FEAEC
:109B60001C6CF6D14FF00040A0F5800070470EF15C
:109B7000020E2EF0030E5EF8044B244204D44FEA8A
:109B80004102B2F17F4F11D84FEA4003B3F17F4F4A
:109B90000CD80ED14FEAD07CB2F17F4F0CEB4C0CBD
:109BA0000CF1020C08BF4CEBD17C04E04FF0080C28
:109BB00001E04FEAD17C0CEB4C0324FA03F404F0EF
:109BC0000704B4F1040C06D20EEB840CBDE810407F
:109BD0004CF0010C6047DFE80CF0070802024FF080
:109BE0000040A0F5800010BD0846420018BFD2F129
:109BF000807288BF00F0004010BDFF2141EAD050C4
:109C0000C00570474FF000007047F7F7A1B90CF09E
:109C10000F03092B08BF082000F05F800A2B0BD030
:109C2000082B18BF704708BF1CF0400F0AD04FF038
:109C300000004FF0000170471CF0400F18BF4FF0BC
:109C4000004070471CF0100F08D020F0704300F067
:109C50007F4242EAD3014FEA4370704700F0604010
:109C600021F07F4242EA000201F07F4040EA727038
:109C700070474FF0FF0C4CF4E06C1CEA11531CBF12
:109C80009CEA030C9445C2BFDA4201EB02517047D3
:109C9000002B0DD0BCF1000F0FD0002A01F00041C5
:109CA000A4BF41F0E04141F07F614FF000007047F8
:109CB00001F000414FF00000704750EA01334FF0CF
:109CC0009B0C18BF4CF0806C7FF4E0A87047F8F74D
:109CD0003FB8F8F72FBAF8F7BDBB1CF4801F11D0BE
:109CE0001CF4E02F03D06FEACC31490070474FF0ED
:109CF0004050EFF3008222F0704242EA000282F309
:109D0000008870474FF0000070470000089F00086F
:109D10002166000801000000000000008000000033
:109D20000000000000000000EC9E0008896D0008A3
:109D3000FFFF0000000000008000000000000000A5
:109D400000000000F89E0008756F0008FFFF00008B
:109D50000000000080000000000000000000000083
:109D6000189F0008256F0008FFFF0000000000009A
:109D7000800000000000000000000000A0A2000819
:109D8000296F0008000000000000000050000000E3
:109D900000000000000000000000000000000000C3
:109DA0000102030406070809000000000102030481
:109DB0003031323334353637383941424344454601
:109DC00040305800303132333435363738396162FB
:109DD000636465664030780002400000000000A027
:109DE0000000000005400000000000C80000000066
:109DF0000C4000000000409C0000000019400000E2
:109E00000020BCBE0000000034400000BFC91B8E13
:109E100000000004B5400000504BCFD06607E2CFF1
:109E2000010000006C4100003E8251AADFEEA73421
:109E300001000000D9420000DCB5A0E23A301F97D3
:109E4000FFFFFFFFB4450000FD25A0C8E9A3C14FF7
:109E5000FFFFFFFFFF3F0000000000800000000048
:109E6000FF3F000000000080000000004D53434F02
:109E700032354C303231340A00000000687474709E
:109E80003A2F2F6170702E736D61762D6167726F3E
:109E90002E636F6D3A383038302F6170692F76310C
:109EA0002F4D53434F32354C303231342F000000A8
:109EB000617474726962757465733F736861726509
:109EC000644B6579733D70686F6E65006174747280
:109ED0006962757465733F7368617265644B657917
:109EE000733D73657456616C756500004C6F7261EB
:109EF0005461736B0000000053656E6444617461CB
:109F00005461736B00000000446961676E6F737485
:109F100069635461736B00005270635461736B002A
:109F2000617474726962757465733F736861726598
:109F3000644B6579733D75726C00000061747472D6
:109F4000696275746573000074656C656D65747223
:109F5000790000007B2257696E645F73746174221C
:109F60003A252E32662C224761735F6C766C223A5A
:109F7000252E32662C2254656D7031223A252E3200
:109F8000662C2254656D7032223A252E32662C22C0
:109F900048756D31223A252E32662C2248756D3275
:109FA000223A252E32662C2272737369223A2022BD
:109FB0002573222C226F70657261746F724E616D11
:109FC00065223A20222573222C226D6F64756C6500
:109FD000537461747573223A20222573222C225304
:109FE0005F4261747465726965223A252E32662C6F
:109FF0002272656C61795374617465223A2022255E
:10A0000064222C224D616368696E65223A252E32E6
:10A01000662C2242617474657279223A252E32666A
:10A020007D000000000000002B2B2B2B2B2B2B2B5B
:10A030002B2B2B2B2B2B2B2B2B2B2B2B2B2B2B2B70
:10A040002B2B2B2B2B2B2B2B2B2B2B2B2B2B2B5239
:10A05000454C4159204F46462B2B2B2B2B2B2B2B82
:10A060002B2B2B2B2B2B2B2B2B2B2B2B2B2B2B2B40
:10A070002B2B2B2B2B2B2B2B2B2B2B2B2B2B2B2B30
:10A080002B2B2B2B2B2B2B2B2B0000002B2B2B2BA1
:10A090002B2B2B2B2B2B2B2B2B2B2B2B2B2B2B2B10
:10A0A0002B2B2B2B2B2B2B2B2B2B2B2B2B2B2B2B00
:10A0B0002B2B2B52454C4159204F4E2B2B2B2B2B0E
:10A0C0002B2B2B2B2B2B2B2B2B2B2B2B2B2B2B2BE0
:10A0D0002B2B2B2B2B2B2B2B2B2B2B2B2B2B2B2BD0
:10A0E0002B2B2B2B2B2B2B2B2B2B2B2B000000006C
:10A0F000534D41562D25733A0A436F6D6D616E6461
:10A100003A2044495341524D0A5374617475733A6D
:10A1100020535543434553530A456E67696E653A6C
:10A120002044495341524D45440A52656C61793A85
:10A13000204F464625630000534D41562D25733A66
:10A140000A436F6D6D616E643A20534156450A5360
:10A1500074617475733A20535543434553530A460B
:10A1600072657175656E63793A202564206D696E3C
:10A170000A4D6F64653A204E4F524D414C256300A5
:10A18000534D41562D25733A0A436F6D6D616E64D0
:10A190003A20544553540A5374617475733A2053EA
:10A1A0005543434553530A4672657175656E63792D
:10A1B0003A202564206D696E0A4D6F64653A20541B
:10A1C0004553542563000000534D41562D25733AE5
:10A1D0000A436F6D6D616E643A204C4F4E470A53CF
:10A1E00074617475733A20535543434553530A467B
:10A1F00072657175656E63793A202564206D696EAC
:10A200000A4D6F64653A2045434F4E4F4D592563C3
:10A2100000000000534D41562D257328312F32295F
:10A220003A0A456E67696E653A0A2D2025730A2D34
:10A230002052656C61793A2025730A2D20426174A1
:10A24000746572793A252E3166560A2D204761735E
:10A250003A252E316625250A576561746865723A7C
:10A260000A2D2054313A252E3166B0432048313A28
:10A27000252E316625250A2D2054323A252E3166A9
:10A28000B0432048323A252E316625250A2D205725
:10A29000696E643A252E3166204B6D2F6825630068
:10A2A00053494D427566665461736B0008A40008FB
:10A2B000000000200C0100002801000814A500087F
:10A2C0000C01002064300000440100080000000080
:10A2D0000000F07FFFFFFFFFFFFFEF7F1001000096
:10A2E00043000000F8FFFFFF004040404040404076
:10A2F0004040414141414140404040404040404059
:10A3000040404040404040404005020202020202FC
:10A31000020202020202020202202020202020204B
:10A32000202020020202020202029090909090905F
:10A33000101010101010101010101010101010101D
:10A340001010101002020202020288888888888891
:10A35000080808080808080808080808080808087D
:10A360000808080802020202400000000000000085
:10A3700000000000000000000000000000000000DD
:10A3800000000000000000000000000000000000CD
:10A3900000000000000000000000000000000000BD
:10A3A00000000000000000000000000000000000AD
:10A3B000000000000000000000000000000000009D
:10A3C000000000000000000000000000000000008D
:10A3D000000000000000000000000000000000007D
:10A3E0000000000000000000000000001C00000051
:10A3F00043000000F8FFFFFF0C0000000E0000000B
:10A400000F0000002E00000000000000010000000E
:10A410000000803F0000803F00000040000000403E
:10A4200024A000086C9E00087C9E0008489F00083D
:10A43000CC9E0008B09E0008209F00083C9F0008AA
:10A44000000000000000000000000000000000000C
:10A4500000000000000000000000000000000000FC
:10A4600000000000000000000000000000000000EC
:10A47000000100000A0000000000000000000000D1
:10A4800000000000000000000000000000000000CC
:10A490002B33323737303030323032393532343591
:10A4A000000000000100000010000000000000009B
:10A4B0000024F40000000000000000000000000084
:10A4C000000000000000000000000000000000008C
:10A4D000000000000000000000000000000000007C
:10A4E000000000000000000000000000000000006C
:10A4F000000000000000000000000000000000005C
:10A500000000000000000000AAAAAAAA00000000A3
:04A510000000000047
:04000005080000ED02
:00000001FF
