:020000040800F2
:10000000583100206D0200089F500008454E00083E
:100010009D50000861300008BD730008000000001A
:10002000000000000000000000000000D5010008F2
:10003000913000080000000019020008517000080B
:10004000870200088702000887020008870200086C
:10005000870200088702000887020008870200085C
:10006000870200088702000887020008870200084C
:10007000870200088702000887020008870200083C
:100080008702000887020008192E0008870200086E
:10009000870200088702000887020008870200081C
:1000A00087020008ED700008870200088702000838
:1000B00087020008870200088702000887020008FC
:1000C00087020008870200088702000887020008EC
:1000D000870200088702000887020008B173000841
:1000E00087020008870200088702000800F002F873
:1000F00000F060F80AA090E8000C82448344AAF162
:100100000107DA4501D100F055F8AFF2090EBAE85F
:100110000F0013F0010F18BFFB1A43F0010318473B
:10012000B4A00000D4A00000103A24BF78C878C161
:10013000FAD8520724BF30C830C144BF04680C60ED
:10014000704700000023002400250026103A28BF35
:1001500078C1FBD8520728BF30C148BF0B60704739
:10016000662909F0BA85692900F09E81642900F0AA
:100170009B81782900F0D481632901F04E80732996
:1001800001F05380002070471FB59DE8030000F088
:1001900045FD01F043F904000020002108F0D8FDDE
:1001A000401C60600020002108F0E8FDE0601FBDF9
:1001B00010B510BD01F080FC1146FFF7E5FF07F018
:1001C0001BFD01F01BFF03B4FFF7F2FF03BC01F0BE
:1001D0008BFF0000224B19680868B0E8F00F80F32D
:1001E0000988BFF36F8F4FF0000080F311884EF045
:1001F0000D0E70470000000006480068006880F39C
:10020000088862B661B6BFF34F8FBFF36F8F00DF10
:1002100000BF00BF08ED00E0EFF30980BFF36F8F70
:100220000F4B1A6820E9F00F106008B54FF050002E
:1002300080F31188BFF34F8FBFF36F8F08F0B8F9C9
:100240004FF0000080F31188BDE808401968086885
:10025000B0E8F00F80F30988BFF36F8F704700BFDD
:10026000AC000020EFF3058070470000094880478C
:1002700009480047FEE7FEE7FEE7FEE7FEE7FEE788
:10028000FEE7FEE7FEE7FEE704480549054A064BA0
:1002900070470000E9700008ED000008582B0020AE
:1002A00058310020582D0020582D002070B50646EA
:1002B00000F094FC056806F10B0020F00704B4423E
:1002C0009CBF002070BD2B466A68BAB11068A0427E
:1002D00010D304F1080188423CBF5068586007D32E
:1002E0005168101941601168091B01605860146061
:1002F000101D70BD13465268002AE7D121462846DA
:1003000000F078FC0028DED170BD53EA020C00F04A
:1003100069802DE9F04B4FF00006002B1FBFB3FAA8
:1003200083F503FA05F424FA05F65E4012BF16437E
:10033000B2FA82F502FA05F4C5F120051EBF22FAD1
:1003400005FC44EA0C04203556EA044C4FEA1444F8
:1003500018BF641C4FF000084FF00009904271EB89
:10036000030C39D3002919BFB1FA81F701FA07F656
:10037000B0FA80F700FA07F6C7F120071EBF20FA8F
:1003800007FC46EA0C062037B6FBF4FCA7EB050792
:10039000103F07F01F0BCBF120060CFA0BFB2CFAD9
:1003A00006F644BFB3460026202FA4BF5E464FF09A
:1003B000000B5BEA060C08BF4FF0010B19EB0B09B1
:1003C000ABFB027C48EB0608C01B06FB02CC0BFB18
:1003D00003CC71EB0C01C1E70B460246414648468F
:1003E000BDE8F08B13B54FF000004FF00001AFF304
:1003F0000080BDE81C4070470FB41CB5074B06AA2F
:100400007B4469460090059800F0DDFE00206946B7
:1004100000F0ECFE1CBC5DF814FB0000E90D0000D0
:100420000FB41CB50C0007AA009001D02044401E58
:10043000074B7B4469460190069800F0C4FE002CEF
:1004400003D06946002000F0D1FE1CBC5DF814FB0F
:10045000C10D000070B50C460546012A05D028786C
:10046000800600D5EA69002302E0012305E05B1C59
:10047000934202D2E05C0028F9D1A869E618C01ABC
:10048000A861286A184428622846AFF3008004E077
:10049000D5E9012114F8010B9047B442F8D328465E
:1004A000AFF3008070BD00002DE9F0410646002446
:1004B00010687529314616A510D0AFF300800028CA
:1004C00002DA404213A507E031688A0701D512A578
:1004D00002E0490704D511A5012401E0AFF3008033
:1004E00000210A2206F1240709E0B0FBF2FCB0FB70
:1004F000F2F302FB1C00303078541846491C0028E7
:10050000F3D123462A463046BDE8F04100F0EEBB69
:10051000000000002D0000002B0000002000000063
:1005200070B504460D4621461068AFF3008021885F
:10053000090502D50F4A7A4402E00E4A7A440E3287
:10054000002104F1240305E000F00F060009965D88
:100550005E54491C0028F7D120780023000704D5F9
:10056000702D02D009B1022311322046BDE870403F
:1005700000F0BCBB469900002DE9F0474FF0000A9F
:1005800089460446C0F820A02046E1688847002834
:1005900076D0252806D0D4E901219047206A401C56
:1005A0002062F1E7E168204600258847C4F81CA0D6
:1005B00006460027C4F818A02A2E09D0304606F0B7
:1005C000A8FF38B304EB8708303EC8F8186019E07C
:1005D00059F8041B204604EB87029161E1688847C3
:1005E000012F064618D1E069002820DA25F0200501
:1005F0001DE0D8F8180000EB800006EB4000303812
:10060000C8F818002046E1688847064606F081FFD2
:100610000028EED1012F0AD02E2E08D12046E16805
:1006200088477F1C0646022F45F02005C4DBA069E1
:10063000002803DA404245F00105A061E80701D037
:1006400025F01005B6B1A6F14100192802D82036D0
:1006500045F400654A463146204625604D46FFF781
:100660007FFD58B1012806D0ED1D25F0070000F1EF
:10067000080989E704E005F1040985E730468AE7BF
:10068000206ABDE8F08700000FB400B58DB010A956
:10069000099000910B904FF0FF300A9000200C90D1
:1006A000064878440690064878446A4607900F99B1
:1006B00009A800F0D3FD0DB05DF814FBD70B0000C6
:1006C000EF0B00002DE9FF5F1D464FF0FF3B914609
:1006D0004FF000085F46D5E90146A96901987F1CE3
:1006E0008847296A824688470028F6D1BAF1FF3F39
:1006F0000CD0002E24F4C06419DD600614D5BAF1C4
:100700002B0F09D0BAF12D0F0ED103E0584604B0DB
:10071000BDE8F09F44F48064A96901987F1C884774
:10072000761E8246002E02DDBAF1300F03D0B9F1F9
:10073000000F26D032E0A969761E01987F1C44F490
:1007400000748847002E824605DDBAF1780F06D086
:10075000BAF1580F03D0B9F1000F10D01EE0B9F173
:10076000000F02D0B9F1100F18D1A969761E0198B7
:100770007F1C24F4007488478246102002E0082081
:1007800000E00A20814609E0A96908FB0908761EF5
:1007900001987F1C44F4007488478246002E05DDD2
:1007A0004946504600F045FD0028EDDAE969019818
:1007B0008847A00502D46FF00100A8E7E00725D123
:1007C000600613D5600502D5C8F1000000E0404680
:1007D00029680A1D2A600968220501D5087015E0FC
:1007E000220701D5088011E008600FE02868011D8C
:1007F00029600068210502D580F8008006E0210705
:1008000002D5A0F8008001E0C0F8008038467EE7FD
:100810002DE9FF5F4FF0000899461446464691695E
:10082000D2E901A7DDF838B001988847054659EAB2
:100830000B0005D009E0A1690198761C88470546A0
:10084000216A284688470028F5D1681C03D05FEA52
:10085000CA7005D015E04FF0FF3004B0BDE8F09F3E
:100860002068011D2160D0F800800AE05FEACA70AC
:1008700001D108F8015BA169761C01987F1E8847A9
:100880000546002F1ADD681C18D0B9F1000F0DD0F5
:10089000E81705EBD060421120F01F0059F8221034
:1008A0002A1A012090400142E0D107E0BBF1000F7D
:1008B000DCD12846216A88470028D7D0E169019811
:1008C0008847BBF1000F07D1002E05DD5FEACA7033
:1008D00002D1002188F80010A068B84203DDBBF106
:1008E000000F03D017B16FF00100B6E73046B4E750
:1008F00070B5064600F076F90468054630460A22CF
:10090000002100F02DFD2C6070BD0000014A00F0B8
:100910005FBD000008010020401ECAB210F8011F90
:100920008A4202D00029F9D10020704730B505462F
:100930000B462A4613F8014B12F8010B08B1A042EE
:10094000F8D01CB1002802D06D1CF1E7284630BD5C
:1009500040EA0103024630B59B0710D14FF0013445
:1009600000E008C208C91D1B9D4315EAC41FF8D04A
:1009700013F0FF0102F8011B0DD01B0AF8E711F874
:10098000013B002B02F8013B05D011F8013B002B85
:1009900002F8013BF3D130BD10B5431C02E010F862
:1009A000011B71B18107FAD14FF0013202C88C1AD4
:1009B0008C4314EAC211F9D0C01A0A0603D0C01E33
:1009C00010BDC01A10BD0A0401D0801E10BD09025E
:1009D000FCD0401E10BD421E12F8013F002BFBD17F
:1009E00011F8013B002B02F8013BF9D17047032AB3
:1009F00040F2308010F0030C00F0158011F8013B3C
:100A0000BCF1020F624498BF11F801CB00F8013B22
:100A100038BF11F8013BA2F1040298BF00F801CBE6
:100A200038BF00F8013B11F0030300F02580083ABD
:100A3000C0F0088051F8043B083A51F804CBA0E814
:100A40000810F5E7121D5CBF51F8043B40F8043B69
:100A5000AFF30080D20724BF11F8013B11F801CB9E
:100A600048BF11F8012B24BF00F8013B00F801CB6F
:100A700048BF00F8012B704710B5203AC0F00B803A
:100A8000B1E81850203AA0E81850B1E81850A0E892
:100A90001850BFF4F5AF5FEA027C24BFB1E81850EC
:100AA000A0E8185044BF18C918C0BDE810405FEA5C
:100AB000827C24BF51F8043B40F8043B08BF7047D8
:100AC000D20728BF31F8023B48BF11F8012B28BFDD
:100AD00020F8023B48BF00F8012B70474FF000029E
:100AE0000429C0F0128010F0030C00F01B80CCF140
:100AF000040CBCF1020F18BF00F8012BA8BF20F8AE
:100B0000022BA1EB0C0100F00DB85FEAC17C24BF01
:100B100000F8012B00F8012B48BF00F8012B7047AB
:100B20004FF0000200B5134694469646203922BF86
:100B3000A0E80C50A0E80C50B1F12001BFF4F7AFD1
:100B4000090728BFA0E80C5048BF0CC05DF804EBB3
:100B5000890028BF40F8042B08BF704748BF20F821
:100B6000022B11F0804F18BF00F8012B704710B511
:100B7000044610F0030F08BF11F0030F40F015807A
:100B80004FF0013E121FC0F20E8051F8043BA3EB60
:100B90000E0C2CEA030C1CEACE1C08BF40F8043BE8
:100BA000F0D0A1F1040102F10402521E08DB11F899
:100BB000013B002B00F8013BF7D11146FFF78EFFF8
:100BC000204610BD704770477047000010B500F018
:100BD00025FC001D10BD00BF798100000048704752
:100BE000002B002000487047F82A0020704770470B
:100BF0007047704738B504460A4600206946AFF38F
:100C00000080002808BF38BD02460099204600F049
:100C100009FC012038BD012000F028BFF8B5AFF372
:100C20000080054600200C46102000BF0646A8198B
:100C3000A0420DD9324669460020AFF3008007007C
:100C400008BF00F013FF0098A04218BF0546C41962
:100C5000FFF7C4FF05600746F01D20F007004619A6
:100C6000284600F00AF8B44208BFF8BDA21B31467E
:100C70003868BDE8F84000F0D5BB00210160C0E94C
:100C8000011070471020704770B50446051FFFF72C
:100C9000A5FF0068002C14BF446870BD002C18BF6D
:100CA000AC423CBF20466468F8D301680A18AA42E7
:100CB00018BF456003D12A680546114401602868C1
:100CC0004119A1421CBF6C6070BD616869602168F8
:100CD0000844286070BD10B5FFF784FF006810BDA0
:100CE00010B50446FFF77EFF046010BD2DE9F04704
:100CF0000D4699469246044600F12408016888068C
:100D000004D5E06921F01001216000E00120A84233
:100D100001DD471B00E00027A1697A1902EB0900F9
:100D2000081AA0612078C00602D42046AFF30080E4
:100D3000002608E0D4E901211AF806009047206A4D
:100D4000401C761C20624E45F4DB2078C0060AD594
:100D50002046AFF3008006E0D4E90121302090471F
:100D6000206A401C2062381EA7F10107F4DC07E06E
:100D7000D4E9012118F805009047206A401C206240
:100D8000281EA5F10105F3DC2046AFF30080207892
:100D9000000602D50220BDE8F0870120FBE770477E
:100DA0002DE9FF4F0C461E464FF0FF378BB0D2E9BE
:100DB0000001DDF860800A908A46C1F30A5505B942
:100DC0003D46002108464FF00000BAF1000F00F444
:100DD000400005DA00EB80004FF4400101EA5000CA
:100DE0004FEA9059B9F1010F00DDB9460A9850EA6F
:100DF0004A000ED044F61050A5F2FF3545432F149B
:100E0000B8F1000F1ED07542291E1EDDC9F1000287
:100E10001CE0B8F1010F4FF0000001D0302103E0D9
:100E2000F24305E02154401CB042FBDB3046002277
:100E3000002121540B99C1F80880C1E900200FB0AE
:100E4000BDE8F08FBD1B6D1CDEE74A4600DA694243
:100E500006A800F099FD06AB93E8070003AB83E812
:100E6000070050460A9901F0A2FB8DE80700A0F5A3
:100E700000501F3800900398002D0ADD42F21F0138
:100E80004A460844002303A90390684601F04EFE39
:100E900009E0A0F500504A461F38002303A903903B
:100EA000684601F06DFE8DE807000004000C03D0D9
:100EB0004FF0FF30410800E01046B8F1000F03D0BA
:100EC0000022009215461EE0751E05D400F0C4FAFB
:100ED000303262556D1EF9D5B3460122084302D067
:100EE00000227F1C04E02078302801D100227F1EE0
:100EF000002A099784D01DE0112D07DA00F0ACFA22
:100F0000303262556D1C50EA0102F5D1084302D01F
:100F10000098C8B10EE00021681E05E0235C625C09
:100F200063542254401E491C8142F7DBAB46A81B88
:100F3000401E0990002004F80B000B98099AC0F895
:100F40000880C0E9002B7AE711264FF0000857E728
:100F50002DE9F04F88460446D21D22F0070191B0DA
:100F6000D1E90001CDE90A0106F029FA02460B9801
:100F7000C00F01D02D2007E02068810701D52B206C
:100F800002E0202101EAC000032A099001D0072ACB
:100F900005DB03464146204600F0ACFA0BE1207821
:100FA000800601D5E06900E00620B8F1650F8146B2
:100FB00006D0B8F1660F18D0B8F1670F70D131E0E4
:100FC0000020B9F1110F009001DB112301E009F1BC
:100FD00001030AAA01A90CA8FFF7E2FEDDE90C70E3
:100FE000002609F10105834647E001204B460090A9
:100FF0004FF000470AAA01A90CA8FFF7D1FEDDE9CE
:101000000DB00C995D46002610B909F101000D18CC
:10101000B9EB050003D4C0F1FF3609F10105A5EBDA
:1010200009002BE0B9F1010F01DA4FF001090020AE
:10103000B9F1110F0090484601DD112300E003468D
:101040000AAA01A90CA8FFF7ABFEDDE90C704D461A
:1010500000268346207800070AD4AB4500DA5D46B7
:1010600001A8012D04DD411911F8011C302907D018
:101070004F4502DA17F1040F04DA012082460FE02F
:101080006D1EEEE7002F02DCED1B3E4403E0781CF2
:10109000A84200DD7D1CB81B00F1010A4FF000479B
:1010A0002078000703D4AA4501DB4FF0FF3A002166
:1010B000B7F1004F0DF143088DF8431024D0022002
:1010C0002B23002F01DA7F422D230A21021EA0F1DB
:1010D000010000DC5FB197FBF1FC97FBF1F201FB33
:1010E0001C7C17460CF1300C08F801CDEEE7A8F196
:1010F000010003702188090501D5452100E0652123
:10110000A0F1010800F8011C09980FA9A1EB08073C
:10111000FF1D00B10120411901EBEA70A1693844BB
:10112000081A401EA0612078C00602D42046AFF302
:101130000080099828B1D4E901219047206A401C19
:1011400020622078C00622D52046AFF300801EE042
:10115000002E04DBB34502DD01A8805D00E03020F5
:10116000D4E901219047206A401C2062761CAAF134
:1011700001005FEA000A0AD100F050F9C068016876
:10118000405CD4E901219047206A401C2062281E5F
:10119000A5F10105DCDC07E0D4E9012118F8010B19
:1011A0009047206A401C2062381EA7F10107F3DC3B
:1011B0002046AFF30080032011B041E601694A1CCC
:1011C00002610878704700B58FB0CDE90131002188
:1011D000059105497944CDE9031011466846FFF7AA
:1011E000CBF90FB000BD0000E5FFFFFF0A6802F871
:1011F000010B0A607047D1E900239A4202D2531CC6
:101200000B601070704710B5436913B1AFF30080E5
:1012100001E0FFF71FF9012010BD127800F1240151
:101220000A7000224A700122EDE711684FF0FF3288
:10123000E9E73A2800D2303820F02002412A01D3D1
:10124000A2F13700884201D34FF0FF307047000011
:10125000026811441378016018467047D16005494F
:1012600079445161044979441162002111611146A8
:1012700000F080B9EDFFFFFF79020000426842B143
:10128000016811F8013B23B1521EC0E90012184653
:1012900070470121C160881E704742685AB1C36817
:1012A000016843B983688B4205D0491E521CC0E9CE
:1012B0000012002070474FF0FF3070470FB400233A
:1012C00000B589B00CA900910B99CB60214B7B44F0
:1012D0000693214B7B44079304236FF00042CDE932
:1012E00001321E4A7A446B4608920246002008F0FA
:1012F00056FD09B05DF814FB70B506464FF0FF309F
:1013000015460C46324686B00091CDE9010169468A
:101310000020049004A8FFF7D1FF0246049821188A
:1013200025B108B1084600E020462860049800284E
:101330000DD0002A02DD0098884208D03246081BF2
:1013400069460094CDE9010404A8FFF7B7FF06B091
:1013500070BD0000ABFFFFFFC3FFFFFFFB010000FC
:101360002DE9F04791460F4680460446002614F8C2
:10137000015B2DB1FFF72AFC0068405DC007F6D184
:101380002B2D02D02D2D18D0641E4A4639462046FA
:1013900000F0AAFA27B13968A14201D1C7F800804C
:1013A0004FF0020471050BD54042002803DDFFF722
:1013B00019FC0460A007BDE8F08746F48066E4E706
:1013C0000028F8DAFFF70EFC04606FF00040F2E747
:1013D0002DE9F04115460E46040002D12C6804B9EF
:1013E0000BA4204600F059FB0444207870B1274636
:1013F0003146384600F041FB0444207810B100200B
:1014000004F8010B38462C60BDE8F0810027F9E7AD
:101410000000000000487047F82A0020004870478C
:10142000182B0020034640688C46002818BF8842CD
:101430003CBF03464068F8D318681844884207D078
:101440000CF1030020F00700001D411A521A01465A
:10145000081D0A60FFF718BC30B5B0F10A024FEA68
:10146000900E71F100034EEA817EB0EB0E0061EB4D
:1014700091014FEA101E4EEA017E10EB0E0041EB87
:1014800011114FEA102E4EEA016E10EB0E0041EBE7
:1014900011214FEA104E4EEA014E10EB0E0041EBC7
:1014A0001141401841F100014FEAD00040EA41707B
:1014B0004FEAD10110EB80054FEA810444EA9074B1
:1014C00044EB01046D1944EB0404521BA3414FF09B
:1014D000000348BF0A3200D530BD401C41F1000175
:1014E00030BD10B50446FFF771FB0068005D00F0E9
:1014F000010010BD2DE9F0411F4604460326016896
:10150000072A01F4006004DB08B116A505E016A562
:1015100003E008B115A500E015A521F0100020603A
:10152000A069C01EA0610FB1401EA0612046AFF3AC
:1015300000804FB1D4E9012138469047206A401C11
:101540002062C01C206206E0206AFAE7D4E901218B
:1015500015F8010B9047761EF8D22046AFF30080B5
:10156000BDE8F0814E414E006E616E00494E46006E
:10157000696E66002DE9F34F4FF0000A0C4656469F
:101580008DB001200C9001F10C000B9062690B985A
:1015900001219047051E2DD0252D2CD0216A88478A
:1015A000C0B162690B9801219047216A88470028E1
:1015B000F7D16269411E0B98904700E0761CA16943
:1015C0000D988847216A88470028F7D1E1690D986E
:1015D0008847DBE7A1690D988847A842074601D1F3
:1015E000761CD3E7E1690D9888477F1C02D1BAF1D8
:1015F000000F6FD06BE162690B9800273D463946BA
:1016000090472A2804D162690B980121904701254F
:10161000DFF8D08262690B9801219047A0F1300178
:101620000A290AD24745E5DC07EB870100EB4107B1
:10163000303FDFD445F01005ECE7E90601D46FF048
:1016400000476C280AD04C2814D0682815D06A2886
:101650000DD074281CD07A281AD01DE062690B982E
:10166000012190476C2802D045F0040514E045F0B4
:1016700002050DE045F020050AE062690B980121A2
:101680009047682802D045F0080505E045F400655C
:1016900062690B9801219047C4E9015765283DD044
:1016A00019DC58287AD00CDC452837D004DC2528F2
:1016B00026D041289ED131E046282FD0472899D105
:1016C0002CE05B2877D0612828D063287CD0642860
:1016D00023D15AE0F6E06F2848D008DC66281DD0F8
:1016E00067281BD0692821D06E2816D127E07028E2
:1016F00045D0732868D0752847D078280DD14DE0A3
:10170000A1690D988847252805463FF469AFE1692E
:101710000D9888476D1C3FF46AAFD8E00D992346B9
:101720006A466FF0010008F03AFBC5E045F0400062
:1017300023464FF000026060A80736D43EE0E80779
:101740007FF447AF2068011D21600068290501D59D
:1017500006701BE7290701D5068017E7A90703D5FF
:10176000F117C0E9006111E706600FE745F040009E
:1017700023464FF008026060A80716D41EE040F62A
:101780000E0125EA0100606016E045F040002346A6
:101790004FF00A026060A80707D40FE045F0400050
:1017A0006060A80708D5234610220D996FF001004C
:1017B000AFF3008080E007E0102223460D996FF020
:1017C0000100FEF77FFF77E04FF0000963284F46E6
:1017D000C8464B46CB4602D05B2806D038E0E80628
:1017E00001D40120A060012732E06269D4F80CB076
:1017F0000B98012190475E2807D14FF00109494617
:101800006269D4F80CB00B989047216939B900216E
:101810000A4603AB43F82120491C0829FADBD8B358
:10182000216949B308F1010862690B9801219047C9
:101830005D28F4D1B9F1000F09D0002003A951F8B7
:101840002020D24341F82020401C0828F7DB03ABBE
:101850002069002820794FEA40701ED05B4622465E
:10186000CDF80080CDE901970D9900286FF00100B7
:1018700020DAAFF300801FE0C11703AA00EBD161AB
:101880004B1121F01F0102EB8302411A1368012062
:10189000884003431360C7E719E00D9922460028EA
:1018A0006FF00100009702DAAFF3008004E0FEF76A
:1018B000AFFF01E0AFF3008000280ADA401C06D138
:1018C0000C9820B14FF0FF300FB0BDE8F08F5046BC
:1018D000FAE7E90701D10AF1010A064400200C9059
:1018E00054E60000CCCCCC0C2DE9F05F82461546C6
:1018F0008B4600270AF10104B9460078302801D050
:101900009DB113E014F8010B0127782803D0582863
:1019100001D045B10AE00DB1102D07D1002714F810
:10192000010B102502E0082500E00A250026B0463C
:101930000EE005FB080005FB06F101271FFA80F801
:1019400001EB1046B6F5803F00D3B94614F8010B01
:101950002946FFF76EFC0028EBDABBF1000F05D03B
:101960000FB1641E00E05446CBF80040B9F1000FFF
:1019700006D0FFF737F902210160C81EBDE8F09FCD
:1019800048EA0640FAE700002DE9F047814616468E
:101990008AB0354878440DC88DE80D003248784447
:1019A000801C03AC0DC884E80D0041F69B30084450
:1019B000372190FBF1F290FBF1F5A5F1800501FBD9
:1019C00012041B3C02D56442012000E00020DFF835
:1019D00098A080460027FA44AAF1BE0A0EE0E0076C
:1019E0000AD03246684607EB470101230AEB810122
:1019F00001F0C6F88DE8070064107F1C002CEED1C2
:101A0000194F7F44AE3F19E0E80715D007EB0410EB
:101A10000DF1180A90E80E008AE80E00C068F04246
:101A200001D1981908903246012306A903A801F0B4
:101A3000A7F803AB83E807006D10641C002DE3D109
:101A40004FF0010332466946B8F1000F03A802D0F7
:101A500001F06CF801E001F093F8C9E90001C9F860
:101A600008200AB0BDE8F0878C85000010B500F0B2
:101A7000D3FABDE8104000F0CABA30B503461D786D
:101A80001DB10A4603E0AC4201D1181A30BD12F86C
:101A9000014B002CF7D15B1CF1E730B503461D78F4
:101AA0003DB10A4612F8014B1CB1AC42FAD15B1CA5
:101AB000F5E7181A30BD70477546FFF7ABFCAE4628
:101AC00005006946534620F00700854618B020B54A
:101AD000FEF7DAFBBDE820404FF000064FF00007AC
:101AE0004FF000084FF0000B21F00701AC46ACE8C6
:101AF000C009ACE8C009ACE8C009ACE8C0098D4633
:101B0000704700002DE9FF4F06468BB00878FF288C
:101B100006D0491C2D2805D000244FF0000908E00C
:101B200000200CE00124F8E709EB8903491C00EBD5
:101B300043090878FF28F7D114B1C9F100008146A4
:101B4000107800252C46AA4629462D2801D02B289E
:101B500004D1521C2D2813D0002082468B461078C9
:101B6000FF280FD04FF0000C0A21521CA5FB017872
:101B700004FB018105FB0C11C5194BEB0104EEE7D9
:101B80000120EAE7002108464FF00000BAF1000FFB
:101B900002D000EB80004008C0F38157012F01DD27
:101BA0004FF0FF370E9955EA040009EB01080BD0FE
:101BB0004FF0020918F5FA7F16DA4FEACA70002FC3
:101BC000706008DD012007E04FEACA70C6E900B086
:101BD0000FB0BDE8F08F00203060FFF703F8C0F8C9
:101BE00000901821084616E0B8F5FA7F18DD002F9E
:101BF00002DAF748784401E0F6487844D0E900106A
:101C0000C6E9001040EACA707060FEF7EBFFC0F84A
:101C10000090142108460FB0BDE8F04F08F05AB804
:101C2000002108464FF00000B8F10001099002DAE7
:101C3000C7F1000200E03A4601DAC8F1000106A847
:101C4000FFF7A2FE06AB93E8070003AB83E80700AB
:101C500044F23E005BEA04010090584604D144F28D
:101C60001E012C465D460091210C0904014306D15A
:101C70000099240444EA15442D041039009104F01D
:101C80007F41014306D10099240244EA15642D02E4
:101C90000839009104F07041014306D100992401F4
:101CA00044EA15742D01091F009104F040410143DD
:101CB00006D10099A40044EA9574AD00891E0091F4
:101CC00004F00041084304D100986D196441401E9E
:101CD00000904FF001033A466846B8F1000FCDE995
:101CE000014503A902DD00F060FF01E000F033FFD1
:101CF000BAF1000F04460D4601D084F000440021E3
:101D000008464FF00000099940F2FF77484010F074
:101D10000C0F07D124F00040284303D0C4F30A502D
:101D2000B84212D1FEF75EFFC0F80090C4F30A502B
:101D3000B8420AD1A8487844D0E90010C6E900109A
:101D400004F000410843706042E7C6E900543FE7F1
:101D50002DE9FF4F1F464FF0000A4FF0FF38454670
:101D600091B0D7E90146CDF83CA0FFF757FBC0681A
:101D70000168405C1090B96912986D1C8847396AF7
:101D8000814688470028F6D1B9F1FF3F0AD0002EDE
:101D900024F4D06411DDB9F12B0F08D0B9F12D0F67
:101DA0000BD102E0404615B013E744F48064B969F2
:101DB00012986D1C8847761E8146600504A901D5DE
:101DC0002D2000E02B20002E01F1010B0DF1300839
:101DD0008DF810003FDDB9F1690F08D0B9F1490F56
:101DE00005D0B9F16E0F02D0B9F14E0F1CD13B46B0
:101DF00001A8009580E85002DDE912126FF00200A0
:101E000007F0D1FFC11CCED10EE0B96912986D1C4C
:101E1000884781461398761E44F4007405600F9835
:101E2000401C002E0F9016DDB9F1300FEDD0B9F146
:101E3000780F02D0B9F1580F0DD10F9801280AD1AF
:101E40003B46CDE90054DDE91212001F029607F06F
:101E5000A8FFC11CA7D1109989453ED144F0800448
:101E600006E01399681CAAF1010A44F400740860A2
:101E7000B9696D1C1298761E884730288146F0D0CB
:101E80002BE01099894505D1200603D4761E44F035
:101E9000800418E0484605F03CFB08B3761E0DF1BF
:101EA00023018B4544F4007408D2A9F130000BF8EB
:101EB000010B200607D5AAF1010003E0200602D499
:101EC0000AF101008246A00502D51399681C08603A
:101ED000B96912986D1C88478146002ED1DC53E009
:101EE000002E51DDB9F1650F02D0B9F1450F4BD18C
:101EF000A00549D5B9696D1C1298761E24F440746A
:101F00008847002E81460CDD2B2804D0B9F12D0F17
:101F100007D144F48074B96912986D1C8847761E05
:101F20008146E00501D52D2100E02B2108F8011B99
:101F3000CDF8008021E0761E0DF13901884544F48A
:101F400000740CD2A9F1300010F0FF0088F80000F6
:101F500002D10099884509D908F1010806E0E00599
:101F600001D51E4801E042F20F708246B96912980D
:101F70006D1C8847814613980560002E04DD484695
:101F800005F0C7FA0028D6D1F96912988847FF20D2
:101F900053468BF8000088F8000000200A900B9050
:101FA00004AA0CA90AA8FFF7ADFDA00502D46FF0A2
:101FB0000100F8E614F0240F12D0E0071CD13868B5
:101FC000DDE90A12031D3B600068C0E9001213E05E
:101FD00004860000F6850000BA840000F1D8FFFFF7
:101FE0000AA9684605F024FAE00705D13868009A86
:101FF000011D3960006802602846D4E610B5044629
:10200000AFF300802046BDE81040FEF7DCB80028A2
:1020100001D000F069B8704710B5012805D0002143
:1020200003A000F067F8012010BD09A1F8E7000047
:1020300053494752544D454D3A204F7574206F66B1
:102040002068656170206D656D6F72790000000019
:102050003A2048656170206D656D6F727920636FFD
:1020600072727570746564004FF0013C50F8042B77
:1020700051F8043B9A4221D1A2EB0C03934313EA9B
:10208000CC1317D150F8042B51F8043B9A4215D1C8
:10209000A2EB0C03934313EACC130BD150F8042B9F
:1020A00051F8043B9A4209D1A2EB0C03934313EA83
:1020B000CC13DBD04FF00000704700BFD01A01BA3C
:1020C000B1FA81F101F0180122FA01F0CB40C1F11F
:1020D0002001DBB2C0B2C01A2CFA01F3D11A91432D
:1020E00011EAC311E6D1704701491820ABBEFEE7E3
:1020F0002600020070B505460C460A2000E06D1C63
:1021000000F011F835B128780028F8D102E0641CFD
:1021100000F009F814B120780028F8D1BDE870402B
:102120000A20AFF3008008B569468DF8000003204F
:10213000ABBE08BD2DE9FF4F1F464FF03C0987B0ED
:102140004FF00042DDE9141001F10108DDF858A05C
:1021500002EA40500390002005908346054604465D
:102160000490B969461E08988847AAF1010A0290AE
:10217000BAF1000F3BDD02982E2815D01021FFF791
:1021800058F800282EDB4FF0010B0599014317D0BA
:10219000B9F1000F0BDB4A46C11700F0F5F9054312
:1021A0000C43A9F1040905E0012004900BE008B1FB
:1021B00045F0010501200590049820B9361D02E084
:1021C000049800B1361FB969089808F101088847DA
:1021D000BBF1000FAAF1010A0290C9D00999C1F818
:1021E0000080C5E70298702808D0502806D0F96909
:1021F00008988847BBF1000F14D04FE000200290F0
:102200000120BBF1000F049009D0B969089808F1CA
:1022100001088847AAF10109B9F1000F07DCF96943
:10222000089888476FF001000BB0BDE8F08F2B28AD
:1022300004D02D280CD14FF0FF300490B9690898D4
:1022400008F101088847A9F10109B9F1000FE6DD9D
:10225000411CE4D00A21FEF7ECFF0028DFDB0299E5
:1022600008F1010801EB810100EB41000290B9691E
:10227000089888470A21FEF7DCFF099AA9F10109AD
:10228000B9F1000FC2F8008001DD0028E7DAF96932
:10229000089888470499029800FB016655EA0400F3
:1022A00004D004F04041090002D006E0039898E011
:1022B000A40044EA9574AD00B61E04F00041080085
:1022C00002D16D196441761E159810F0240F03D0C9
:1022D0004FF00B095C4803E04FF028096FF07D00D8
:1022E0008246564507DAAAEB06018944B9F1410F47
:1022F00001DD4FF0410901200021A9F1010200F0A8
:1023000043F9024628400B462140084301D00121F1
:1023100000E00021501E029143F1FF31284021408E
:10232000084301D0012000E000200299834651EAD1
:102330000B014FD0002108464FF00000039900F434
:10234000400039B100EB80004FF4400100EBD07049
:1023500001EA60008015012802DD4FF0FF3000E047
:1023600013D0401C36D0029860B3BBF1000F0CD1E3
:102370004A460120002100F007F928402140084387
:1023800001D0012000E00020E0B101204A460021F8
:1023900000F0FAF8034640190A4661412D1A8C41B3
:1023A00011D3B9F1400F09DD159810F0240F02D0B8
:1023B000AAF1340603E0AAF1170600E0761C002516
:1023C0004FF0004406E05B1E42F1FF3220EA0305B5
:1023D00021EA0204CAF10100B04206DA1B4903985F
:1023E00008430190002000900EE0039AC4F3D3212B
:1023F000E80A0A43164940EA44500A433146CDE907
:102400000002684605F07AF8159810F0240F0BD0FA
:102410001598C00715D13868DDE90012031D3B602F
:102420000068C0E900120CE002A8694605F000F857
:102430001598C00705D13868029A011D39600068F7
:1024400002604046F0E6000002FCFFFF0000F07F63
:102450000000F03F2DE9FF4F92461D4685B04FF03A
:102460000041DDE9124BDDE914727F1E01EA4B5099
:10247000414940F0FF4940EA0108002122F02000D4
:102480004928049102D04E2828D04CE03BA00126D8
:1024900007C88DE80700A9690698641C88477F1E55
:1024A000014606D41DF8060018B121F02001814232
:1024B0000BD0E96906988847032E34D0082E32D015
:1024C0006FF0010009B0BDE8F08F761C032E01D03B
:1024D000082EE0D1601CCAF80000DCE7A969069864
:1024E000641C88477F1E2AD420F02000412826D172
:1024F000A9690698641C88477F1E20D420F020001C
:102500004E281CD1A9690698641C88477F1E48F490
:10251000002849F48009CAF8004001D4282806D0D0
:10252000E969069888475FEACB7012D022E0A96972
:102530000698641C88477F1E01D4002803DAE969E5
:1025400006988847BCE72928F1D1641CCAF80040E6
:10255000E9E71BF0240F07D028680499031D2B60BE
:102560000068C0E9001805E02868021D2A600068BC
:10257000C0F800902046A5E70000F07F494E46498C
:102580004E49545900000000B2F120030AD5C2F1AF
:10259000200301FA02F120FA03F300FA02F041EA03
:1025A0000301704700FA03F14FF0000070475FEA43
:1025B000400C08BF91F0000F4FEA8C234FEAC12274
:1025C00043EA51514FEA1C5018BF00F5F0404FEA62
:1025D000300018BF41F000415FEA6C5C00F02980D8
:1025E000BCF1FF3F08BF40F080407047130C06BFAE
:1025F00012044FF0100C4FF0000C130E04BF120227
:102600000CF1080C130F04BF12010CF1040C930F12
:1026100004BF92000CF1020CD30F04BF52000CF166
:10262000010C11464FF00002A0F11F00A0EB0C00BE
:10263000704711F0004F08BF704731F000413FF480
:10264000D5AF0B0C06BF09044FF0100C4FF0000C77
:102650000B0E04BF09020CF1080C0B0F04BF09019B
:102660000CF1040C8B0F04BF89000CF1020CCB0F92
:1026700004BF49000CF1010CCCF12003A0EB0C00CD
:1026800022FA03F302FA0CF241EA030100F101001D
:10269000704720F07F4C80EA030023F07F47ACEBCB
:1026A000070303F57C5300F0004003F1FF032DE91D
:1026B00080494FEA154B09B44FEA144325EA0B4E03
:1026C00024EA03480FF2042606EB132749083E7854
:1026D0005FEA320203FB0667C7F5000707FB06F651
:1026E0004FEA54374FEAD64606F1020607FB066C5E
:1026F000CCF1005C4FEA1C472CEA074C07FB06F4C0
:102700000CFB06F504EB15464FEA961634BF002085
:102710004FF000404FEAD13706FB07FC4FEA1C4C54
:102720000CFB0BF7D21B03FB0CF761EB07010CFB57
:102730000EF7B0EB074072EB17420CFB08F734BF03
:10274000A2EB0742B2EB074261EB17414FEA0C44A0
:102750004FEA910706FB07FC4FEA1C4C0CFB0BF7FA
:10276000B0EBC74072EB573203FB0CF734BFA2EB60
:10277000C742B2EBC74261EB57310CFB0EF7B0EB2F
:10278000C70072EB57720CFB08F734BFA2EBC7020D
:10279000B2EBC70261EB5771039F4FEA816141EAD7
:1027A000921104EBCC044FEAD1374FEA826206FB68
:1027B00007FC42EA90124FEA80604FEA1C4C0CFB87
:1027C0000BF7D21B03FB0CF761EB07010CFB0EF7B9
:1027D000B0EB074072EB17420CFB08F734BFA2EBDB
:1027E0000742B2EB074261EB17414FEA8C554FEAC3
:1027F000910704EB9C2406FB07FC4FEA1C4C0CFBE6
:102800000BF7B0EBC74072EB573203FB0CF734BF4A
:10281000A2EBC742B2EBC74261EB57310CFB0EF79C
:10282000B0EBC70072EB57720CFB08F734BFA2EB9A
:10283000C702B2EBC70261EB577115EB4C254FEAAB
:10284000816141EA92114FEA82624FEAD13742EA4E
:10285000901206FB07FC44F100044FEA80604FEA47
:102860001C4C0CFB0BF7D21B03FB0CF761EB0701B5
:102870000CFB0EF7B0EB074072EB17420CFB08F7AE
:1028800034BFA2EB0742B2EB074261EB174115EBF5
:102890001C154FEA813141EA92414FEA823242EA05
:1028A00090424FEA80304FEA0C7644F1000448EA47
:1028B00003434EEA0B484FF0000EB2EB080C71EBED
:1028C000030724BF624639464EEB0E0E4FF0000B55
:1028D0000018524149414BEB0B0BB2EB080C71EB6A
:1028E00003077BF1000B24BF624639464EEB0E0E08
:1028F0004FF0000B0018524149414BEB0B0BB2EB70
:10290000080C71EB03077BF1000B24BF62463946CC
:102910004EEB0E0E51EA020718BF46F0010616EB09
:102920000E7655F1000254F1000103D5BDE889018E
:10293000BDE80088BDE88901BDE80048B6195241EC
:1029400041EB0101A3F10103704780807F7E7D7C14
:102950007B7A7978777676757473727171706F6E31
:102960006E6D6C6C6B6A6A696868676666656464DC
:10297000636362616160605F5F5E5E5D5D5C5C5B66
:102980005B5A5A59595858575756565555555454D5
:10299000535352525251515050504F4F4F4E4E4D33
:1029A0004D4D4C4C4C4B4B4B4A4A4A49494948487F
:1029B00048474747474646464545454444444443BF
:1029C00043434342424242414141000046EA0646F7
:1029D000A3F570534FEA164646EA42564FEAD22212
:1029E00042EA415210B54FEAD121A3F1010300F0B0
:1029F0002FF820F0004000F1020C00F0004701EB3E
:102A000000501146BCF5006F40EA070000D210BD2F
:102A1000BAF1000F0AD01CB503B44FF004004FF018
:102A200004014FF000000FBCBDE810404FF0000162
:102A3000BBF1010FB9BF04484FF0FF31034800213B
:102A400040EA070010BD00BFFFFFEF7F0000F07FEE
:102A5000002B9C4630D477002BD01CB54FEA3707AB
:102A600003B44FF010004FF01001BAF1000F06D080
:102A7000BCF1000FDCBF40F0080040F008014FF04F
:102A800000000FBCBDE810400BF1010BBBF1010FC2
:102A900008BF5FEA170722BF12F1010211F101011D
:102AA0004FF0004143F1000300F0004043EA000012
:102AB0007047F9D35708D0E746EA064613F1400FAE
:102AC0004FEA16461FDD13F1200FDFBF16430A46FB
:102AD000002120335B42BED0C3F1200746EA064600
:102AE00002FA07F74FEA164646EA0706C3F120073F
:102AF00022FA03F201FA07F721FA03F14FF000037B
:102B000042EA0702A7E746EA020646EA06464FEA15
:102B1000164646EA0106BCBF46EA0646360C4FF0AA
:102B200000034FF000024FF0000194E72DE9804CC4
:102B30009A46934670B491E8380007C831EA400CD1
:102B400048BF34EA430C03D5FFF7A3FDFFF780FF2E
:102B5000F0BCBDE8008C2DE9804C9A46934670B4D9
:102B600091E8380007C831EA400C48BF34EA430C0A
:102B700003D5FFF78EFDFFF729FFF0BCBDE8008C01
:102B80002DE9804C9A46934670B491E8380007C806
:102B900010F0804F08BF13F0804F03D100F01AF8F7
:102BA000FFF756FFF0BCBDE8008C2DE9804C9A463B
:102BB000934670B491E8380007C810F0804F08BF02
:102BC00013F0804F03D100F005F8FFF7FFFEF0BCD3
:102BD000BDE8008C20F07F4780EA030023F07F4CA3
:102BE00007EB0C03A3F57C5300F00040A3F1FE03B8
:102BF00092F0000F00F0B38095F0000F00F07780A6
:102C00002DE901494FEA11404FEA144621EA0048F4
:102C100000FB06FC24EA064708FB06F607FB08F85B
:102C200000FB07F718EB06484CEB164C4FEA124B2B
:102C300018EB07484FEA15464CEB174022EA0B4EBB
:102C40000BFB06FC25EA06470EFB06F607FB0EFE0D
:102C50000BFB07F71EEB064E4CEB164C4FF0000635
:102C60001EEB074E4CEB174B18EB0B0840F1000026
:102C700018EB0E0B58EB000840F100008F1A4FF0D4
:102C800000013CBFC943661B14BFB5EB040C002117
:102C90003CBFC943F61B4FEA17444EEA8E0E27EAA3
:102CA00004454FEA1C4704FB07622CEA074C05FB6E
:102CB00007F70CFB05F604FB0CFC16EB074642EB92
:102CC000174216EB0C4642EB1C421BEB060658EB78
:102CD0000202414146EA9E0601D5BDE80189B619C6
:102CE000524141EB0101A3F10103BDE801894FEA23
:102CF00014454FEA114724EA054621EA074C05FB33
:102D000007F406FB07F70CFB06F105FB0CFC11EBC7
:102D1000074144EB17444FEA124711EB0C4144EBD7
:102D20001C4422EA074C05FB07F206FB07F70CFBE5
:102D300006F605FB0CFC16EB074642EB174216EBBA
:102D40000C4642EB1C456A1854F1000148BF70471D
:102D5000B619524141EB0101A3F10103704795F00F
:102D6000000F37D04FEA11424FEA144721EA0246DA
:102D700024EA074C02FB07F106FB07F70CFB06F4FD
:102D800002FB0CFC14EB074441EB17414FEA1547DB
:102D900014EB0C4441EB1C4125EA074C02FB07F500
:102DA00006FB07F70CFB06F602FB0CFC16EB0746CE
:102DB00045EB174516EB0C4645EB1C42121951F139
:102DC000000148BF7047B619524141EB0101A3F120
:102DD000010370474FEA14454FEA114724EA0546BC
:102DE00021EA074C05FB07F106FB07F70CFB06F28F
:102DF0004FF0000605FB0CFC12EB074241EB1741BC
:102E000012EB0C4251EB1C4148BF7047921841EB4A
:102E10000101A3F101037047014800F0C1B90000AE
:102E20002C13002070B5044600688168C943C907A7
:102E300017D1816821F00101816000F067FD05462E
:102E40000AE000BF00F062FD401B022804D92068A0
:102E50008068C043C00706D020688068C043C007B0
:102E6000F0D0002070BDA06A40F01000A062E06ABF
:102E700040F00100E062012070BD0000F8B50026BE
:102E80000446009600688168C943C9072DD081684F
:102E900041F001018160164816490068B0FBF1F06D
:102EA00000E0401E00900028FBD100F02FFD0546F9
:102EB00016E000BF00F02AFD401B022810D9206850
:102EC0008068C043C0070BD0A06A40F01000A06229
:102ED000E06A40F00100E06284F824600120F8BD5F
:102EE00020688068C043C007E4D10020F8BD00001E
:102EF000A800002040420F0010B500F057F8064827
:102F000000F02CFB4FF47A71034800F089FABDE819
:102F10001040014800F041B92C13002010B500F01A
:102F200057F8064800F01AFB4FF47A71034800F096
:102F300077FABDE81040014800F02FB92C130020AB
:102F400010B500F057F8064800F008FB4FF47A710E
:102F5000034800F065FABDE81040014800F01DB9D3
:102F60002C13002010B500F057F8064800F0F6FAD0
:102F70004FF47A71034800F053FABDE8104001485D
:102F800000F00BB92C13002010B500F057F80648DC
:102F900000F0E4FA4FF47A71034800F041FABDE81A
:102FA0001040014800F0F9B82C1300200EB50020A5
:102FB000009001200190052002906946034800F02E
:102FC0006DF8002801D000F064F80EBD2C1300202D
:102FD0000EB507200090012001900520029069465F
:102FE000034800F05BF8002801D000F052F80EBD55
:102FF0002C1300200EB50820009001200190052020
:1030000002906946034800F049F8002801D000F01A
:1030100040F80EBD2C1300200EB5092000900120B1
:103020000190052002906946034800F037F8002817
:1030300001D000F02EF80EBD2C1300200EB501209B
:1030400000900190052002906946044800F026F89F
:10305000002801D000F01DF80EBD00002C13002048
:10306000FEE70000084810B5007828B101231A4691
:103070000549064801F08CFEBDE8104001220249D6
:10308000024801F035BE0000650000201814002041
:10309000704700F0F9FC72B6FEE77047F8B50024FF
:1030A000009490F824202546012A12D0012280F8AD
:1030B00024204A681F23072A0DD20668776B521E08
:1030C00002EB820293409F430B6893401F43776358
:1030D00019E00220F8BD06680D2A0AD2376BD21F0C
:1030E00002EB820293409F430B6893401F43376378
:1030F00009E0F76A0D3A02EB820293409F430B68A6
:1031000093401F43F7620A68072306680A2A0AD316
:10311000F7680A3A02EB420293409F438B68934060
:103120001F43F76008E0376902EB420293409F4378
:103130008B6893401F4337610A68102A01D0112A17
:1031400020D1124B02689A4217D193681B0219D4FE
:10315000936843F4000393600968102912D10C4965
:103160000C4A0968B1FBF2F101EB8101490000E072
:10317000491E00910029FBD104E0816A41F0200141
:103180008162012480F824502046F8BD00240140CB
:10319000A800002040420F0070470068C06C7047D4
:1031A00010B5044600684168890626D5016889077C
:1031B00023D5A16AC90603D4A16A41F40071A162B2
:1031C0008168C1F34241072910D1217B71B941685F
:1031D00021F020014160A06A20F48070A062A06A02
:1031E000C00403D4A06A40F00100A0622046FFF7AB
:1031F000D3FF21686FF0120008602068416809065B
:103200002ED5016849072BD5A16AC90603D4A16A46
:1032100041F40051A1628168C1F30231072909D04C
:103220004168490515D48168C1F34241072910D18D
:10323000217B71B9416821F080014160A06A20F4CE
:103240008050A062A06AC00503D4A06A40F00100CB
:10325000A0622046FFF721FF21686FF00C00086094
:103260002068416849060DD50068C0070AD0A06AE9
:1032700040F48030A062204600F094F821686FF09E
:103280000100086010BD00002DE9F0414FF000077B
:1032900004003D467ED0A06A002628B9E66284F884
:1032A0002460204600F080F82046FFF7BBFDA16AAD
:1032B000C90600D420B1A06A40F01000A06269E005
:1032C000A16A21F4885141F00201A1626268E169BA
:1032D000237B0A4347EA43010A43A1684FF48077FE
:1032E000B94209D0012907D05FF0000194F814C059
:1032F000BCF1010F02D00AE03946F7E7F3B1A36A47
:1033000043F02003A362E36A43F00103E36223680E
:10331000D3F804C02CF4694C4CEA010CC3F804C087
:1033200021688B68DFF870C003EA0C0313438B60DD
:10333000A168B9420BD0012909D00CE0DFF85CC0CC
:10334000A3690CEB43330B4343F40061DFE7218AAD
:103350000D05A5F580152168CB6A23F470032B4376
:10336000CB62216889680E4B1940914208D1E66210
:10337000A16A21F0020141F00101A162BDE8F081E2
:10338000A06A20F0020040F01000A062E06A40F065
:103390000100E0620120F1E7FDF7E1FF00E0FFFF3F
:1033A000FE0E1FFF7047000010B586B0002100918F
:1033B00001910291039100681549884226D1154870
:1033C000816941F400718161816901F400710491A6
:1033D000816941F004018161816901F00401049176
:1033E000816941F0080181618069032400F00800CF
:1033F0000490B320CDE900046946074800F090F935
:10340000009469460548019400F08AF906B010BDA1
:10341000002401400010024000080140000C01405F
:103420002DE9F84300270D460446009700F06EFA98
:10343000804620688168C90508D5A06A40F0200050
:10344000A06284F824700120BDE8F8834168C905B2
:1034500003D4C06A10F4700F2AD0022000F026FBBB
:103460003B490968B1FBF0F62068036939490B4212
:103470004FEA61014FEAA1121FD1C3684FEA611CF4
:1034800013EA0C0F19D103690B4225D1C068104211
:1034900022D1142023E0681C0AD02DB100F036FAA6
:1034A000A0EB0800A84203D920680068800725D552
:1034B000206800688007EED52DE003690B4202D139
:1034C000C168114206D0026923490A4206D1C06888
:1034D000084203D1542002E0292000E0FC204643AA
:1034E000009816E0681C11D02DB100F00FFAA0EB87
:1034F0000800A8420AD90098B04207D2A06A40F05A
:103500000400A06284F8247003209DE70098401C0A
:103510000090B042E6D321686FF012000860A06A04
:1035200040F40070A06220688068C0F34240072821
:103530000CD1207B50B9A06A20F48070A062A06AF0
:10354000C00403D4A06A40F00100A06200207BE721
:10355000A8000020244992244992240070B5044612
:1035600090F8240001280DD0012084F82400204682
:10357000FFF784FC02004FF0000005D084F824001F
:10358000104670BD022070BDA16A40F2012399432C
:1035900041F48071A1621F4D23681F49AB4218D1CD
:1035A0000E6816F4702F14D0A66A46F48016A66230
:1035B0000E68760505D5A66A26F4005646F48056B0
:1035C000A662A66AF6040AD5E66A26F00606E66250
:1035D00006E0A66A26F48016A6625E68E9E7E06265
:1035E00084F824006FF00200186020688368C3F339
:1035F0004243072B05D1A84208D1096811F4702F66
:1036000004D0816841F480118160B9E7816841F498
:10361000A001F9E7002801400424014010B590F80A
:1036200021100022022905D00421816380F8202086
:10363000012010BD01680B6823F00E030B600168C8
:103640000B6823F001030B6090F84030C46B01213C
:1036500001FA03F3636080F8211080F820201046FF
:1036600010BD000010B590F821100024022903D0ED
:103670000421816301243DE001680A6822F00E0202
:103680000A6001680A6822F001020A601A4A0168A9
:10369000914201D1012121E0174A1432914201D116
:1036A00010211BE0144A2832914201D1891515E0FE
:1036B000114A3C32914201D189140FE00E4A503236
:1036C000914202D14FF4803108E00B4A64329142BA
:1036D00002D14FF4801101E04FF08071064A083AA0
:1036E0005160012180F82110002180F82010416BE9
:1036F00001B18847204610BD0800024070B504465D
:1037000000F004F90546601C02D004480078044427
:1037100000F0FCF8401BA042FAD370BD9C000020D2
:103720002DE9F84FDFF8B891002409F1040A0AF1F5
:10373000040B23460F270BF1040EC9E00125A54019
:103740002A40AA427DD1674ED1F804C0ACEB0608EE
:10375000B44532D014DCBCF1030F3AD009DCBCF123
:10376000000F2AD0BCF1010F1CD0BCF1020F31D1E7
:103770001DE0BCF1110F17D0BCF1120F2AD119E0D6
:10378000B8F5881F19D006DCB8F5803F15D0B8F51C
:10379000801F1FD111E0B8F5001F0ED0B8F5041F2F
:1037A00018D10AE0CB6815E0CB681B1D12E0CB688E
:1037B00008330FE0CB680C330CE08B682BB1012B86
:1037C0004FF0080303D0456104E0042302E00561E3
:1037D00000E00023FF2A01D8064601E000F10406BC
:1037E0004FEA840501D9A5F12005D6F8008007FA33
:1037F00005FC28EA0C0803FA05F548EA0508C6F8AE
:1038000000804D68ED0062D5374DAE6946F0010687
:10381000AE61AD6924F0030605F001050095334D56
:1038200006EB050CDCF80850A607360F07FA06F879
:1038300025EA0805DFF8B880404503D14FF00008BD
:1038400017E044E0DFF8AC80404502D14FF00108BA
:103850000FE0DFF8A480404502D14FF0020808E0F5
:10386000DFF89880404502D14FF0030801E04FF0A7
:10387000040808FA06F848EA0508CCF808804D68FC
:10388000D9F80060ED034D4601D5164300E096439C
:103890002E604D68DAF80060AD03554601D5164339
:1038A00000E096432E604D68DBF80060ED025D4657
:1038B00001D5164300E096432E604D68DEF80060A7
:1038C000AD02754601D5164300E096432E60641C98
:1038D0000D682A46E5407FF431AFBDE8F88F00005F
:1038E00000040140000011100010024000000140DF
:1038F00000080140000C014000100140001401408C
:103900000AB1016170470904FBE7000001488068C3
:10391000704700009C000020024881680278114432
:10392000816070479C000020074810B5016841F095
:1039300010010160032000F095F8002000F006F867
:1039400000F03EF8002010BD0020024000B5014606
:1039500087B00022192000F065F8192000F054F813
:103960001348816941F400618161806905A900F40F
:1039700000600690684600F009FA00F037FA0D4939
:103980000D4AB0FBF1F10D48491E0260416040F262
:10399000E7320021C0E90321816000F0EAFE10B1A6
:1039A000012007B000BD054800F012FFF9E7000054
:1039B0000010024040420F00002C0140A0140020E3
:1039C0000F4808B5816941F001018161816901F009
:1039D00001010091C16941F08051C161C0690022BB
:1039E00000F0805000900F21901E00F01BF8054859
:1039F000416821F0E06141F00071416008BD0000C4
:103A00000010024000000140002809DB00F01F0206
:103A1000012191404009800000F1E020C0F8001130
:103A200070470000F0B40E4B1B680C46C3F3022332
:103A3000C3F10705042D00D90425191D072901D25A
:103A4000002300E0DB1E012606FA05F1491E214095
:103A500099409E40761E16403143F0BC03F0C3BC33
:103A60000CED00E0064900F0070208684FF6FF037E
:103A7000184040EA0220034A1043086070470000E3
:103A80000CED00E00000FA05BFF34F8F0548016818
:103A9000054A01F4E06111430160BFF34F8F00BF9D
:103AA000FDE700000CED00E00400FA0510B529A4C4
:103AB00001461DCC86B08DE81D002AA02A4C006866
:103AC00004900020012923D002293AD010291DD1C9
:103AD00061682268D20119D5C1F38342C9031DF878
:103AE000020009D5616804AAC1F34041515C1F4A34
:103AF000B2FBF1F1484301E01D49484361684902C6
:103B000004D440005FF00301B0FBF1F006B010BD3B
:103B1000226AC2F30121012903D1920701D5C8030A
:103B2000F4E7022905D1626A920702D549F64040BE
:103B3000ECE70329EAD121688903E7D54FF2244055
:103B4000E4E700F053F96168C1F38131491C490091
:103B5000DAE7000002030405060708090A0B0C0D4A
:103B60000E0F1010010200000010024000127A0037
:103B700000093D002DE9F84305460078354CC007A3
:103B800054D0E0690026C00008D4E06940F08050BD
:103B9000E061E069012600F0805000902E48016845
:103BA000C90512D40168804641F480710160FFF7B5
:103BB000ADFE074605E000BFFFF7A8FEC01B642866
:103BC00023D8D8F80000C005F6D5206A10F440705C
:103BD00021D0A98801F4407181421CD0206A1F497C
:103BE000012220F440700A6000220A602062C007AF
:103BF00011D0FFF78BFE074641F2883808E000BF7E
:103C0000FFF784FEC11B414502D90320BDE8F883BC
:103C1000206A8007F4D5206A696820F44070084360
:103C200020621EB1E06920F08050E06128788007B2
:103C300005D56068A96820F4404008436060287892
:103C4000C00605D56068E96820F48000084360601C
:103C50000020DBE7001002400070004040044242B8
:103C60002DE9F0470F46050061D0434E306800F063
:103C70000700B84209D2306820F0070038433060AE
:103C8000306800F00700B84251D128683B4C8107EA
:103C900012D5400703D5606840F4E0606060287882
:103CA000000703D5606840F4605060606068A968F0
:103CB00020F0F000084360602878C00728D06868CA
:103CC000012810D02168022810D0890700292EDA97
:103CD000616821F0030101436160FFF717FE804630
:103CE00041F288390DE021688903EFE78901EDE7AA
:103CF000FFF70CFEA0EB0801494502D90320BDE8FF
:103D0000F0876068696800F00C00B0EB810FEFD1BC
:103D1000306800F00700B8420BD9306820F0070087
:103D200038433060306800F00700B84201D001200D
:103D3000E5E72878400705D56068E96820F4E06089
:103D4000084360602878000706D56068296920F478
:103D5000605040EAC100606000F058F86168084AAD
:103D6000C1F30311515CC840064908600648006869
:103D7000FFF7ECFD0020C2E70020024000100240E7
:103D8000689E0008A8000020A00000200F2202600A
:103D90000C4A536803F003034360536803F0F003D5
:103DA0008360536803F4E063C36052684FF4E063D8
:103DB00003EAD20202610448006800F007000860CC
:103DC00070470000001002400020024004480549EE
:103DD00000684968044AC1F30221515CC840704739
:103DE000A800002000100240789E00080448054901
:103DF00000684968044AC1F3C221515CC840704759
:103E0000A800002000100240789E000812A185B092
:103E10000FC98DE80F0014A0144A0068049051687F
:103E2000134801F00C03042B10D0082B0ED1C1F362
:103E30008343C9031DF803000AD5516804AAC1F3DE
:103E40004041515C0A4A5043B0FBF1F005B0704765
:103E500008494843FAE70000020304050607080979
:103E60000A0B0C0D0E0F1010010200000010024092
:103E700000127A0000093D002DE9F84F040070D0CF
:103E80002078C04DC00749D06868C0F38100012880
:103E900007D06868C0F38100022809D16868C003B0
:103EA00006D52868800339D560680028E7D035E05A
:103EB0006068B0F5803F0BD010B1B0F5A02F11D0E5
:103EC000286820F480302860286820F4802002E0F0
:103ED000286840F480302860606890B1FFF716FDD4
:103EE00006460AE0286840F480202860F0E700BF1A
:103EF000FFF70CFD801B642873D828688003F7D572
:103F00000CE0FFF703FD064605E000BFFFF7FEFCEF
:103F1000801B6428F0D828688003F7D420789A4E54
:103F200080074FF001094FF0000839D5686810F09C
:103F30000C0F07D06868C0F38100022809D16868B7
:103F4000C00306D42868800714D52069012808D149
:103F500010E02069B0B1C6F80090FFF7D7FC074623
:103F600005E00AE1FFF7D2FCC01B0228C4D828688C
:103F70008007F7D52868616920F0F80040EAC100A1
:103F800028600DE0C6F80080FFF7C0FC074604E09B
:103F9000FFF7BCFCC01B022823D828688007F7D491
:103FA000207800072CD57948A169D9B1C0F80090D4
:103FB000FFF7ACFC074604E0FFF7A8FCC01B022893
:103FC0000FD8686A8007F7D571484FF4FA51006836
:103FD000B0FBF1F0009000BF0098411E0091FAD2B2
:103FE0000EE080E0C0F80080FFF790FC074604E098
:103FF000FFF78CFCC01B022875D8686A8007F7D4CD
:104000002078400760D5E8690027C00008D4E86937
:1040100040F08050E861E869012700F0805000908E
:104020005C480168C90513D40168834641F4807176
:104030000160FFF76BFC824606E000BFFFF766FCFD
:10404000A0EB0A0064284ED8DBF80000C005F5D5C7
:10405000E06801280AD008B1052813D0286A20F0AA
:1040600001002862286A20F0040002E0286A40F07B
:1040700001002862E06841F2883B98B1FFF746FCF6
:1040800082460BE0286A40F004002862EEE700BF99
:10409000FFF73CFCA0EB0A0159455AD8286A800773
:1040A000F6D50CE0FFF732FC824605E0FFF72EFC68
:1040B000A0EB0A0159454CD8286A8007F6D41FB1F5
:1040C000E86920F08050E861E06988B36968C1F36D
:1040D0008101022944D00228C6F8608004D0FFF78D
:1040E00015FC044638E034E0FFF710FC074604E016
:1040F000FFF70CFCC01B02282BD828688001F7D4DE
:10410000206AB0F5803F05D16868A16820F40030CE
:1041100008436860D4E908010843696821F4741110
:1041200008436860C6F86090FFF7F0FB044606E0BD
:1041300025E000BFFFF7EAFB001B022809D828682A
:104140008001F7D51BE000BFFFF7E0FB001B022852
:1041500002D90320BDE8F88F28688001F4D40EE06E
:104160000128F7D06868226A00F48031914204D1B6
:10417000616A00F47010884201D00120EAE7002053
:10418000E8E7000000100240000042428004424282
:10419000A80000200070004070B5040009D0606ADB
:1041A000002540B125616561A56294F8510040B1D8
:1041B0000CE0012070BD6068B0F5827FF4D0E5614D
:1041C000F2E784F85050204600F040F8022084F8CE
:1041D00051002068016821F040010160A088218918
:1041E00000F4827001F404410843A18901F40061E4
:1041F0000843217C01F002010843217D01F0010107
:104200000843218B01F400710843217F01F038013C
:10421000084394F8201001F080010843218D01F437
:104220000051084321680860A069042101EA104098
:10423000216848602068C16921F40061C161656539
:10424000012084F85100002070BD000030B585B019
:104250000024009401940294039400681749884252
:104260002AD11748816941F480518161816901F443
:1042700080510491816941F0080181618069114D8B
:1042800000F00800049028200090022001900320F4
:10429000039069462846FFF743FA1020CDE9000451
:1042A000694628460294FFF73BFA0748416841F007
:1042B000E06141F00101416005B030BD00300140D6
:1042C00000100240000C0140000001402DE9F84FB1
:1042D000044640680025984616460F464FF0040BEA
:1042E000B0F5827F01D1A06888B194F85000012810
:1042F00018D0012084F85000FFF708FB814694F89D
:1043000051004FF0000A01280ED0022582E084F807
:1043100051B013460A462046CDF8008000F036F929
:10432000BDE8F88F0220FBE7002F72D0002E70D07E
:1043300084F851B0C4F854A0A763A687E687C4F8F0
:1043400030A0A4F834A0A4F836A0C4F840A0C4F863
:1043500044A0A068B0F5004F09D12068016821F0A1
:10436000400101602068016821F4804101602068FB
:104370000168490603D4016841F040010160E0682A
:10438000D8B139E020688168C90709D0007BA16BEA
:104390000870A06B401CA063E08F401EE0870CE01B
:1043A000FFF7B4FAA0EB0901414503D3B8F1FF3F91
:1043B00003D036E0B8F1000F33D0E08F0028E1D110
:1043C0001DE020688168C90709D0C068A16B08801A
:1043D000A06B801CA063E08F401EE0870CE0FFF71D
:1043E00095FAA0EB0901414503D3B8F1FF3F03D093
:1043F00017E0B8F1000F14D0E08F0028E1D14A4651
:104400004146204602F0FCF808B120206065606D4E
:1044100000B10125012084F8510084F850A02846FD
:104420007EE70325F6E72DE9F84F044690F85000A3
:1044300000271D461646894601280DD04FF0010B76
:1044400084F850B0FFF762FA804694F85100BA46FB
:10445000012804D0022793E00220BDE8F88FB9F1CB
:10446000000F73D0002E71D0032084F85100C4F8DF
:1044700054A0C4F83090A686E686C4F838A0A4F804
:104480003CA0A4F83EA0C4F844A0C4F840A0A06892
:10449000B0F5004F09D12068016821F040010160AA
:1044A0002068016841F48041016020680168490684
:1044B00003D4016841F040010160E068B0F5006F8D
:1044C000606803D030B3012E24D041E008B1012E42
:1044D0001CD1206B21680088C86006E020688168D4
:1044E000890709D5216B0988C160206B801C206376
:1044F000E08E401EE08609E0FFF708FAA0EB080016
:10450000A84202D3681C01D031E07DB3E08E0028C0
:10451000E4D120E0206B21680078087306E0206871
:104520008168890709D5216B09780173206B401CCC
:104530002063E08E401EE0860AE0FFF7E7F9A0EB7B
:104540000800A84203D3681C02D010E017E06DB148
:10455000E08E0028E3D142462946204602F07EF84C
:1045600008B120206065A06818B106E0FFE70327C6
:1045700006E02068C16880680090606D00B1012786
:1045800084F851B084F850A0384666E72DE9F84F1A
:10459000044690F8500000270A9E1D4692468B461E
:1045A0004FF0010901280ED0012084F85000FFF7D8
:1045B000ADF9804694F85100616801280CD0B1F53E
:1045C000827F07D102E00220BDE8F88FA16809B917
:1045D000042801D00227C2E0BBF1000F27D0BAF1B6
:1045E000000F24D01DB394F85100042802D00520F8
:1045F00084F8510000206065C4F838A0E587A587DD
:10460000C4F830B0E586A58620646064206801683F
:10461000490603D4016841F040010160E068B0F54B
:10462000006F606805D0E8B3012D46D07FE0012718
:1046300095E008B1012D39D1206B21680088C86050
:10464000206B801C2063E08E401EE0862EE02068F8
:10465000816889070FD5E18E69B1B9F1010F0AD1DF
:10466000216B0988C160206B801C2063E08E401E96
:10467000E0864FF0000920688168C9070CD0E18FFF
:1046800051B1C068A16B0880A06B801CA063E08F53
:10469000401EE0874FF00109FFF738F9A0EB080052
:1046A000B04200E009E001D3701C50D1E08E002838
:1046B000CDD1E08F0028CAD13FE0206B216800787F
:1046C0000873206B401C2063E08E401EE0862EE0C5
:1046D0002068816889070FD5E18E69B1B9F1010FB2
:1046E0000AD1216B09780173206B401C2063E08E96
:1046F000401EE0864FF0000920688168C9070CD091
:10470000E18F51B1C068A16B0870A06B401CA06321
:10471000E08F401EE0874FF00109FFF7F7F8A0EBAC
:104720000800B04202D3701C01D010E07EB1E08ED0
:104730000028CDD1E08F0028CAD14246314620461C
:1047400001F08CFF28B101272020606507E00327D6
:1047500005E0A06818B92068C16880680090012051
:1047600084F85100002084F8500038462CE7704748
:10477000704710B5040003D094F83D0010B107E075
:10478000012010BD002084F83C00204600F01EF8F7
:10479000022084F83D00211D206802F0ADFC0120BC
:1047A00084F8460084F83E0084F83F0084F8400016
:1047B00084F8410084F8420084F8430084F84400FF
:1047C00084F8450084F83D00002010BD70470000CB
:1047D00090F83D10012901D001207047022180F896
:1047E0003D100168CA6842F00102CA6000680B49C6
:1047F000884208D0B0F1804F05D00949884202D0E4
:104800000849884204D1816801F00701062903D0D4
:10481000016841F00101016000207047002C014057
:104820000004004000080040704770B5044600686E
:1048300001694FF00005C943890715D4C168C94310
:10484000890711D4E91E0161012020772068806961
:104850008007204602D0FFF7E7FF04E000F098F859
:10486000204600F096F8257720680169C94349077A
:1048700017D4C168C943490713D46FF0040101611B
:10488000022020772068806910F4407F204602D003
:10489000FFF7CAFF04E000F07BF8204600F079F84B
:1048A000257720680169C943090716D4C168C9433F
:1048B000090712D46FF008010161042020772068F5
:1048C000C0698007204602D0FFF7AEFF04E000F089
:1048D0005FF8204600F05DF8257720680169C9433C
:1048E000C90617D4C168C943C90613D46FF01001B3
:1048F0000161082020772068C06910F4407F2046BD
:1049000002D0FFF791FF04E000F042F8204600F0EB
:1049100040F8257720680169C943C90708D1C168F3
:10492000C943C90704D1891E0161204600F032F84D
:1049300020680169C943090609D4C168C943090649
:1049400005D46FF0800101612046FFF710FF206859
:104950000169C943490609D4C168C943490605D458
:104960006FF040010161204600F01EF820680169E7
:10497000C94389060BD4C168C943890607D46FF0BF
:10498000200101612046BDE87040FFF7F1BE70BD17
:104990007047704700680349884201D1FEF7BCBFE9
:1049A00070470000002C01407047704770470000BE
:1049B000F8B5026804461068D168536910F00F0F0B
:1049C0004FF0000553D003F0010601F49077374310
:1049D0005FD0C20705D0CA0503D5226C42F00102A0
:1049E0002264420705D5DA0703D0226C42F00202A6
:1049F0002264820705D5DA0703D0226C42F0040254
:104A00002264020707D501F02002324303D0226C52
:104A100042F008022264226C002A34D0800604D5B9
:104A2000880602D5204602F0BDFB20684069216C53
:104A3000C0F38010090700D430B3204602F09AFB7F
:104A40002068416949061BD5416921F04001416157
:104A5000A06BA8B158494163A06BFEF703FE002884
:104A600011D0A06B416B01B0BDE8F0400847830650
:104A70000FD58B060DD52046BDE8F84002F092BB5D
:104A80002046FFF793FFF8BD2046FFF78FFF256410
:104A9000F8BD266B2023012E52D1C60650D5CE0676
:104AA0004ED5106850680090506940062AD5A16B19
:104AB000086840680004000CEAD0A68D8642E7D959
:104AC000E0858869202818D0D06820F48070D060F4
:104AD0002068416921F0010141612068416921F0AC
:104AE0004001416184F83E3025632068C16821F0AF
:104AF0001001C160A06BFEF791FDA08DE18D401A01
:104B000081B219E0A08DE18D401A81B2E08D0028BC
:104B1000BED00029BCD0D06820F49070D06020684E
:104B2000426922F00102426184F83E302563206828
:104B3000C26822F01002C2602046FFF736FFF8BDBF
:104B400005062BD50D0629D594F83D002128F6D170
:104B5000A068B0F5805F01D12069B0B1206A411C26
:104B60002162216800784860E08C401E0004000C3F
:104B7000E084E4D12068C16821F08001C160206830
:104B8000C16841F04001C160F8BD206A0088C0F3EF
:104B900008005060206A801C2062E5E74006F3D5DB
:104BA0004806F1D5D168204621F04001D16084F853
:104BB0003D3000F046F9F8BD6571000870B504009D
:104BC00004D094F83D00002510B106E0012070BD2E
:104BD00084F83C50204600F023F8242084F83D005F
:104BE0002068C16821F40051C160204602F036FB04
:104BF0002068016921F4904101612068416921F038
:104C00002A0141612068C16841F40051C1602564F6
:104C1000202084F83D0084F83E00002070BD000094
:104C200030B585B0002400940194029403942B4D78
:104C300003682B4802210322AB4222D1C36943F40B
:104C40000033C361C36903F400330493836943F001
:104C5000040383618069234D00F004000490042064
:104C6000CDE90001039269462846FEF759FD082068
:104C7000CDE90004694628460294FEF751FD05B0CF
:104C800030BD194DAB42FAD1C36943F48023C361EF
:104C9000C36903F480230493836943F008038361A9
:104CA0008069039200F0080004902815CDE9000106
:104CB0000E4D69462846FEF733FDE814CDE90004A1
:104CC000694628460294FEF72BFD00220521272085
:104CD000FEF7A8FE2720FEF797FED0E7004400402D
:104CE000001002400008014000480040000C014054
:104CF00090F83E30202B0ED159B152B190F83C3093
:104D0000012B08D0012380F83C300023036302F01C
:104D100001BB0120704702207047000070B50546B6
:104D20000068164988421FD1154C207AE0B104F181
:104D30000801002301220E46124800F029F8FEF770
:104D4000E5FDC4F80C04E28804F10900217A11544D
:104D5000E28840F2FF30824201D2521CE2800122FE
:104D600031460948FFF7C4FF08492868884203D143
:104D7000BDE87040FEF776B970BD00000048004005
:104D800088170020181400205C1400200044004004
:104D90002DE9F843044690F83D001F4616460D469F
:104DA00020284CD1C5B1BEB194F83C00012846D0B2
:104DB000012084F83C004FF00008C4F84080212016
:104DC00084F83D00FEF7A2FDA6848146E684A06833
:104DD000B0F5805F03D004E00120BDE8F8832069CE
:104DE00028B12E465FF0000584F83C800EE00026D6
:104DF000FAE78021204602F0A8FAA0B9AEB116F871
:104E0000010B21684860E08C401EE084E08C4B463A
:104E10004FF0000200970028EBD14FF040012046F0
:104E200002F093FA30B10320D7E735F8020BC0F354
:104E30000800E6E7202084F83D000020CDE70220AE
:104E4000CBE77047FEF720FEFEE700000C4810B5E8
:104E50000A490160891581600121017300220275F0
:104E60004FF46023C36142600161FEF70DFA002830
:104E700003D0BDE81040FEF70CB910BD002401407E
:104E80002C13002010B59EB000201C901D90012115
:104E90001CA802F0EBFE174C1C221749206668463E
:104EA000FBF7EAFD0021684602F0FFFE124920658B
:104EB0001C221C3107A8FBF7DFFD002107A802F028
:104EC000F4FE0D4960651C2238310EA8FBF7D4FDB5
:104ED00000210EA802F0E9FE0749A0651C2254310A
:104EE00015A8FBF7C9FD002115A802F0DEFEE0655C
:104EF0001EB010BD00000020DC9D00082DE9F04F21
:104F000085B0344800240294816941F01001816128
:104F1000816901F010010491816941F0040181610E
:104F2000816901F004010491816941F00801816106
:104F30008069022500F00800CDE903504FF4604776
:104F40000126CDE9007669462348FEF7E9FB4FF4D8
:104F50009058DFF888B0CDE9008669465846CDE91B
:104F60000245FEF7DDFB4FF4C0708DE83100694665
:104F70005846FEF7D5FB0420CDE90004DFF860A019
:104F8000694650460294FEF7CBFB4BF2C009CDE9CF
:104F9000009669465046CDE90245FEF7C1FB4FF445
:104FA0004060CDE90004694658460294FEF7B8FB1C
:104FB000002239460848FEF7A3FC00224146584625
:104FC000FEF79EFC002249465046FEF799FC05B0CC
:104FD000BDE8F08F001002400010014000080140C1
:104FE000000C0140104810B50E4901604FF4827169
:104FF000416000218160C1604FF400720161C0E92D
:1050000005122822C0E90721416281620A21C1629A
:10501000FFF7C2F8002803D0BDE81040FEF739B80A
:1050200010BD000000300140C01300200C4810B536
:105030000A4901604FF4E1314160002181600C2296
:10504000C160C0E904128161C161FFF7B7FD0028AA
:1050500003D0BDE81040FEF71CB810BD004400406E
:10506000181400200C4810B50A4901604FF4E131D2
:105070004160002181600C22C160C0E9041281619D
:10508000C161FFF79BFD002803D0BDE81040FEF78B
:1050900000B810BD004800405C140020FEE7FEE7A9
:1050A00070B50C4605464FF400762AA231462D48CD
:1050B000FBF7B6F92B4801F033FA4FF4FA60FEF72C
:1050C0001DFB2B4628A231462648FBF7A9F92548A7
:1050D00001F026FA4FF47A752846FEF70FFB29A255
:1050E00031462048FBF79CF91E4801F019FA284682
:1050F000FEF704FB2046FBF74FFC03462CA231468B
:105100001848FBF78DF9174801F00AFA2846FEF710
:10511000F5FA23462CA231461248FBF781F91148D3
:1051200001F0FEF92846FEF7E9FA28A001F0F8F9A7
:1051300040F6B8342046FEF7E1FA29A001F0F0F974
:105140002046FEF7DBFA3146BDE870400548FBF724
:10515000E7BC000041542B48545450494E49540D6B
:105160000A000000C802002041542B4854545050FB
:105170004152413D2255524C222C222573220D0AC8
:105180000000000041542B48545450504152413DBE
:1051900022434F4E54454E54222C226170706C694C
:1051A000636174696F6E2F6A736F6E220D0A00005F
:1051B00041542B48545450444154413D25642C31B2
:1051C000303030300D0A00002573000041542B4868
:1051D000545450414354494F4E3D310D0A00000094
:1051E00041542B485454505445524D0D0A00000070
:1051F00070B5642324222AA13348FFF7C9FD00209B
:1052000001F072F84FF47A742046FEF777FA2FA077
:1052100001F086F92046FEF771FA40F6B8352EA265
:1052200029462EA001F026F92BA229462EA001F036
:1052300021F929A221462FA001F01CF926A221461E
:1052400030A001F017F924A2610032A001F012F998
:1052500033A001F065F92046FEF750FA1EA2214660
:1052600039A001F007F91CA221463AA001F002F989
:105270002046FEF743FA18A241F2883139A001F026
:10528000F9F815A242F210713DA001F0F3F8BDE863
:105290007040642324223EA10B48FFF779BD000033
:1052A0002D2D3E4247494E2053494D373630305F11
:1052B000496E69742D2D2D2D2D2D2D2D2D2D2D2D3E
:1052C0002D2D2D0A000000001814002041542B43FE
:1052D00046554E3D310D0A004F4B000041542B43C3
:1052E0004349440D0A00000041542B435245473FB7
:1052F0000D0A000041542B43474154543D310D0ADF
:105300000000000041542B43474143543D312C31B0
:105310000D0A000041542B434E4D503D320D0A0002
:1053200041542B434744434F4E543D312C22495066
:10533000222C22696F742E74656C656E65742E6202
:1053400065220D0A0000000041542B434D47463DA5
:10535000310D0A0041542B434E4D493D322C310D45
:105360000A00000041542B43504D533D22534D221F
:105370002C22534D222C22534D220D0A00000000F6
:1053800041542B434D47443D2C340D0A000000008E
:105390002D2D3E454E442053494D373630305F4920
:1053A0006E69742D2D2D2D2D2D2D2D2D2D2D2D2D69
:1053B0002D2D2D0A0000000010B504A001F0B0F85A
:1053C000BDE8104049F64040FEF798B941542B43E0
:1053D000504F460D0A0000002DE9F04FF848F949FA
:1053E00089B00068884201DCF7A103E0F9498842EE
:1053F00003DBF9A1FA48FBF7ABFAF948F9A1B5309C
:1054000004900390FBF792FA98B13A21FBF784FAE3
:10541000F8A1001DFBF77AFA04000AD0FBF768FA3E
:105420000546204602F0D2F8C82D02D1F2A001F0C4
:1054300077F8F64AF6A10398FBF726F9F94EF34CF4
:1054400000254FF47A7B4FF00108012819D0F6A10E
:105450000398FBF76BFA00281DD0F5A25946F5A07A
:1054600001F008F804F12002F5A1F948FAF7C4FFA9
:10547000F74801F055F81A22F6A1F548FAF7BCFFF3
:1054800023E1FBA002F0A2F82278FCA1F048FAF791
:10549000B3FFEF4825E1FDA10398FBF747FA08B3F6
:1054A000012251033046FEF72BFA012291033046C8
:1054B000FEF726FA0122D1033046FEF721FA84F8DE
:1054C0000180DBA25946DBA000F0D4FFCF4ADCA16B
:1054D0002032DF48FAF790FFDD4801F021F81A2268
:1054E000ECA127E0F1A10398FBF720FA70B30022AA
:1054F0004FF400513046FEF703FA00224FF480418A
:105500003046FEF7FDF900224FF400413046FEF729
:10551000F7F96570C6A25946C6A000F0ABFFBB4ABA
:10552000C7A12032CA48FAF767FFC94800F0F8FF60
:105530001A22E0A1C648FAF75FFFC54800F0F0FF65
:105540004FF4FA71C248FBF7EBFAD1E2E0A10398FD
:10555000FBF7ECF91A27C8B1B5A25946B5A000F07F
:1055600089FFAA4AB6A12032B948FAF745FFB848E0
:1055700000F0D6FFD9489A4BCDE900077833A3F164
:105580006402D7A1B248FAF737FF9EE0E2A1039880
:10559000FBF7CCF9E8B1A6A25946A6A000F06AFF35
:1055A0009A4AA7A12032AA48FAF726FFA84800F095
:1055B000B7FFDD48006804F09FF98146DB488A4662
:1055C000006804F099F90B460246D9A1CDF8009085
:1055D00021E0DDA10398FBF7A9F910B394A2594685
:1055E00094A000F047FF894A95A120329848FAF725
:1055F00003FF974800F094FFD748006804F07CF957
:105600008146D6488A46006804F076F90B46024681
:10561000D3A1CDF80090CDE901A78D48FAF7ECFEB3
:1056200053E0D5A10398FBF781F9B0B180A25946A8
:1056300080A000F01FFF754A81A120328448FAF74C
:10564000DBFE834800F06CFFCE48006804F054F99C
:105650000B460246CCA1009734E0CFA10398FBF79C
:1056600065F9A0B172A2594672A000F003FF674A23
:1056700073A120327648FAF7BFFE754800F050FF5C
:105680001A23574AC7A17248FAF7B6FE1DE0CAA10D
:105690000398FBF74BF938B365A2594665A000F0B3
:1056A000E9FE5A4A66A120326948FAF7A5FE684821
:1056B00000F036FFC348006804F01EF90B460246AE
:1056C000C1A100976248FAF797FE614800F028FFF1
:1056D0004FF4FA715E48FBF723FABFA000F020FFF9
:1056E000C4A000F01DFF03E2C6A10398FBF71EF95A
:1056F00058B34FA259464FA000F0BCFE434A50A1F8
:1057000020325348FAF778FE514800F009FF1A2278
:10571000BEA14F48FAF770FE4D4800F001FF4FF46C
:10572000FA714B48FBF7FCF94FF47A6002F092FAF9
:10573000BFF34F8FBE480168BE4A01F4E0611143D8
:105740000160BFF34F8F00BFFDE7BBA10398FBF7DC
:10575000EDF810B336A2594636A000F08BFE2B4A66
:1057600037A120323A48FAF747FE394800F0D8FE10
:105770001A22B3A13648FAF73FFE354800F0D0FEB2
:105780004FF4FA713248FBF7CBF993A000F0C8FE52
:1057900098A000F0C5FE0A207CE1B0A10398FBF7B9
:1057A000C5F860B122A2594622A000F063FE174A54
:1057B00023A120322648FAF71FFE254852E16BE16B
:1057C000380000200000A04044495341524D454458
:1057D000000000000000204141524D4544000000FF
:1057E000DC1600200D0A2B48545450414354494FB5
:1057F0004E3A00002C00000041542B4854545052A3
:105800004541443D302C3530300D0A006800002001
:105810000A2B434D54493A2022534D222C256868C7
:105820006400000000100140686920736D6176001B
:105830004F4B000041542B434D47463D310D0A006C
:1058400041542B434D47533D222573220D0A00003E
:10585000E814002048692C686F772063616E206926
:105860002068656C7020796F753F2563000000002B
:1058700066696E6420636D746900000041542B43B7
:105880004D4752443D25640D0A0000000A41524D27
:10589000000000004D616368696E65206973206EC9
:1058A0006F772061726D6564256300000A44495377
:1058B00041524D004D616368696E65206973206EC9
:1058C0006F772064697361726D6564256300000001
:1058D0000A646961676E6F7374696300F401002084
:1058E000446961676E6F737469633A0A2D5273730A
:1058F000693D25730A2D4F70657261746F723D2585
:10590000730A2D4C6F7261206D6F64756C653D2557
:10591000730A2563000000000A7765617468657288
:1059200020686967680000000C0000200800002063
:1059300054313D252E3266B0430A48313D252E3282
:105940006625250A256300000A776561746865721B
:10595000206C6F7700000000140000201000002071
:1059600054323D252E3266B0430A48323D252E3250
:105970006625250A256300000A77696E6420737026
:105980006565640048000020575F533D252E326650
:105990004B6D2F68256300000A6D616368696E6551
:1059A000000000004D616368696E655F5374617447
:1059B00075733A25732563000A62617474657279A0
:1059C000000000003C000020426174746572793D63
:1059D000252E32662563000041542B43504D533D24
:1059E00022534D222C22534D222C22534D220D0A9C
:1059F0000000000041542B434D47443D2C340D0A18
:105A00000000000052455345540000004F4B2C74D9
:105A10006865206465766963652077696C6C2072BF
:105A2000657374617274206E6F77256300000000E7
:105A30000CED00E00400FA057361766500000000DB
:105A40005468616E6B20796F7520696D20696E20D6
:105A500073617665206D6F64652563006C6F6E679A
:105A60000000000000F05CFD1A22F2A1FA48FAF7EB
:105A7000C3FCF94800F054FD4FF4FA71F648FBF707
:105A80004FF8AFF2AC0000F04BFDAFF2980000F021
:105A900047FD1E2060602BE0F0A10398FAF746FF57
:105AA00030B3AFF274225946AFF2782000F0E2FC36
:105AB000ED4AAFF27421E848FAF79EFCE64800F0A0
:105AC0002FFD1A22E9A1E448FAF796FCE24800F01B
:105AD00027FD4FF4FA71E048FBF722F8AFF2081007
:105AE00000F01EFDAFF2F40000F01AFDC4F80480CF
:105AF000E5A10398FAF71AFF002848D0AFF2D022A8
:105B00005F465946E2A000F0B5FCAFF2DC224FF44C
:105B1000FA61E2A000F0AEFC6078002859D00022C3
:105B20004FF400513046FDF7EBFE00224FF4804168
:105B30003046FDF7E5FE00224FF400413046FDF708
:105B4000DFFEAFF214323946AFF2183000F092FCAB
:105B5000C54AAFF21431C048FAF74EFCBE4800F017
:105B6000DFFC1A22CFA1BC48FAF746FCBA4800F085
:105B7000D7FC4FF4FA71B848FAF7D2FFAFF2A81089
:105B800000F0CEFCAFF2941000F0CAFC6570CCA11E
:105B90000398FAF7CBFE07001AD001F017FDCBA14E
:105BA0003846FAF7C3FE070078D001F00FFD3A211E
:105BB0003846FAF7B1FE070070D001F007FD7F1CF0
:105BC000384601F003FD3878742839D066284ED065
:105BD00064E0012251033046FDF792FE0122910359
:105BE0003046FDF78DFE0122D1033046FDF788FED9
:105BF000AFF2C4323946AFF2C43000F03BFC9A4AEF
:105C0000AFF2C4319448FAF7F7FB934800F088FCF0
:105C10001A22B1A19048FAF7EFFB8F4800F080FC00
:105C20004FF4FA718C48FAF77BFFAFF2542000F082
:105C300077FCAFF2402000F073FC84F80180A6E707
:105C4000AB4801F0C3FC0122474684F802805103AF
:105C50003046FDF755FE012291033046FDF750FE18
:105C60000122D1033046FDF74BFE677016E0A148D4
:105C700001F0ACFCA57000224FF400513046FDF756
:105C80003FFE00224FF480413046FDF739FE0022EE
:105C90004FF400413046FDF733FE657088A103984C
:105CA000FAF744FE060028D001F090FC92A130469D
:105CB000FAF73CFE060020D001F088FC3A2130467D
:105CC000FAF72AFE060018D001F080FC16F8010F42
:105CD0002028FBD02228F9D00020634A05E0115487
:105CE00016F8011F401C222903D0317809B113286E
:105CF000F5D315545C4801F069FC71A10398FAF7DB
:105D000015FE06002DD001F061FC7EA13046FAF7A9
:105D10000DFE060025D001F059FC3A213046FAF775
:105D2000FBFD06001DD001F051FC00BF16F8010F6D
:105D30002028FBD02228F9D022213046FAF7ECFDAA
:105D400078B1A0EB060909F10100FAF7AFFA0700F4
:105D500007D04A463146FAF70AFF6C4807F809505F
:105D600007606BA10398FAF7E1FDB0B100F10A01F9
:105D700005A801F0C5FF9DF81810059801F0E6FB95
:105D800060619DF82010079801F0E0FBA06163A01E
:105D900001F00EFC64A001F00BFC66A10398FAF779
:105DA000C5FD674EB0B12C21FAF7B6FD401C074681
:105DB000FAF79EFD012821D03846FAF799FD05280B
:105DC0001CD096F8F80520F0100086F8F8055DA0C4
:105DD00001F0FCFB5DA10398FAF7A8FD38B33A2166
:105DE000FAF79AFD401CFAF783FDA06008281FD23D
:105DF000DFE800F00B0D1E1EFDFCFBFA96F8F8051F
:105E000040F0100086F8F805E4E753A100E058A13F
:105E10004B486638FAF79CFD49486638FAF7BCFDEE
:105E2000474982B2642366395948FEF7B1FFB1E0B1
:105E30001DE100005468616E6B20796F7520696DFB
:105E400020696E206C6F6E672073617665206D6FC0
:105E50006465256300000000E81400205465737435
:105E6000206D6F6465000000880000205468616E3A
:105E70006B20796F7520696D20696E20546573748D
:105E8000206D6F64652563000D0A52494E4700007E
:105E900041542B435648553D300D0A004154480D9E
:105EA0000A0000004D616368696E655F5374617438
:105EB00075733A2044495341524D454425630000CF
:105EC00022736861726564220000000022736574A9
:105ED00056616C7565223A004D616368696E655F55
:105EE0005374617475733A2041524D4544256300E3
:105EF00064A1000800A100082270686F6E65223A54
:105F0000000000002275726C223A00002000002080
:105F10002B43475053494E464F3A00004C61746939
:105F2000747564653A2000004C6F6E67697475641F
:105F3000653A20000D0A2B435245473A0000000005
:105F4000881700204E657420455252000D0A2B43DD
:105F500046554E3A000000004D696E696D756D2022
:105F600066756E6374696F6E616C697479000000A8
:105F700046756C6C2066756E6374696F6E616C69D2
:105F800074792C206F6E6C696E65206D6F6465008E
:105F90001814002082A10398FAF7C8FC40B322210C
:105FA0000398FAF7B9FC070010D02221781CFAF701
:105FB000B3FC58B1A0EB0709A9F10102791C7B4899
:105FC000FAF7D5FD7948484400F8015C64231222B1
:105FD00077A17C48FEF7DCFE7448FAF7DDFC82B25C
:105FE00064237249774804E03FE03CE039E036E062
:105FF00008E0FEF7CDFE64230122AFF25C11714888
:10600000FEF7C6FE70A10398FAF790FC002868D04E
:106010003A21FAF781FC002863D06D4B6DA11A1F5D
:10602000401CFAF731FB207B86F8600664232422AB
:106030006AA16448FEF7ACFE5C4896F8602671A140
:106040006E38FAF7D9F9E0686FF07001821E072AFE
:106050000FD811EB400200D552426BA126E06FA190
:10606000D6E67BA1D4E67FA1D2E680A1D0E683A1CB
:10607000CEE6A0F10A02042A05D811EB400200D5B1
:10608000524284A112E0A0F10F02042A05D811EBBC
:10609000400200D5524283A108E0A0F114020A2A6E
:1060A00009D811EB400200D5524282A13F48643822
:1060B000FAF7A2F904E03D4883A16438FAF748FCF6
:1060C000AFF6780139486438FAF785FC3748643808
:1060D000FAF762FC354982B2642364393948FEF725
:1060E00057FE7EA10398FAF721FC70B33A21FAF724
:1060F00013FC401C0446FAF7FBFB20B1012807D033
:10610000022826D00CE096F8340620F0010003E0C7
:1061100096F8340640F0010020F0020086F83406BC
:106120002C212046FAF7F8FB441C2046FAF7E0FB46
:1061300086F835062C212046FAF7EEFB401C01F0CC
:10614000EFF902F031FEC6F8380696F8680838B163
:1061500008E096F8340620F0010040F00200DDE788
:1061600086F8D6585F490398FAF7E0FB40B186F805
:10617000D688FDF7CBFBD6F8CC18401AC6F8D00865
:10618000F5804FF480610498FAF7A8FC96F8F805BA
:1061900020F0020086F8F80509B0BDE8F08F000095
:1061A0000D0A2B434F50533A0000000054170020B3
:1061B0006F70657261746F724E616D6520697320D6
:1061C000203A0000181400200D0A2B4353513A00C6
:1061D0007800002025642C25640000002D2D3E53FE
:1061E000494D2E5374617475732E5369676E616CDB
:1061F0002D2D2D2D2D2D2D2D2D2D2D2D2D2D2D0AF2
:1062000000000000256400002D25642064426D20FC
:10621000284D617267696E616C2900004469736181
:10622000626C652070686F6E6520626F74682074A0
:1062300072616E736D697420616E6420726563654E
:1062400069766520524620636972637569747300CC
:10625000466163746F72792054657374204D6F6466
:106260006500000052657365740000004F66666C3F
:10627000696E65204D6F646500000000556E6B6EA1
:106280006F776E2066756E6374696F6E616C69748A
:10629000790000002D25642064426D20284F4B2991
:1062A000000000002D25642064426D2028476F6F98
:1062B000642900002D25642064426D202845786300
:1062C000656C6C656E742900556E6B6E6F776E2011
:1062D000525353492076616C756500000D0A2B43BB
:1062E00042433A00F01F002030B5244C054687B0E9
:1062F00094F8F80540F6D80120F0040084F8F80579
:10630000204604F5BF64FAF70BFC1C484FF480618B
:106310000930FAF7E3FB1949012208311848FEF762
:10632000E7FC4FF0FF30206660660020E0661C222C
:1063300014496846FAF7A0FBADF8085000216846FA
:1063400001F0B3FC104911A2C8614FF4FA6110A02A
:1063500000F090F801280CD00FA001F037F9FFF7FA
:106360002BF8C82001F076FC012000F0F3F807B00C
:1063700030BD0EA001F02AF9F3E7000088170020D5
:106380005C1400204C9E0008680000204F4B000069
:1063900041540D0A0000000053494D20524553500E
:1063A0004F4E5345204E4F54204F4B0053494D20E4
:1063B000524553504F4E5345204F4B0010B54FF4AC
:1063C0007A6413A2214613A000F054F810A22146CB
:1063D00013A000F04FF80EA2214614A000F04AF8D6
:1063E0000BA2214614A000F045F809A2214615A0F1
:1063F00000F040F816A001F0E9F81D4890F8F815F3
:1064000041F0040180F8F815002180F8F91510BD5D
:106410004F4B000041542B4346554E3F0D0A0000A0
:1064200041542B4350494E3F0D0A000041542B4329
:1064300053510D0A0000000041542B434F50533F6D
:106440000D0A000041542B435245473F0D0A0000FE
:1064500053494D37363030204D6F64756C65206878
:106460006164207475726E6564206F6E00000000B8
:10647000881700202DE9F04116460D468046264C2F
:106480004FF47A7702E0384601F0E4FB94F8F8051F
:106490008007F8D494F8F80540F0020084F8F80575
:1064A000002084F8D608C4F8D008FDF72FFAC4F805
:1064B000CC081A48A4F8D45864210746FAF730FBF0
:1064C000642231463846FAF752FB144840224038DD
:1064D00041460646FAF74BFB304600F021F809E04A
:1064E0000A2001F0B7FB94F8D60810B1C0B2BDE89D
:1064F000F0810A3D002DF3DC384601F067F8642195
:106500003846FAF70DFB94F8F80520F0020084F8FD
:10651000F80594F8D608EAE788170020F01F002055
:1065200010B50446012209490948FEF7E1FB20465F
:10653000FAF732FA82B24FF0FF3321460448FEF7F1
:1065400027FCBDE810400A2001F084BB9017002012
:106550005C1400202DE9F041224E234C4FF40075CD
:1065600041F28837C0B321A2C82123A0FFF782FFE0
:10657000012824D094F8F805002220F0040084F8C3
:10658000F80529463046FDF7BBF9C82001F062FB4B
:10659000012229463046FDF7B3F9384601F05AFB8F
:1065A00012A2C82114A0FFF765FF01280AD094F8B1
:1065B000F80520F0080084F8F805BDE8F0816420B3
:1065C00001F048FB94F8F80540F0080084F8F8055D
:1065D000BDE8F041FFF7F2BE94F8F80520F008009E
:1065E000CAE70000000801408817002041540D0D43
:1065F0000A4F4B0D0A00000041540D0A0000000034
:10660000F8B5044640684FF48273984217D1A068E9
:106610004FF48065B0F5004F01D0A8420FD120683B
:10662000066826F0400606606068984207D1A068B8
:10663000A84204D100920B460022012103E00092FF
:106640000B4600228021204600F018F8002804D0D4
:10665000606D40F0200060650320F8BD38B50B4642
:10666000009204460022802100F008F8002804D09F
:10667000606D40F020006065032038BD2DE9F843CF
:106680001E46914688460446089DFDF73FF9401B8B
:10669000351AFDF73BF9074625480068C0F3CB30B3
:1066A000684338E0701C37D0FDF730F9C01BA842B2
:1066B00003D215B1009860B32CE02068416821F046
:1066C000E00141606068B0F5827F0BD1A068B0F551
:1066D000004F02D0B0F5806F04D12068016821F02E
:1066E00040010160A06AB0F5005F09D1206801682F
:1066F00021F4005101602068016841F400510160FB
:10670000012084F85100002084F850000320BDE8E7
:10671000F8830025401E00902068816838EA010057
:1067200004D000214945BDD10020F0E70121F9E75F
:10673000A800002098B0C821FA48FAF7F1F9FA4900
:106740000020CDE902104FF400774FF04008F74EDB
:10675000CDE9008732463346F549F64801F070F836
:10676000F54C05007ED0F5A0A061F248FDA1B4383B
:10677000FAF7EEF8EF48B43800F028FF4FF4FA606B
:10678000FCF7BCFFE8490020CDE90210CDE9008705
:1067900032463346E649E74801F052F805466420A0
:1067A000FCF7ACFF4FF48059012249463046FDF713
:1067B000A7F80122DFF8C083570239464046FDF7AB
:1067C0009FF8002239464046FDF79AF81420FCF75E
:1067D00095FF012239464046FDF792F800224946CE
:1067E0003046FDF78DF8002239013046FDF788F874
:1067F000BF01002239463046FDF782F800223946B3
:10680000DE48FDF77DF8002249464046FDF778F85E
:106810004FF47A70FCF772FF0120207164230F227D
:10682000D7A1DB48FEF7B4FAE069FAF7B5F882B20F
:106830006423D748E169FEF7ABFAFEF7D9FC4FF4C1
:106840007A7A5046FCF75AFFD2A63046FAF7A4F8F7
:1068500082B264233146CE48FEF79AFAD548FCF757
:106860007DFE00E0DBE2FCF759FB03F04FF9DFF8B7
:106870004893494603F06CF803F03EF80022CF4BF2
:1068800002F068FDCE4E0022334602F0BFFA02F05D
:106890008BFAA063FCF754FB03F038F9494603F088
:1068A00057F803F029F80022C64B02F053FD4FF0D1
:1068B0003332C54B02F0AAFA02F076FAE063FCF735
:1068C00051FB03F023F9494603F042F803F014F8B2
:1068D000DFF8F8824FF066373A46434602F03AFD59
:1068E0000022334602F036FDB94ABA4B02F032FDBF
:1068F00002F05AFA2064FCF747FB02F0D7FC3A4654
:10690000434602F027FD0022B34B02F03BFB02F0AE
:106910004BFAB24903F012F9A064FCF7EDFA03F068
:10692000F5F8AF4903F00AF9494603F011F860643D
:1069300064232622ABA19648FEF72AFAA06B02F048
:10694000DBFF024677480B46B0A12038F9F754FD2B
:106950007448203801F0D2FCE06B02F0CDFF024613
:1069600070480B46AFA12038F9F746FD6D48203836
:1069700001F0C4FC206C02F0BFFF024669480B46E0
:10698000AEA12038F9F738FD6648203801F0B6FC92
:10699000A06C02F0B1FF024662480B46ADA1203860
:1069A000F9F72AFD5F48203801F0A8FC606C02F07E
:1069B000A3FF02465B480B46ACA12038F9F71CFD4B
:1069C0005848203801F09AFCA06802F095FF024672
:1069D00054480B46ABA12038F9F70EFD514820383A
:1069E00001F08CFC206902F087FF02464D480B46FF
:1069F000AAA12038F9F700FD4A48203801F07EFCB2
:106A0000E06802F079FF024646480B46A9A120380B
:106A1000F9F7F2FC4348203801F070FC606902F09D
:106A20006BFF02463F480B46A8A12038F9F7E4FC6B
:106A30003C48203801F062FC64232522A9A1544877
:106A4000FEF7A6F940F6B830FCF758FE64232A2278
:106A5000AEA14F48FEF79CF9002D61D037A041A1AF
:106A6000A0613448B438F9F773FF3248B43800F005
:106A7000ADFD64232822B0A14548FEF789F95046B0
:106A8000FCF73CFE606A00904FF48076B5A2314678
:106A9000B648236AF9F7C4FCA06A0090B1A2314657
:106AA000B348236AF9F7BCFCE06A0090ADA2314616
:106AB000B048236AF9F7B4FC206B0090A9A23146D4
:106AC000AD48236AF9F7ACFC606B0090A5A2314693
:106AD000AA48236AF9F7A4FCE06B02F00DFF824696
:106AE0008B46A06B02F008FF07468946206C02F037
:106AF00003FF06468846606902F0FEFECDE9080104
:106B0000E06802F0F9FECDE90601206902F0F4FE2A
:106B1000CDE90401A06802F0EFFECDE902012FE10A
:106B200087E100002C01002000A1BC33000C0140D3
:106B3000C0130020A8020020000000202D2D3E20C0
:106B40004C6F52615F4D6F64756C655F5374617417
:106B50007573203A204D4F44554C45204552524FB5
:106B6000520A00004C4F5241204D4F44554C452095
:106B70004552524F520000000008014000100140F1
:106B8000444556494345204445565549203A20003E
:106B900018140020456E7465726564205374617228
:106BA00074446961676E6F737469635461736B0ACF
:106BB000000000002C13002000F07F4500803040D2
:106BC0000000144000002D403333E33F66660A4066
:106BD0005EBA490C022BF13F00FEAF400000664355
:106BE0000000A6422D2D3E4247494E2053454E53AC
:106BF0004F525320444154412056414C5545532D4A
:106C00002D2D2D2D2D2D2D2D2D0A00002D2D3E202D
:106C10005673656E73655F3120202020203A252E43
:106C200032660A002D2D3E205673656E73655F3205
:106C300020202020203A252E32660A002D2D3E20CD
:106C4000564261747465727920202020203A252EE6
:106C500032660A002D2D3E2057696E645F737461A1
:106C600074202020203A252E32660A002D2D3E2049
:106C70004761735F6C766C2020202020203A252EFF
:106C800032660A002D2D3E2074656D706572617448
:106C900075726531203A252E32660A002D2D3E2070
:106CA00074656D706572617475726532203A252E57
:106CB00032660A002D2D3E2068756D69646974790D
:106CC0003109093A252E32660A0000002D2D3E209A
:106CD00068756D6964697479322009093A252E3224
:106CE000660A00002D2D3E454E442053454E534F1D
:106CF000525320444154412056414C5545532D2D6B
:106D00002D2D2D2D2D2D2D2D0A0000002D2D3E4237
:106D10004547494E204C4F5241204D4F44554C451C
:106D200020444941474E4F535449432D2D2D2D2D7D
:106D30002D2D2D2D2D0A00002D2D3E454E44204C8D
:106D40004F5241204D4F44554C4520444941474EF8
:106D50004F535449432D2D2D2D2D2D2D2D2D2D0AE5
:106D6000000000002573257300000000C806002005
:106D7000C8070020C8080020C80A0020C809002051
:106D8000606C02F0B9FDCDE90001A06C02F0B4FD29
:106D900014AB0A4683E8800E28490DF1300C294BCC
:106DA00009781096CDE911812749254E8CE84A00D3
:106DB000DDE90813CDE90A13DDE90613CDE908136F
:106DC000DDE90413CDE90613DDE90213CDE904136F
:106DD000DDE90013CDE90002CDE902131B4A4FF4AF
:106DE000007106F53570F9F71BFB06F5357101F5F5
:106DF0000070FEF755F916A63046F9F7CDFD82B2C0
:106E0000642331461A48FDF7C3FF0020207119485A
:106E10004EF660210068484300F01CFFFCE416A019
:106E2000A0611EA10648F9F793FD054800F0CEFBCE
:106E3000B5E411A019A1A06113E6000069000020CB
:106E4000F401002054170020F01600202CA00008A8
:106E50004C656176696E6720537461727444696130
:106E6000676E6F737469635461736B0A0A00000084
:106E7000181400206C0000202D2D3E204C6F526114
:106E80005F4D6F64756C655F537461747573203A00
:106E9000204D4F44554C45204F4B0A004C4F52411A
:106EA000204D4F44554C45204F4B000008B53F4EF8
:106EB0003F4C0025A078002873D13C48823000F078
:106EC00057FD207028B3657007E03848823000F025
:106ED0009BFD61787054491C61703448823000F029
:106EE000A3FC0028F1D1607835543048823000F09E
:106EF0002BFDE0642D4B00902EA2C821A3F1FA00D7
:106F0000F9F78EFA00F07AFB80212848F9F7E6FDC0
:106F100002E06420FCF7F2FBFCF700F802F0F6FD5B
:106F20002C4F394602F014FD02F0E6FC00222A4BF9
:106F300002F010FADFF8A4800022434601F066FF59
:106F400001F032FFA063FBF7FBFF02F0DFFD3946E3
:106F500002F0FEFC02F0D0FC0022214B02F0FAF914
:106F60004FF033321F4B01F051FF01F01DFFE06382
:106F7000FBF7F8FF02F0CAFD394602F0E9FC02F027
:106F8000BBFC4FF06632184B02F0E4F90022434696
:106F900002F0E0F9154A164B02F0DCF901F004FFAB
:106FA00020644FF47A7000F055FE83E7260200203B
:106FB00000000020527820446174613A25732077E4
:106FC00069746820525353492025692064620D0A70
:106FD0000000000000F07F450080304000001440B9
:106FE00000002D403333E33F66660A405EBA490C29
:106FF000022BF13FFEE700000DA000F0E7FA104C75
:10700000E088042810D9FCF781FCD4F80C14401A4D
:10701000322809D9FCF77AFC2060FEF7DDF9FCF78D
:1070200075FC2178401A20710A2000F013FEE7E772
:1070300042756666657220737461727400000000A8
:10704000881700204EF66024204600F003FEFBE780
:1070500010B5502080F31188BFF34F8FBFF36F8FAF
:1070600001F02AFD18B104494FF08050086000205B
:1070700080F3118810BD000004ED00E030B593B03E
:1070800028216846F9F74CFD14210AA8F9F748FDB4
:107090000024022501200F940490009510200590F3
:1070A00012944FF46010CDE90840119410940795A4
:1070B0006846FCF7E1FE98B90F20CDE90A056802A1
:1070C000CDE90C4002210AA80E94FCF7C9FD38B99D
:1070D000A80311900F950FA8FCF74CFD002801D0D4
:1070E000FBF7D7FF13B030BD704700000148FDF734
:1070F0009CBB0000A0140020F0B50268164B174C92
:10710000174D4FF08047984205D0B84203D0A042B7
:1071100001D0A84203D122F070064A683243984257
:1071200005D0B84203D0A04201D0A84203D122F436
:107130004074CA6822434C6922F0800222430260F4
:107140008A68C2620A688262984201D10969016351
:1071500001214161F0BD0000002C0140000400400D
:107160000008004010B5406A0021C185C184FDF7C8
:107170001DFC10BD0168CA6822F49072CA600168E3
:107180004A6922F001024A61016B012904D10168B8
:10719000CA6822F01002CA60202180F83E10002147
:1071A0000163704708B590F83E10222901D00220F3
:1071B00008BD82684FF480539A4201D1016921B120
:1071C000816A9A421BD04AB10AE00268816A526819
:1071D000C2F308020A80816A891C08E0026972B160
:1071E0000268526802F07F020A70816A491C81625B
:1071F000C18D491E0904090CC18503D019E002683C
:107200005268F1E70168CA6822F02002CA6001688A
:10721000CA6822F48072CA6001684A6922F00102D9
:107220004A61202180F83E10016B012903D0FDF74F
:1072300075FD002008BD002101630168CA6822F0C5
:107240001002CA6001680A68D20602D50A68496855
:107250000091818DFDF7A9FBEBE7000070B50446B6
:1072600000680169E26821F440511143016121691C
:10727000A0680843616908432168CA6841F20C6349
:107280009A430243CA6020684169A26921F44071AF
:10729000114341611E492068884202D1FCF7A6FDD6
:1072A00001E0FCF793FD00EBC00101EB0012606808
:1072B00064218000B2FBF0F3B3FBF1F36FF018062A
:1072C0007343B2FBF0F5B2FBF0F605EB8305322316
:1072D00003EB0515B5FBF1F5B6FBF1F605F0F0058E
:1072E00005EB0615B2FBF0F6B2FBF0F0B0FBF1F0E7
:1072F0006FF01802504306EB800003EB0010B0FB68
:10730000F1F0216800F00F002844886070BD000093
:107310000038014081628285C285002101642222F9
:1073200080F83E2080F83C100168CA6842F4807200
:10733000CA6001684A6942F001024A610068C16896
:1073400041F02001C160002070472DE9F0419846CE
:1073500017460E460446069D1DE0681C1BD02DB145
:10736000FCF7D4FAA0EB0800A84214D92068C16841
:1073700021F4D071C1602068416921F001014161AF
:10738000202084F83D0084F83E00002084F83C0072
:107390000320BDE8F0812068006836EA000004D0D0
:1073A0000020B842D9D00020F3E70120F9E700001F
:1073B0000148FDF7FDBA00005C140020FEE749001B
:1073C00050EAC12018BF04204A0D18BF40F0010048
:1073D00040F2FF72B2EB515F08BF40F0020001289B
:1073E00008BF052070470907090E002804DB00F1DB
:1073F000E02080F80014704700F00F0000F1E0205A
:1074000080F8141D7047002213461046114601F003
:10741000B9BD40F2013200204FF0E04102F091BCD2
:10742000024A0020110702F08CBC000001FDFFFFA2
:1074300010B50446D1E9000100F002F8206010BD4B
:10744000F8B504460D466A4600F088F900987E308B
:10745000009000281EDC002213462046294601F039
:10746000E9FE17D0002140F608004FF00000064664
:107470002046294601F098FC044640F6080006EA3A
:1074800000014FF0000034F0004004BF0220F9F783
:1074900027FC29E00098FF2828DB002108464FF050
:1074A000000000F44006002213462046294602F060
:1074B000F7F88CBF002501250220F9F711FC4FF0E9
:1074C000FF4446B1002D0CBF4FF400004FF4800084
:1074D000B04218BF084C042108464FF00000002DB0
:1074E00004BF84F00040F8BD2046F8BD2046294680
:1074F000BDE8F84001F058BCFFFF7F7F10B504469F
:107500000A46D4E90003194600F054F9C4E9000121
:1075100010BD30380A2801D2012070470020704782
:1075200030B583B00446F9F7D6FB05460020CDE917
:107530000000024621466846F9F7DEFE2846F9F7C4
:10754000CFFBDDE9000103B030BD00002DE9F041C3
:107550000D460446134902F0FBF902F0BBFA064659
:10756000204602F0C9F900220F4B00F0ADF801F0FF
:107570001BFC02F0C1F900220C4B01F003FD074691
:107580000C46304601F092FE3A46234601F03EFC9E
:1075900001F00AFC532D01D0572D01D180F000409D
:1075A000BDE8F0810000C8420000594000004E4094
:1075B00010B50446F9F7F0F9214682B2BDE8104053
:1075C00001230148FDF7E4BB1814002038B5044638
:1075D000F9F7E2F982B2322321460648FDF7D8FBDB
:1075E00005A0012300680090022269460148FDF7CA
:1075F000CFFB38BD181400200D0A000070B5B6B0DE
:107600002A212348F9F788F9044623212048F9F76D
:1076100083F9002C2BD0002829D034A8009033AB5C
:1076200035AA1CA11A48F9F72FF803281FD134985E
:1076300000901BA2C82101A8339BF8F7F1FE9DF82A
:10764000D4001F4D1F4C0126412812D042280ED1D4
:10765000339802F05BFA294602F07AF920613498F7
:1076600002F054FA294602F073F96061E67036B010
:1076700070BD339802F04AFA294602F069F9A06019
:10768000349802F043FA294602F062F9E060EDE72F
:10769000260200202A25632C25642C256423000063
:1076A00054656D70657261747572653A2025690D57
:1076B0000A48756D69646974793A2025690D0A0074
:1076C0000000C8420000002070B514461D460E465A
:1076D000002814BF01210021314321F00041C1F1F4
:1076E0007F6101F1E041C90F16D1002C14BF0121C7
:1076F0000021294321F00041C1F17F6101F1E04106
:10770000C90F09D11449B1EB460F08BF00281CD09E
:10771000690008BF002C18D0314601F013FF024663
:1077200040F2FF7030EA11500DD0F017B0EBE17F5E
:1077300009D0084665F31E0084460B462046614684
:1077400001F0E4FF0246104670BD0120F9F7C8FAC7
:10775000BDE87040FFF757BE0000E0FF10B51446CB
:1077600000222260114A21F000439342A8BF10BDBD
:1077700053EA000208BF10BDB3F5801FA8BF2268FE
:1077800007DA362202F0DDFA6FF0350221F000430D
:107790002260DFF81CC06FF31E510CEB23531A4418
:1077A00041F0FF5141F00051226010BD0000F07F18
:1077B00002FCFFFF2DE9F04106460C4640F2FF7542
:1077C000174635EA14502BD000221346304601F0FC
:1077D00031FD25D03A463046214602F0B2FA06463F
:1077E0000C4635EA145010D000221346304601F002
:1077F00021FD15D10220F9F773FAFFF711FE0A46B1
:10780000214662F31E01BDE8F0810220F9F768FA13
:10781000FFF7FFFD0A46214662F31E01BDE8F08135
:1078200030462146BDE8F08110B5132100F0E4FC9C
:1078300002490978401AC0B210BD0000640000205F
:107840002DE9F0410DF11C08044698E86100069FFF
:10785000C4E900126783A360A0830120C4E9045037
:107860000E2020760F2060764FF47A70E06020467C
:1078700000F0DEF8204600F0BBF9034612280AD0DB
:1078800022A264212C48F8F7CBFD2B48FFF79EFE7F
:107890000420BDE8F081204600F050F82A46334627
:1078A000204600F0FFF800220E21204600F0AEFE38
:1078B00000220F21204600F0A9FE0C21204600F0F6
:1078C0009BFC40F003020C21204600F09FFE0422A6
:1078D0002621204600F09AFE1121204600F057F99B
:1078E0000C21204600F025F907220023204600F055
:1078F0000CF90021204600F0AFF80821204600F0E6
:10790000F5F8204600F01DF80020C2E7476F74200C
:1079100077726F6E6720726164696F20766572732B
:10792000696F6E20307825782C20657870656374D7
:1079300065642030783132005C130020002100F0B3
:10794000D8BC012100F0D5BC10B504461A2100F0C6
:1079500053FC064B21690022C91A72F1000101D2C1
:10796000A43800E09D3840B210BD000000A1BC3337
:1079700070B506460024122100F03EFC0546304654
:1079800000F083F82A461221304600F03FFE6806D8
:1079900015D5A80613D4134900200870304600F00E
:1079A00023F804461021304600F026FC02460D2143
:1079B000304600F02BFE3046FFF7C3FF0FE00121F9
:1079C000304600F019FC862809D000220D213046EF
:1079D00000F01CFE86220121304600F017FE2046F2
:1079E00070BD00006400002010B504461D2100F0A9
:1079F00003FC10F0010F01D0222100E013212046EA
:107A0000BDE8104000F0F8BB10B50446FFF70CFFCE
:107A1000002809D0054920460A78521C0A70BDE8A2
:107A20001040002100F0E8BB10BD00006400002001
:107A300010B50446818B80680022FBF761FF0A20A5
:107A4000FBF75CFEA18B0122A068FBF759FFBDE8A4
:107A500010400A20FBF752BE70B50C4605461D21AA
:107A600000F0CAFB052C01D2052402E0082C00D945
:107A70000824241F00F0F10040EA4400C2B2284666
:107A8000BDE870401D2100F0C1BD10B504461D21A8
:107A900000F0B2FB20F001022046BDE810401D219D
:107AA00000F0B4BD70B5D904054641EA5231D004A6
:107AB0000D4A0023F8F729FC0446000C40EA014077
:107AC000C2B20621284600F0A1FD04F47F40020A5C
:107AD0000721284600F09AFDE2B22846BDE8704032
:107AE000082100F093BD00000048E80170B50C4685
:107AF0000A0A0546202100F089FD04F00F022846FD
:107B0000BDE87040212100F081BD70B514460546E6
:107B10001D2100F071FB00F00F0141EA0411CAB20F
:107B20001D21284600F072FD2846BDE8704000F097
:107B3000C6BB70B50C460546062901D2062420E0D6
:107B40000C2C01D90C2401E0062C1AD0C3223121BF
:107B500000F05CFD0A223721284600F057FD1E2167
:107B6000284600F049FB00F00F02200742EA1062AD
:107B70001E21284600F04AFD2846BDE8704000F06E
:107B80009EBBC522312100F041FD0C22E3E770B518
:107B9000054640690C4618B1142C07D914240BE093
:107BA0000F2C00D90F2444F070021BE0022C01D2EC
:107BB00002240AE0112C08D9E41EE4B287224D21E8
:107BC000284600F023FD8C2105E084224D21284623
:107BD00000F01CFD6121284600F058FBA41EE0B215
:107BE00040F080022846BDE87040092100F00EBD3B
:107BF000422100F001BB0000FBF796FEFFF73EFAC2
:107C0000FDF77CF9FDF722F9FDF7ECF9FDF70EFA27
:107C1000FDF728FA4FF47A70FBF770FD03A0FFF729
:107C2000D5FCFDF72FF900F01CF8FEE7496E6974EA
:107C300069616C697A6174696F6E20636F6D706CD5
:107C4000657465210000000001460020842900D0F1
:107C5000C81C704710B500B9012000F01FFC0020BF
:107C600010BD10B500F066FC002010BD38B54368AB
:107C70004BB1012909D103200022009011460120B7
:107C800000F056FD38BD012901D0002038BD032287
:107C90000021012000F028FD040004D000231A4632
:107CA000194600F0BDFD204638BD7FB50D4604469F
:107CB0004169B0F9080081B1A16971B1FFF7C4FF52
:107CC000D4E905128DE80700D4E900102B4622699B
:107CD00000F0B9FE039004B070BDFFF7B5FF03A933
:107CE000CDE90001208A2B4682B2D4E9001000F0D1
:107CF0007DFE012801D00020EDE70398EBE70000AE
:107D00002DE9F0410A46804617A11046F8F7FEFD1E
:107D100010B3FFF705FC01F047F8064612A100205A
:107D2000F8F7F4FDC0B100780FA160F3070400205C
:107D3000F8F7ECFD80B1FFF7F3FB01F035F80746EB
:107D400009A10020F8F7E2FD30B1007806A160F348
:107D500007050020F8F7DAFDC8F80870C8E90064E4
:107D6000C8F80C50BDE8F0812C00000070B5124C32
:107D7000054626692068001D00F0CEFA38B9206853
:107D800090F82C100120884061698143616120686E
:107D90003544B5424560216805D2A068BDE8704011
:107DA000091D00F0E5BA6068091D00F0E1FAE06A1B
:107DB000854200D2E56270BDAC0000202DE9F041A3
:107DC000054600F0F9FA2A4CE068401CE0602068A3
:107DD000284F10B1A06900B325E02560E0680128B4
:107DE00021D1002606EB860007EB800000F0B2FAF6
:107DF000761C072EF6D31F488C3000F0ABFA1D48D6
:107E0000A03000F0A7FA1B48B43000F0A3FA1948DC
:107E10008C3060601430A06005E02068E96AC06AB8
:107E2000884200D82560A06A401CA062E96A01204F
:107E3000626988401043606101EB810007EB8000BC
:107E4000291D00F0ADFA00F0D7FAA06900280CD087
:107E50002068E96AC06A884207D207494FF080501B
:107E60000860BFF34F8FBFF36F8FBDE8F081000054
:107E7000AC0000206020002004ED00E02DE9F0417E
:107E8000856B174604460026026C82B1C7B1E068D4
:107E9000F8F7ADFDE168206C091AE16022689142B3
:107EA00002D26168081AE060022F16D017E020683D
:107EB000A8B9606800F064FE0646002060600EE02D
:107EC000A068F8F794FD216CA0680844A060616880
:107ED000884204D32068A06001E005B16D1E6D1CCE
:107EE000A5633046BDE8F08110484FF41D6142079C
:107EF00006D0C01D0D4920F00700411AC1F51D61D3
:107F00000B4A00230144C2E900030839103A21F06A
:107F1000070111604B600B600B1AC0E900139360FE
:107F20004FF000405360D0607047000028210020CF
:107F3000F40000200648074A4FF080510368012BE7
:107F4000FCD91160BFF34F8FBFF36F8FF6E70000CE
:107F50006020002004ED00E00346009829B1026093
:107F6000C0E90F31012100F017BC0060F8E72DE9EE
:107F7000F0479A46DDE9098481466FF00303206BE0
:107F800003EB82021044089D20F00706700707D01B
:107F9000502080F31188BFF34F8FBFF36F8FFEE740
:107FA00023180A5C83F834200A5C12B1401C1028A4
:107FB000F6D3002784F84370072D00D30625E56229
:107FC000C4E91157201D00F0D0F904F1180000F0A9
:107FD000CCF92461C5F107006462A061E76484F80C
:107FE000507052464946304600F0F4F82060B8F12F
:107FF000000F01D0C8F80040BDE8F08730B5114946
:1080000000E011460A688242FBD34B685C18844248
:1080100003D1406818444860084643681C189442DD
:1080200009D1084C103C2468A24209D052681A4475
:1080300042600A6812680260814200D0086030BD68
:108040000460F9E7F400002006484168096829B196
:108050004168C968C9684968C16270474FF0FF311B
:10806000FAE70000AC00002008484068401C4FF0D0
:10807000500080F3118804D0BFF34F8FBFF36F8F90
:10808000FEE7BFF34F8FBFF36F8FFEE7FC000020CA
:108090002DE9F041044600F08FF994F9455004F1C0
:1080A000240609E0606A48B1304600F0B5FD08B129
:1080B00000F022FA6D1E6DB2002DF3DC4FF0FF369A
:1080C00084F8456000F098F900F076F994F944508E
:1080D00004F1100709E0206948B1384600F09CFD22
:1080E00008B100F009FA6D1E6DB2002DF3DC84F8C2
:1080F0004460BDE8F04100F07FB900002DE9F04197
:108100000546002700F04CFA314E306808B9FFF7F9
:10811000EBFEF06805424BD1C5B3083568070ED0B9
:1081200005F00700C0F108000544680707D050209B
:1081300080F31188BFF34F8FBFF36F8FFEE72DB32E
:108140007068854234D82248103001460C6801E03E
:1081500020460C466168A94202D221680029F7D165
:1081600031688C4224D00768216801606068083754
:10817000411B10290FD96019420708D0502080F305
:108180001188BFF34F8FBFF36F8FFEE710E04160A0
:108190006560FFF733FF61687068401A7060B2680D
:1081A000904200D2B060F06801430020C4E90001B1
:1081B00000F06CFD780707D0502080F31188BFF3E2
:1081C0004F8FBFF36F8FFEE73846BDE8F0810000A8
:1081D000E400002010B5031F4FF080741C601B1FCB
:1081E00021F001011960191F024B0B60143940384E
:1081F0000A6010BD6980000873B582B00446002093
:108200008DF804009DF80C00002220F080008DF80D
:108210000C00618B6068FBF773FB012203A9E36824
:108220002068FCF700F90546012201A9E3682068EF
:10823000FCF74CF80646618B01226068FBF760FB97
:1082400055EA060009D02B4606A264210E48009686
:10825000F8F7E6F80C48FFF7B9F99DF8040004B008
:1082600070BD0000535049207472616E736D697463
:108270002F72656365697665206661696C65642047
:1082800028256420256429005C1300202D2901D2B3
:108290002D2105E0F02901D9F02106E0822904D240
:1082A00005222D3991FBF2F103E00A221E31B1FBC8
:1082B000F2F1C9B241F020020B2100F0A7B970B56C
:1082C00006461D21FFF798FF0409E5171E213046D9
:1082D000FFF792FF000904220B2804D384F0070063
:1082E000284300D10C223046BDE87040262100F022
:1082F0008DB941F08002012100F088B910B5044623
:10830000F8F74AFB214682B2BDE8104064230148D9
:10831000FCF73EBD18140020D0E9013201699A60D3
:10832000D0E901235A604A68824201D182684A60DA
:10833000002202610868401E08600868704700005B
:10834000034B036003F15400086044201060704741
:10835000C811002000F108014FF0FF32C0E90112FE
:10836000C160016100210160704700210161704717
:1083700030B50B685A1C02D000F1080202E0026915
:1083800004E02246546825689D42FAD953684B6040
:1083900099608A60516008610168491C016030BDC4
:1083A00042684A6093688B60936859609160086185
:1083B0000168491C01607047502080F31188BFF3A9
:1083C0004F8FBFF36F8F0A494868401C48600128EF
:1083D0000CD10848006810F0FF0F07D0502080F340
:1083E0001188BFF34F8FBFF36F8FFEE77047000018
:1083F000FC00002004ED00E00849486828B1401E58
:10840000486001D180F311887047502080F31188B3
:10841000BFF34F8FBFF36F8FFEE70000FC0000201B
:1084200070B5002827D0144DA0F108046168E868F1
:10843000014207D1502080F31188BFF34F8FBFF363
:108440006F8FFEE722683AB1502080F31188BFF3A6
:108450004F8FBFF36F8FFEE78143616000F0A0F89C
:1084600060686968084468602046FFF7C7FDBDE89A
:10847000704000F00BBC70BDE400002006484FF4D3
:108480007A710068B0FBF1F14FF0E020491E4161C4
:108490000721016170470000A800002010B502000C
:1084A00014D00F48406B38B1502080F31188BFF3CF
:1084B0004F8FBFF36F8FFEE700F072F80021104678
:1084C000FFF754FC00F0E2FB002807D105494FF00C
:1084D00080500860BFF34F8FBFF36F8F10BD000057
:1084E000AC00002004ED00E002494A6A026009691C
:1084F00041607047AC0000200149012008627047CC
:10850000AC00002010B50C4650B10949096818317B
:10851000FFF72EFF2046BDE810400121FFF726BCE3
:10852000502080F31188BFF34F8FBFF36F8FFEE7AA
:10853000AC00002010B586B00024039405AA04A95D
:1085400003A80494FFF7FCFEDDE903010094CDE9E4
:10855000011000230EA11048059A00F074FA0F498B
:108560000028086311D0502080F31188BFF34F8F8B
:10857000BFF36F8F4FF0FF30C862012088610C613C
:1085800006B0BDE8104000F075B806B010BD0000A0
:1085900049444C4500000000357F0008AC00002035
:1085A0000248416B491C416370470000AC00002049
:1085B0001448416B11B10121016270470021016231
:1085C0004169B1FA81F1C1F11F0101EB81020E494C
:1085D00051F822306BB101EB820101F108034A68C6
:1085E00052684A609A4201D152684A60D16801607B
:1085F0007047502080F31188BFF34F8FBFF36F8F08
:10860000FEE70000AC0000206020002038B50446E2
:1086100041F0800040EA0220ADF80000618B0022AA
:108620006068FBF76DF902226946E3682068FBF792
:10863000FAFE0546618B01226068FBF761F9002DA7
:1086400008D02B4604A264210948F7F7E9FE084840
:10865000FEF7BCFF38BD0000535049207472616EB4
:10866000736D6974206661696C65643A20256400E5
:108670005C1300201CB5194908780190FF20087090
:1086800008788DF800009DF80000154A00F05000B1
:1086900010700720906005E09DF800305B008DF8B9
:1086A0000030401E9DF800301B06F5D4000200F497
:1086B000E0609060019808700A48016841F4700118
:1086C0000160016841F070410160FFF7D7FE0020B2
:1086D0005060F7F791FD00201CBD000000E400E0B1
:1086E000FC00002020ED00E0F8B517460E4605001E
:1086F00014D0DEB105FB06F04830FFF7FFFC0400A4
:108700000AD0002084F8460004F148023B46314676
:1087100028460094FFF720FC2046F8BD502080F347
:108720001188BFF34F8FBFF36F8FFEE70020E3E7A1
:1087300038B5049D18B153B1CAB181B120E05020C1
:1087400080F31188BFF34F8FBFF36F8FFEE7502088
:1087500080F31188BFF34F8FBFF36F8FFEE7502078
:1087600080F31188BFF34F8FBFF36F8FFEE739B1EE
:10877000502080F31188BFF34F8FBFF36F8FFEE758
:1087800048241C46012384F846302B460094FFF70A
:10879000E3FB204638BD000070B50D46040025D02F
:1087A000FFF70AFED4E90F20216802FB0011616087
:1087B0000021A1632168A1600A46D4E90F01401E8F
:1087C00000FB0121E16021464FF0FF3001F8440F2A
:1087D000487004F110008DB1FFF7BCFD04F12400D6
:1087E000FFF7B8FDFFF708FE012070BD502080F3B1
:1087F0001188BFF34F8FBFF36F8FFEE72169002908
:10880000F0D000F009FA0028ECD004494FF0805075
:108810000860BFF34F8FBFF36F8FE3E704ED00E015
:108820002DE9FF4782B01D468A464FF0000804003C
:1088300003D0BAF1000F08D011E0502080F3118866
:10884000BFF34F8FBFF36F8FFEE7206C38B150201E
:1088500080F31188BFF34F8FBFF36F8FFEE7022DB8
:108860000AD1E06B012807D0502080F31188BFF3B4
:108870004F8FBFF36F8FFEE700F010F93F4F4FF0BF
:1088800000094FF0805648B9049838B1502080F361
:108890001188BFF34F8FBFF36F8FFEE7FFF78CFD9B
:1088A000A06BE16B884207D3022D05D00498D0B1AC
:1088B000B8F1000F1AD01EE02A4651462046FFF7B5
:1088C000DDFA616A19B104F1240000F0A5F920B1C4
:1088D0003E60BFF34F8FBFF36F8FFFF78DFD012019
:1088E00006B0BDE8F087FFF787FD22E06846FFF796
:1088F000FBFD4FF00108FFF77FFDFFF751FEFFF78B
:108900005BFD94F94400401C01D184F8449094F933
:108910004500401C01D184F84590FFF76DFD04A986
:10892000684600F02DF830B12046FFF7B1FB00F0AB
:10893000ADF90020D4E7FFF73FFDA06BE16B884263
:1089400013D1FFF759FD04F110000499FFF7DAFD88
:108950002046FFF79DFB00F099F900289ED13E606C
:10896000BFF34F8FBFF36F8F98E7FFF745FD2046AA
:10897000FFF78EFB00F08AF990E7000004ED00E0BD
:1089800070B50C4605000ED0ACB1FFF715FD164BC7
:1089900019696A682E685B6A881A9E4213D08A42F7
:1089A00011D8012418E0502080F31188BFF34F8FB5
:1089B000BFF36F8FFEE7502080F31188BFF34F8F16
:1089C000BFF36F8FFEE72168814209D9081A206042
:1089D0002846FFF789FD0024FFF70EFD204670BDF5
:1089E00000202060DDE70000AC0000202DE9FF5FE3
:1089F0008346DDE90E87994616468A469000FFF7C2
:108A00007DFB05001CD05420FFF778FB040014D038
:108A10000020256384F85100CDE90240CDE90087AC
:108A20004B46324651465846FFF7A1FA2046FFF71B
:108A3000C5F9012004B0BDE8F09F2846FFF7F0FC1F
:108A40004FF0FF30F6E7F0B585B0DDE90B640A9D25
:108A5000A6B1DCB1542700972663022684F8516042
:108A6000002604AFCDE90246CDE90057FFF77FFAB3
:108A70002046FFF7A3F9049805B0F0BD502080F31D
:108A80001188BFF34F8FBFF36F8FFEE7502080F345
:108A90001188BFF34F8FBFF36F8FFEE705488169E1
:108AA00019B1406B18B100207047012070470220B7
:108AB00070470000AC0000202DE9F0412E4C00274B
:108AC000606B40B1E069401CE061206A00B10127A1
:108AD0003846BDE8F0812669761C266113D16068AE
:108AE000006838B1502080F31188BFF34F8FBFF377
:108AF0006F8FFEE76068A1686160A060606A401CDB
:108B00006062FFF7A1FAE06ADFF87080864209D35D
:108B10006068006880B16068C068C568686886423F
:108B20000DD2E0622068C06A00EB800158F8210095
:108B30000128CAD90127C8E74FF0FF30F1E7281D07
:108B4000FFF7EAFBA86A18B105F11800FFF7E4FB8C
:108B5000E86A0121626981401143616100EB800193
:108B600008EB8100291DFFF71BFCE86A2168C96A30
:108B70008842CDD30127CBE7AC0000206020002045
:108B800070B504004FF0000140D0214D28688442A8
:108B900007D0502080F31188BFF34F8FBFF36F8F42
:108BA000FEE7A06C38B1401EA064636CE26A9A4292
:108BB0002CD040B12AE0502080F31188BFF34F8FB2
:108BC000BFF36F8FFEE7201DFFF7A6FB114A0121BF
:108BD00050B9E06A00EB800352F8233023B96B6987
:108BE00001FA00F083436B61606CE062C0F1070042
:108BF000A061E06A6B6981401943696100EB800004
:108C000002EB8000211DFFF7CBFB0121084670BD60
:108C1000AC000020602000202DE9F041C068C4684D
:108C2000ACB104F118000746FFF776FB154D686BF1
:108C30000126A0B139461448FFF7B2FBE06A296863
:108C4000C96A88421CD901202E62BDE8F0815020FB
:108C500080F31188BFF34F8FBFF36F8FFEE7201DA6
:108C6000FFF75AFBE16A6A6906FA01F0104368618E
:108C700001EB81000449B43901EB8000211DDBE7E1
:108C80000020E2E7AC000020142100202DE9F0478D
:108C90002C4D00242746686B38B1FFF78DFB686BBD
:108CA000401E6863686B40B146E0502080F3118835
:108CB000BFF34F8FBFF36F8FFEE7E968224E0120AD
:108CC000D1B3A6F1B40980463068E8B1F068C46851
:108CD00004F11800FFF720FB201DFFF71DFBE06AE1
:108CE0006A6908FA00F11143696100EB800109EB40
:108CF0008100211DFFF754FBE06A2968C96A884298
:108D0000E2D3C5F82080DFE70CB1FFF79DF9EC69ED
:108D100044B14646FFF7D0FE00B12E62641EF9D181
:108D20000020E861286A38B108490127380708603F
:108D3000BFF34F8FBFF36F8FFFF75EFB3846BDE881
:108D4000F0870000AC0000201421002004ED00E0BA
:108D500010B500290AD00878002807D005487844C3
:108D6000F9F782F9002801D0002010BD02487844AC
:108D700010BD0000A61400009E14000010B50029CC
:108D80000AD00878002807D005487844F9F76CF92C
:108D9000002801D0002010BD0248784410BD00001A
:108DA0008A1500008215000021F00042A2F16052F5
:108DB000B2F5801F01F0004328BFD2F17F6C0BD9C0
:108DC0005FEA001C43EAC20242EB507018BF7047D2
:108DD00028BF20F001007047B2F5801FBCBF1846C5
:108DE00070474FEA410C1CF5001F02D2084600F004
:108DF0006CBF70B500F058FB00000089FFF7F6BFAC
:108E00004FF00040A0F580007047000010B591EAD7
:108E1000030F48BF83F0004300F18C84841A71EB88
:108E2000030C05D2121943EB0C03001B61EB0C0180
:108E3000DFF824E14FEA1154A4EB135C1EEA430F60
:108E400018BF9EEA445F73D023EA0E03DCF1200EC4
:108E500021EA045143F4801332D322FA0CFE10EBC2
:108E60000E0023FA0CFE41EB0E01CCF1200E03FAAA
:108E70000EFE10EB0E0051F10001B1F5801FCCF198
:108E8000200E32D201EB045112FA0EF2BDE810406E
:108E900058BF7047401C38BF5FEA420218BF704796
:108EA000002814BF20F0010041F100014FEA410306
:108EB00013F5001F38BF7047A1F1C04100F0EABBB5
:108EC000012A43EB0302ACF1200CDCF11F0E32BF90
:108ED0004FF0000E23FA0CF310EB030041EB0451AA
:108EE000B4EB115FD0D0A1EB045101F5801149081A
:108EF0005FEA300001EB04510ED350F1000038BF9F
:108F000012FA0EFE08D1BDE81040C9E7401C38BF78
:108F10005FEA4202CAD1C3E7BDE810404FEA41030D
:108F200013F5001F38BF7047A1F1C04100F0B2BB7C
:108F30009EEA445F08D011EA5E0FBDE8104004BF0E
:108F400001F0004100207047BDE8104070B500F00E
:108F5000ABFA00BF64FBBE3E0000E0FF02494FF0E9
:108F6000000000F0BCBE00BF0000F87F491058BFF1
:108F7000C1F140415B1058BFC3F140438B42EFF356
:108F8000008070472DE9C04130B4DFF8A0C23CEA50
:108F9000111418BF3CEA131400F0EC8081EA0305B9
:108FA0001CEA111444EAD57418BF1CEA131500F02A
:108FB000C780A4EB05044FF0004545EAC12145EA0E
:108FC000C32341EA505143EA525304F17F7499425A
:108FD00004F500344FEAC0204FEAC22208BF904295
:108FE00000F09C804FEA13650FF24016765D4FEA61
:108FF000134506FB05F7C7F1807706FB07F74FEA35
:10900000D737A7FB03687642C8F58038A7FB06CEA2
:1090100038BFA8F1010807FB08E64FF0000EA6FBD9
:10902000028CE6FB03CEDCF1000CCEF1004E38BF23
:10903000AEF1010EA6FB0C584FF000074FF00005F3
:10904000E6FB0E87A1FB08C6A0FB07CE16EB0E06BB
:1090500045F10005E1FB076515F1E04E7EBFA4F583
:1090600080345FEA46066D4116F1800745F1000540
:109070004FEA17274FEA066647EA0567A6F1DE467C
:10908000B6F1805F4FEA15251FD9384624F0010C50
:1090900005EBC471BCF1FE6F01EB0C1102D8F0BC02
:1090A000BDE8008124425CBF01F5801E9EEAC47FBA
:1090B00002D4F0BCBDE80081244238D4F0BCA1F158
:1090C000C041BDE8004100F0E5BA4FEAD22242EAD1
:1090D00043524FEAD323A7FB02864FEAD02040EA4F
:1090E000415007FB03661EEA0E0F4FEAD12105FB34
:1090F000026658BFA6EB0056B6EB00564FEA520E7A
:109100004EEAC37E18EB0E0E56EB530EBDD518EB90
:1091100002085E417F1C55F10005B6E74FF480154B
:109120004FF000074FF000064FF00008ADE7F0BC2D
:109130004FF0000001F1C04101F00041BDE80081A5
:1091400011EA0C1F0CEA131500D00CE013EA0C1FF7
:1091500000F025804FF00000F0BC81EA030101F02F
:109160000041BDE80081F0BCBDE8004181EA030197
:1091700000F090BAF0BCBDE8004170B500F094F981
:10918000097EFC3E00F007B881EA03014FF00000C1
:1091900001F00041704781EA030100F07BBAF0BCA6
:1091A000BDE800414FF0000021497047FFFDFBF989
:1091B000F7F5F4F2F0EEEDEBE9E8E6E4E3E1E0DE0A
:1091C000DDDBDAD8D7D5D4D3D1D0CFCDCCCBCAC87C
:1091D000C7C6C5C4C2C1C0BFBEBDBCBBBAB9B8B7A3
:1091E000B6B5B4B3B2B1B0AFAEADACABAAA9A8A896
:1091F000A7A6A5A4A3A3A2A1A09F9F9E9D9C9C9B64
:109200009A9999989797969595949393929191900E
:109210008F8F8E8E8D8C8C8B8B8A8989888887879F
:109220008685858484838382828181800000FF0714
:109230000000F87F51EA030C17D41CF5801F58BFBB
:10924000BCF5801F00F10680994218BF704708BF27
:109250009042704707D711F5801F58BF13F5801F44
:1092600019D499427047894270471CF5801F08D570
:10927000BCF5801FF7D58B4218BF704708BF8242EC
:1092800070474FF4001C1CEB410F38BF1CEB430F21
:1092900001D28B42704770B500F006F99224490064
:1092A0004FF000514FF08053FFF760BE10F00042C6
:1092B00048BF4042B0FA80F310FA03F10AD0C3F17C
:1092C0001D0303F580634FEA415002EB035202EBAA
:1092D000D12170474FF000007047000051EA030CA5
:1092E00017D41CF5801F58BFBCF5801F00F1068005
:1092F000994218BF704708BF9042704707D711F5D1
:10930000801F58BF13F5801F19D4994270478942B6
:1093100070471CF5801F08D5BCF5801FF7D58B4220
:1093200018BF704708BF824270474FF4001C1CEB07
:10933000410F38BF1CEB430F01D28B42704770B511
:1093400000F0B2F8922449004FF000514FF08053E2
:10935000FFF70CBEDFF848C170B51CEA111E1EBF36
:109360001CEA13159EEA0C0F95EA0C0F00F06F80B3
:1093700081EA030423EA4C134EEAD47E21EA4C111D
:1093800041F4801143F48013AE44A1FB024CA0FBD6
:109390000365AEF17F7E361955EB0C05A1FB034C3E
:1093A0004CF10003A0FB021C16EB0C06654153F1C7
:1093B0000003094218BF46F0010613F4007F0BD1E9
:1093C0004FEA03314FEA0530340341EA155140EAD0
:1093D00016506FF003020AE04FEAC3214FEAC5209E
:1093E000F40241EA555140EA56506FF0020202EB96
:1093F0002E4201EB025585EACE710AD05FEA440C99
:1094000018BF24F0004450F1000041F1000120EAAF
:10941000D47040F2FE7C624500D270BDA84214BFF9
:109420004FF080444FF04044002E08BF0024BEF1AE
:10943000806FA8BFA1F1C041BDE8704080F22A81D1
:109440004FF0000001F1C04101F0004170479EEA79
:109450000C0F0CEA131518BF95EA0C0F06D04FF04D
:10946000000081EA030E0EF0004170BD00F01CF810
:109470008900013E00F007B800F009B84FEA430C3C
:109480005FEA5C5C08D081EA030100F003B94FEAAF
:10949000410C5FEA5C5CF6D14FF000000149704777
:1094A0000000FF070000F87F0EF1020E2EF0030E01
:1094B0005EF8046B364205D4012A43EB030515F52B
:1094C000001F12D8012841EB010C1CF5001F0CD81D
:1094D0000ED14FEAD17C15F5001F0CEB4C0C0CF1B2
:1094E000020C08BF4CEBD37C04E04FF0080C01E009
:1094F0004FEAD37C0CEB4C0526FA05F606F007067E
:10950000B6F1040C06D20EEB860CBDE870404CF0B0
:10951000010C6047DFE80CF0090B02024FF000413C
:109520004FF00000A1F5002170BD1946104601283A
:1095300051EB010418BFD4F5001484BF002001F0E2
:10954000004170BDDFF844C170B53CEA111418BF8A
:109550003CEA131500F08F8011F1004F1CEA13153F
:109560000CEA111468BF45F0050518BF11EA0C1F7D
:1095700000F079802E4621EA4C1123EA4C1341F485
:10958000801143F48013A5F58035AC423DDD801A8F
:109590009941A4F5803609D54042C1F1000134BF9C
:1095A000B1F10101B1F1000185F0010511F4F01FE5
:1095B00008D011F4801FE8D1400041EB0101A4F56F
:1095C0008034F6E721F00041B1FA81F6202E04BF85
:1095D000B0FA80FE0EF12006A6F10B06B6F1200EC1
:1095E000A4EB06440CD2C6F1200E01FA06F120FAD3
:1095F0000EF641EA0601CEF1200600FA06F003E07D
:1096000000FA0EF14FF00000BFE750EA410E23D000
:109610004FEA244EBEEB254F0FDB994208BF904224
:1096200004D00AD3520043EB0303B0E74FEA1646D7
:10963000B6EB144F08BF85F00105B4F5803401EB9B
:10964000041181EAC57100DB70BD01F1C0414FF02A
:10965000000001F0004170BD4FEA45714FF000007D
:1096600001F0004170BD1CEA131F09D04FF000004B
:1096700001F0004170BDFFF717FF00BFEDFFFF3E97
:10968000BDE870404FF00000014970470000FF073F
:109690000000F87F0808A0F500114FEA310170477B
:1096A00053EA010C17D41CF5801F58BFBCF5801F6E
:1096B00000F106808B4218BF704708BF8242704796
:1096C00007D713F5801F58BF11F5801F19D48B429F
:1096D00070479B4270471CF5801F08D5BCF5801F62
:1096E000F7D5994218BF704708BF904270474FF4B2
:1096F000001C1CEB430F38BF1CEB410F01D29942F9
:1097000070470FB40CBC03BCFFF719BE91EA030FFE
:1097100010B581F000413FF581AB83F0004300F0CC
:1097200009B8000010B591EA030F48BF83F0004369
:109730003FF574AB841A71EB030C07D212198CF04D
:10974000004C43EB0C03001B61EB0C01DFF8A4E1C0
:109750004FEA1154A4EB135C1EEA430F18BF9EEAB4
:10976000445F00F0B08023EA6E03524221EA0451C4
:10977000C3EB6E0338BF5B1EDCF1200E25D322FA4B
:109780000CFE10EB0E0043FA0CFE41EB0E01CCF187
:10979000200E03FA0EFE10EB0E0051F10001CCF189
:1097A000200E29D412FA0EF201EB0451BDE810404C
:1097B00058BF7047401C1CBFB2F1004F70470028D3
:1097C0000CBF491C20F00100704712EB020E43EB66
:1097D000030218BF4FF0010E4EEA4202ACF1200C1A
:1097E000DCF11E0E54D943FA0CFE10EB0E0051F1C1
:1097F000FF31CCF11E0ED5D50EF1010E12FA0EFE80
:10980000404141EB010101EB445C5FEA5C5C10D933
:1098100010EBDE7001EB045138BFBEF1004FBDE824
:10982000104018BF704700280CBF491C20F00100F1
:10983000704730D24FEAD42C11F5001124F40064A3
:109840001BD0B1FA81F20B3AA41AA41ED2F1200364
:10985000914030FA03F31943904001EBCC71002C96
:1098600001EB0451BDE81040A8BF704701F1C041B1
:109870004FF0000001F000417047B0FA80F310FA99
:1098800003F100D110BDE41A173C4805C90AE4E70A
:1098900001EB045110BD491001EB0451BDE810402B
:1098A0004FEA300002E04FF0000170474A0008BF65
:1098B0000042F8D0B2F5001F28BF704701F0004108
:1098C0004FF0000070479EEA445F07D011EA5E0F38
:1098D000BDE8104004BF002100207047BDE81040E3
:1098E00070B5FFF7E1FD00BF40DFF63E83F00041B9
:1098F000104670470000E0FF43004FEAD30C4FEAE8
:109900003C0C43401FBF40070CF1605113F0FE4F69
:1099100070471CF0006F03D100200CF0004170472D
:109920000CF0004343EA507010B540EACC0000F060
:1099300086F900BF000000924FEA0001FFF7AABEBF
:109940004FF000414FF00000A1F5002170470000EA
:109950004FF47F0C1CEAD0121EBF1CEAD11392EA0E
:109960000C0F93EA0C0F00F0858090EA010F48BFBE
:1099700042F4807240F4000C41F400002CF07F416E
:1099800020F07F4000B58142A2EB03020FF2081CD9
:10999000ACEB504EC0F100009EF800E04FEA4E0ED6
:1099A00000FB0EFC38BF49004FEA2C1C02F5FA02FE
:1099B0000CFB0EF34FEACE1E4FEA112C4FEAC121E9
:1099C0000EEB635E42EB22420EFB0CFC4FEA1C5393
:1099D00000FB03114FEA112C4FEA01310EFB0CFC86
:1099E0004FEADC4C00FB0C11C14228BF09184CEBBC
:1099F00003335DF804EB10EB410143EBC250B2F5C9
:109A00007C0F38BF704729D512F0F00F1CBF00F152
:109A1000C04000F0004070470081828384858687C3
:109A200088898B8C8D8E8F919293959697999A9C1D
:109A30009D9FA0A2A3A5A7A8AAACAEB0B2B3B5B78C
:109A4000B9BCBEC0C2C5C7C9CCCED1D4D7D9DCDF62
:109A5000E2E6E9ECF0F3F7FAFE0000004FEA400C12
:109A60000CF1807CBCF17E4F28BF7047B0F1C04044
:109A700000F02BB990EA010F0CEAD11348BF42F471
:109A80008072624538BF634507D213F47F0F16D04A
:109A900080EA010000F00040704710B500F0CFF8F8
:109AA000097EFC3E00F005B880EA010000F00040AD
:109AB000704780EA010000F0004000F006B912F49F
:109AC0007F0F04BF0248704780EA010000F0FDB834
:109AD0000000C07F41000B0ED3F19E0208D950F464
:109AE00000034FEA032323FA02F048BF40427047C5
:109AF00010B500F0A4F800BF499224800020704700
:109B00006FF0004282EA20007047000010F0004130
:109B100048BF4042B0FA80F310FA03F2C3F19D034C
:109B20000BD051EAC35101EB1220530638BF7047E6
:109B300000F1010008BF20F0010070474FF47F0CD6
:109B40001CEAD0121EBF1CEAD11392EA0C0F93EA52
:109B50000C0F00F0478090EA010F48BF42F480727A
:109B60004FF0004C4CEA00204CEA012102EB0302CA
:109B7000A0FB0113A2F50002002918BF43F0010366
:109B80005B0028BF4FEA330342EB22425FEA132C0B
:109B90004CEBC2502EBFBCEB436FB2F57C0F70474D
:109BA0004FEA036CBCF1004F08BF20F00100B2F592
:109BB0007C0F38BF70470BD582F0FF0212F5803F53
:109BC000C8BF704700F1C040D8BF00F000407047E8
:109BD00000F5000C5FEA4C0C48BF7047B0F1C04084
:109BE00000F073B890EA010F0CEAD11348BF42F4B9
:109BF0008072624538BF634504D280EA010000F0FC
:109C00000040704710B500F01AF800BF8900013E0F
:109C100000F007B800F009B85FEA410C5FEA1C6C7D
:109C200008D080EA010000F050B85FEA400C5FEA1B
:109C30001C6CF6D14FF00040A0F5800070470EF18B
:109C4000020E2EF0030E5EF8044B244204D44FEAB9
:109C50004102B2F17F4F11D84FEA4003B3F17F4F79
:109C60000CD80ED14FEAD07CB2F17F4F0CEB4C0CEC
:109C70000CF1020C08BF4CEBD17C04E04FF0080C57
:109C800001E04FEAD17C0CEB4C0324FA03F404F01E
:109C90000704B4F1040C06D20EEB840CBDE81040AE
:109CA0004CF0010C6047DFE80CF0070802024FF0AF
:109CB0000040A0F5800010BD0846420018BFD2F158
:109CC000807288BF00F0004010BDFF2141EAD050F3
:109CD000C00570474FF000007047F7F739B90CF036
:109CE0000F03092B08BF082000F05F800A2B0BD060
:109CF000082B18BF704708BF1CF0400F0AD04FF068
:109D000000004FF0000170471CF0400F18BF4FF0EB
:109D1000004070471CF0100F08D020F0704300F096
:109D20007F4242EAD3014FEA4370704700F060403F
:109D300021F07F4242EA000201F07F4040EA727067
:109D400070474FF0FF0C4CF4E06C1CEA11531CBF41
:109D50009CEA030C9445C2BFDA4201EB0251704702
:109D6000002B0DD0BCF1000F0FD0002A01F00041F4
:109D7000A4BF41F0E04141F07F614FF00000704727
:109D800001F000414FF00000704750EA01334FF0FE
:109D90009B0C18BF4CF0806C7FF4E0A87047F7F77D
:109DA000D7BFF8F7C7B9F8F755BB1CF4801F11D01F
:109DB0001CF4E02F03D06FEACC31490070474FF01C
:109DC0004050EFF3008222F0704242EA000282F338
:109DD000008870474FF0000070470000E09F0008C7
:109DE000356700080100000000000000800000004E
:109DF0000000000000000000C49F0008AD6E0008D5
:109E0000FFFF0000000000008000000000000000D4
:109E100000000000D09F000845700008FFFF000010
:109E200000000000800000000000000000000000B2
:109E3000F09F0008F56F0008FFFF00000000000021
:109E4000800000000000000000000000C8A1000821
:109E5000F96F000800000000000000005000000042
:109E600000000000000000000000000000000000F2
:109E700001020304060708090000000001020304B0
:109E80003031323334353637383941424344454630
:109E9000403058003031323334353637383961622A
:109EA000636465664030780002400000000000A056
:109EB0000000000005400000000000C80000000095
:109EC0000C4000000000409C000000001940000011
:109ED0000020BCBE0000000034400000BFC91B8E43
:109EE00000000004B5400000504BCFD06607E2CF21
:109EF000010000006C4100003E8251AADFEEA73451
:109F000001000000D9420000DCB5A0E23A301F9702
:109F1000FFFFFFFFB4450000FD25A0C8E9A3C14F26
:109F2000FFFFFFFFFF3F0000000000800000000077
:109F3000FF3F00000000008000000000534D41562C
:109F40002062656C6769756D0A0000006874747042
:109F50003A2F2F6170702E736D61762D6167726F6D
:109F60002E636F6D3A383038302F6170692F76313B
:109F70002F41655650326548324633346F747667E8
:109F80006D4541495A2F000061747472696275749D
:109F900065733F7368617265644B6579733D706882
:109FA0006F6E6500617474726962757465733F7376
:109FB00068617265644B6579733D73657456616C55
:109FC000756500004C6F72615461736B0000000096
:109FD00053656E64446174615461736B00000000EA
:109FE000446961676E6F737469635461736B0000D9
:109FF0005270635461736B0061747472696275743A
:10A0000065733F7368617265644B6579733D757202
:10A010006C0000006174747269627574657300008D
:10A0200074656C656D657472790000007B225769F8
:10A030006E645F73746174223A252E32662C224757
:10A0400061735F6C766C223A252E32662C22546541
:10A050006D7031223A252E32662C2254656D703295
:10A06000223A252E32662C2248756D31223A252E51
:10A0700032662C2248756D32223A252E32662C2209
:10A0800072737369223A20222573222C226F706525
:10A090007261746F724E616D65223A2022257322BF
:10A0A0002C226D6F64756C65537461747573223AFC
:10A0B00020222573222C22535F42617474657269D9
:10A0C00065223A252E32662C2272656C61795374B2
:10A0D000617465223A20222564222C224D61636836
:10A0E000696E65223A252E32662C224261747465AF
:10A0F0007279223A252E32667D00000000000000B1
:10A100002B2B2B2B2B2B2B2B2B2B2B2B2B2B2B2B9F
:10A110002B2B2B2B2B2B2B2B2B2B2B2B2B2B2B2B8F
:10A120002B2B2B2B2B2B2B52454C4159204F46468A
:10A130002B2B2B2B2B2B2B2B2B2B2B2B2B2B2B2B6F
:10A140002B2B2B2B2B2B2B2B2B2B2B2B2B2B2B2B5F
:10A150002B2B2B2B2B2B2B2B2B2B2B2B2B2B2B2B4F
:10A160002B0000002B2B2B2B2B2B2B2B2B2B2B2BC0
:10A170002B2B2B2B2B2B2B2B2B2B2B2B2B2B2B2B2F
:10A180002B2B2B2B2B2B2B2B2B2B2B52454C415979
:10A19000204F4E2B2B2B2B2B2B2B2B2B2B2B2B2BD3
:10A1A0002B2B2B2B2B2B2B2B2B2B2B2B2B2B2B2BFF
:10A1B0002B2B2B2B2B2B2B2B2B2B2B2B2B2B2B2BEF
:10A1C0002B2B2B2B0000000053494D427566665423
:10A1D00061736B0030A30008000000200C01000038
:10A1E000280100083CA400080C0100204C300000AD
:10A1F00044010008000000000000F07FFFFFFFFFA7
:10A20000FFFFEF7F1001000043000000F8FFFFFF99
:10A210000040404040404040404041414141414079
:10A22000404040404040404040404040404040402E
:10A2300040050202020202020202020202020202BD
:10A2400002202020202020202020200202020202C2
:10A25000020290909090909010101010101010101A
:10A260001010101010101010101010100202020226
:10A27000020288888888888808080808080808086A
:10A280000808080808080808080808080202020266
:10A29000400000000000000000000000000000007E
:10A2A00000000000000000000000000000000000AE
:10A2B000000000000000000000000000000000009E
:10A2C000000000000000000000000000000000008E
:10A2D000000000000000000000000000000000007E
:10A2E000000000000000000000000000000000006E
:10A2F000000000000000000000000000000000005E
:10A30000000000000000000000000000000000004D
:10A31000000000001C00000043000000F8FFFFFFE9
:10A320000C0000000E0000000F0000002E000000D6
:10A3300000000000010000000000803F0000803F9E
:10A340000000004000000040FCA000083C9F000806
:10A350004C9F000820A00008A49F0008889F0008C8
:10A36000F89F000814A00008000000000000000092
:10A3700000000000000000000000000000000000DD
:10A3800000000000000000000000000000000000CD
:10A3900000000000000000000000000003000000BA
:10A3A00000000000000000000000000000000000AD
:10A3B00000000000000000002B33323439353739FB
:10A3C00036383132000000000000000001000000BB
:10A3D00010000000000000000024F4000000000055
:10A3E000000000000000000000000000000000006D
:10A3F000000000000000000000000000000000005D
:10A40000000000000000000000000000000000004C
:10A41000000000000000000000000000000000003C
:10A42000000000000000000000000000000000002C
:0CA43000AAAAAAAA000000000000000078
:04000005080000ED02
:00000001FF
