:020000040800F2
:10000000583100206D0200089F500008454E00083E
:100010009D50000861300008C17500080000000014
:10002000000000000000000000000000D5010008F2
:100030009130000800000000190200085572000805
:10004000870200088702000887020008870200086C
:10005000870200088702000887020008870200085C
:10006000870200088702000887020008870200084C
:10007000870200088702000887020008870200083C
:100080008702000887020008192E0008870200086E
:10009000870200088702000887020008870200081C
:1000A00087020008F1720008870200088702000832
:1000B00087020008870200088702000887020008FC
:1000C00087020008870200088702000887020008EC
:1000D000870200088702000887020008B57500083B
:1000E00087020008870200088702000800F002F873
:1000F00000F060F80AA090E8000C82448344AAF162
:100100000107DA4501D100F055F8AFF2090EBAE85F
:100110000F0013F0010F18BFFB1A43F0010318473B
:1001200084A20000A4A20000103A24BF78C878C1BD
:10013000FAD8520724BF30C830C144BF04680C60ED
:10014000704700000023002400250026103A28BF35
:1001500078C1FBD8520728BF30C148BF0B60704739
:10016000662909F0BC86692900F09E81642900F0A7
:100170009B81782900F0D481632901F04E80732996
:1001800001F05380002070471FB59DE8030000F088
:1001900045FD01F043F904000020002108F0DAFEDB
:1001A000401C60600020002108F0EAFEE0601FBDF6
:1001B00010B510BD01F080FC1146FFF7E5FF07F018
:1001C0001DFE01F01BFF03B4FFF7F2FF03BC01F0BB
:1001D0008BFF0000224B19680868B0E8F00F80F32D
:1001E0000988BFF36F8F4FF0000080F311884EF045
:1001F0000D0E70470000000006480068006880F39C
:10020000088862B661B6BFF34F8FBFF36F8F00DF10
:1002100000BF00BF08ED00E0EFF30980BFF36F8F70
:100220000F4B1A6820E9F00F106008B54FF050002E
:1002300080F31188BFF34F8FBFF36F8F08F0BAFAC6
:100240004FF0000080F31188BDE808401968086885
:10025000B0E8F00F80F30988BFF36F8F704700BFDD
:10026000A8000020EFF30580704700000948804790
:1002700009480047FEE7FEE7FEE7FEE7FEE7FEE788
:10028000FEE7FEE7FEE7FEE704480549054A064BA0
:1002900070470000ED720008ED000008582B0020A8
:1002A00058310020582D0020582D002070B50646EA
:1002B00000F094FC056806F10B0020F00704B4423E
:1002C0009CBF002070BD2B466A68BAB11068A0427E
:1002D00010D304F1080188423CBF5068586007D32E
:1002E0005168101941601168091B01605860146061
:1002F000101D70BD13465268002AE7D121462846DA
:1003000000F078FC0028DED170BD53EA020C00F04A
:1003100069802DE9F04B4FF00006002B1FBFB3FAA8
:1003200083F503FA05F424FA05F65E4012BF16437E
:10033000B2FA82F502FA05F4C5F120051EBF22FAD1
:1003400005FC44EA0C04203556EA044C4FEA1444F8
:1003500018BF641C4FF000084FF00009904271EB89
:10036000030C39D3002919BFB1FA81F701FA07F656
:10037000B0FA80F700FA07F6C7F120071EBF20FA8F
:1003800007FC46EA0C062037B6FBF4FCA7EB050792
:10039000103F07F01F0BCBF120060CFA0BFB2CFAD9
:1003A00006F644BFB3460026202FA4BF5E464FF09A
:1003B000000B5BEA060C08BF4FF0010B19EB0B09B1
:1003C000ABFB027C48EB0608C01B06FB02CC0BFB18
:1003D00003CC71EB0C01C1E70B460246414648468F
:1003E000BDE8F08B13B54FF000004FF00001AFF304
:1003F0000080BDE81C4070470FB41CB5074B06AA2F
:100400007B4469460090059800F0DDFE00206946B7
:1004100000F0ECFE1CBC5DF814FB0000E90D0000D0
:100420000FB41CB50C0007AA009001D02044401E58
:10043000074B7B4469460190069800F0C4FE002CEF
:1004400003D06946002000F0D1FE1CBC5DF814FB0F
:10045000C10D000070B50C460546012A05D028786C
:10046000800600D5EA69002302E0012305E05B1C59
:10047000934202D2E05C0028F9D1A869E618C01ABC
:10048000A861286A184428622846AFF3008004E077
:10049000D5E9012114F8010B9047B442F8D328465E
:1004A000AFF3008070BD00002DE9F0410646002446
:1004B00010687529314616A510D0AFF300800028CA
:1004C00002DA404213A507E031688A0701D512A578
:1004D00002E0490704D511A5012401E0AFF3008033
:1004E00000210A2206F1240709E0B0FBF2FCB0FB70
:1004F000F2F302FB1C00303078541846491C0028E7
:10050000F3D123462A463046BDE8F04100F0EEBB69
:10051000000000002D0000002B0000002000000063
:1005200070B504460D4621461068AFF3008021885F
:10053000090502D50F4A7A4402E00E4A7A440E3287
:10054000002104F1240305E000F00F060009965D88
:100550005E54491C0028F7D120780023000704D5F9
:10056000702D02D009B1022311322046BDE870403F
:1005700000F0BCBB4A9B00002DE9F0474FF0000A99
:1005800089460446C0F820A02046E1688847002834
:1005900076D0252806D0D4E901219047206A401C56
:1005A0002062F1E7E168204600258847C4F81CA0D6
:1005B00006460027C4F818A02A2E09D0304607F0B6
:1005C000AAF838B304EB8708303EC8F8186019E081
:1005D00059F8041B204604EB87029161E1688847C3
:1005E000012F064618D1E069002820DA25F0200501
:1005F0001DE0D8F8180000EB800006EB4000303812
:10060000C8F818002046E1688847064607F083F8D6
:100610000028EED1012F0AD02E2E08D12046E16805
:1006200088477F1C0646022F45F02005C4DBA069E1
:10063000002803DA404245F00105A061E80701D037
:1006400025F01005B6B1A6F14100192802D82036D0
:1006500045F400654A463146204625604D46FFF781
:100660007FFD58B1012806D0ED1D25F0070000F1EF
:10067000080989E704E005F1040985E730468AE7BF
:10068000206ABDE8F08700000FB400B58DB010A956
:10069000099000910B904FF0FF300A9000200C90D1
:1006A000064878440690064878446A4607900F99B1
:1006B00009A800F0D3FD0DB05DF814FBD70B0000C6
:1006C000EF0B00002DE9FF5F1D464FF0FF3B914609
:1006D0004FF000085F46D5E90146A96901987F1CE3
:1006E0008847296A824688470028F6D1BAF1FF3F39
:1006F0000CD0002E24F4C06419DD600614D5BAF1C4
:100700002B0F09D0BAF12D0F0ED103E0584604B0DB
:10071000BDE8F09F44F48064A96901987F1C884774
:10072000761E8246002E02DDBAF1300F03D0B9F1F9
:10073000000F26D032E0A969761E01987F1C44F490
:1007400000748847002E824605DDBAF1780F06D086
:10075000BAF1580F03D0B9F1000F10D01EE0B9F173
:10076000000F02D0B9F1100F18D1A969761E0198B7
:100770007F1C24F4007488478246102002E0082081
:1007800000E00A20814609E0A96908FB0908761EF5
:1007900001987F1C44F4007488478246002E05DDD2
:1007A0004946504600F045FD0028EDDAE969019818
:1007B0008847A00502D46FF00100A8E7E00725D123
:1007C000600613D5600502D5C8F1000000E0404680
:1007D00029680A1D2A600968220501D5087015E0FC
:1007E000220701D5088011E008600FE02868011D8C
:1007F00029600068210502D580F8008006E0210705
:1008000002D5A0F8008001E0C0F8008038467EE7FD
:100810002DE9FF5F4FF0000899461446464691695E
:10082000D2E901A7DDF838B001988847054659EAB2
:100830000B0005D009E0A1690198761C88470546A0
:10084000216A284688470028F5D1681C03D05FEA52
:10085000CA7005D015E04FF0FF3004B0BDE8F09F3E
:100860002068011D2160D0F800800AE05FEACA70AC
:1008700001D108F8015BA169761C01987F1E8847A9
:100880000546002F1ADD681C18D0B9F1000F0DD0F5
:10089000E81705EBD060421120F01F0059F8221034
:1008A0002A1A012090400142E0D107E0BBF1000F7D
:1008B000DCD12846216A88470028D7D0E169019811
:1008C0008847BBF1000F07D1002E05DD5FEACA7033
:1008D00002D1002188F80010A068B84203DDBBF106
:1008E000000F03D017B16FF00100B6E73046B4E750
:1008F00070B5064600F076F90468054630460A22CF
:10090000002100F02DFD2C6070BD0000014A00F0B8
:100910005FBD000004010020401ECAB210F8011F94
:100920008A4202D00029F9D10020704730B505462F
:100930000B462A4613F8014B12F8010B08B1A042EE
:10094000F8D01CB1002802D06D1CF1E7284630BD5C
:1009500040EA0103024630B59B0710D14FF0013445
:1009600000E008C208C91D1B9D4315EAC41FF8D04A
:1009700013F0FF0102F8011B0DD01B0AF8E711F874
:10098000013B002B02F8013B05D011F8013B002B85
:1009900002F8013BF3D130BD10B5431C02E010F862
:1009A000011B71B18107FAD14FF0013202C88C1AD4
:1009B0008C4314EAC211F9D0C01A0A0603D0C01E33
:1009C00010BDC01A10BD0A0401D0801E10BD09025E
:1009D000FCD0401E10BD421E12F8013F002BFBD17F
:1009E00011F8013B002B02F8013BF9D17047032AB3
:1009F00040F2308010F0030C00F0158011F8013B3C
:100A0000BCF1020F624498BF11F801CB00F8013B22
:100A100038BF11F8013BA2F1040298BF00F801CBE6
:100A200038BF00F8013B11F0030300F02580083ABD
:100A3000C0F0088051F8043B083A51F804CBA0E814
:100A40000810F5E7121D5CBF51F8043B40F8043B69
:100A5000AFF30080D20724BF11F8013B11F801CB9E
:100A600048BF11F8012B24BF00F8013B00F801CB6F
:100A700048BF00F8012B704710B5203AC0F00B803A
:100A8000B1E81850203AA0E81850B1E81850A0E892
:100A90001850BFF4F5AF5FEA027C24BFB1E81850EC
:100AA000A0E8185044BF18C918C0BDE810405FEA5C
:100AB000827C24BF51F8043B40F8043B08BF7047D8
:100AC000D20728BF31F8023B48BF11F8012B28BFDD
:100AD00020F8023B48BF00F8012B70474FF000029E
:100AE0000429C0F0128010F0030C00F01B80CCF140
:100AF000040CBCF1020F18BF00F8012BA8BF20F8AE
:100B0000022BA1EB0C0100F00DB85FEAC17C24BF01
:100B100000F8012B00F8012B48BF00F8012B7047AB
:100B20004FF0000200B5134694469646203922BF86
:100B3000A0E80C50A0E80C50B1F12001BFF4F7AFD1
:100B4000090728BFA0E80C5048BF0CC05DF804EBB3
:100B5000890028BF40F8042B08BF704748BF20F821
:100B6000022B11F0804F18BF00F8012B704710B511
:100B7000044610F0030F08BF11F0030F40F015807A
:100B80004FF0013E121FC0F20E8051F8043BA3EB60
:100B90000E0C2CEA030C1CEACE1C08BF40F8043BE8
:100BA000F0D0A1F1040102F10402521E08DB11F899
:100BB000013B002B00F8013BF7D11146FFF78EFFF8
:100BC000204610BD704770477047000010B500F018
:100BD00025FC001D10BD00BF7D830000004870474C
:100BE000002B002000487047F82A0020704770470B
:100BF0007047704738B504460A4600206946AFF38F
:100C00000080002808BF38BD02460099204600F049
:100C100009FC012038BD012000F028BFF8B5AFF372
:100C20000080054600200C46102000BF0646A8198B
:100C3000A0420DD9324669460020AFF3008007007C
:100C400008BF00F013FF0098A04218BF0546C41962
:100C5000FFF7C4FF05600746F01D20F007004619A6
:100C6000284600F00AF8B44208BFF8BDA21B31467E
:100C70003868BDE8F84000F0D5BB00210160C0E94C
:100C8000011070471020704770B50446051FFFF72C
:100C9000A5FF0068002C14BF446870BD002C18BF6D
:100CA000AC423CBF20466468F8D301680A18AA42E7
:100CB00018BF456003D12A680546114401602868C1
:100CC0004119A1421CBF6C6070BD616869602168F8
:100CD0000844286070BD10B5FFF784FF006810BDA0
:100CE00010B50446FFF77EFF046010BD2DE9F04704
:100CF0000D4699469246044600F12408016888068C
:100D000004D5E06921F01001216000E00120A84233
:100D100001DD471B00E00027A1697A1902EB0900F9
:100D2000081AA0612078C00602D42046AFF30080E4
:100D3000002608E0D4E901211AF806009047206A4D
:100D4000401C761C20624E45F4DB2078C0060AD594
:100D50002046AFF3008006E0D4E90121302090471F
:100D6000206A401C2062381EA7F10107F4DC07E06E
:100D7000D4E9012118F805009047206A401C206240
:100D8000281EA5F10105F3DC2046AFF30080207892
:100D9000000602D50220BDE8F0870120FBE770477E
:100DA0002DE9FF4F0C461E464FF0FF378BB0D2E9BE
:100DB0000001DDF860800A908A46C1F30A5505B942
:100DC0003D46002108464FF00000BAF1000F00F444
:100DD000400005DA00EB80004FF4400101EA5000CA
:100DE0004FEA9059B9F1010F00DDB9460A9850EA6F
:100DF0004A000ED044F61050A5F2FF3545432F149B
:100E0000B8F1000F1ED07542291E1EDDC9F1000287
:100E10001CE0B8F1010F4FF0000001D0302103E0D9
:100E2000F24305E02154401CB042FBDB3046002277
:100E3000002121540B99C1F80880C1E900200FB0AE
:100E4000BDE8F08FBD1B6D1CDEE74A4600DA694243
:100E500006A800F099FD06AB93E8070003AB83E812
:100E6000070050460A9901F0A2FB8DE80700A0F5A3
:100E700000501F3800900398002D0ADD42F21F0138
:100E80004A460844002303A90390684601F04EFE39
:100E900009E0A0F500504A461F38002303A903903B
:100EA000684601F06DFE8DE807000004000C03D0D9
:100EB0004FF0FF30410800E01046B8F1000F03D0BA
:100EC0000022009215461EE0751E05D400F0C4FAFB
:100ED000303262556D1EF9D5B3460122084302D067
:100EE00000227F1C04E02078302801D100227F1EE0
:100EF000002A099784D01DE0112D07DA00F0ACFA22
:100F0000303262556D1C50EA0102F5D1084302D01F
:100F10000098C8B10EE00021681E05E0235C625C09
:100F200063542254401E491C8142F7DBAB46A81B88
:100F3000401E0990002004F80B000B98099AC0F895
:100F40000880C0E9002B7AE711264FF0000857E728
:100F50002DE9F04F88460446D21D22F0070191B0DA
:100F6000D1E90001CDE90A0106F02BFB02460B98FE
:100F7000C00F01D02D2007E02068810701D52B206C
:100F800002E0202101EAC000032A099001D0072ACB
:100F900005DB03464146204600F0ACFA0BE1207821
:100FA000800601D5E06900E00620B8F1650F8146B2
:100FB00006D0B8F1660F18D0B8F1670F70D131E0E4
:100FC0000020B9F1110F009001DB112301E009F1BC
:100FD00001030AAA01A90CA8FFF7E2FEDDE90C70E3
:100FE000002609F10105834647E001204B460090A9
:100FF0004FF000470AAA01A90CA8FFF7D1FEDDE9CE
:101000000DB00C995D46002610B909F101000D18CC
:10101000B9EB050003D4C0F1FF3609F10105A5EBDA
:1010200009002BE0B9F1010F01DA4FF001090020AE
:10103000B9F1110F0090484601DD112300E003468D
:101040000AAA01A90CA8FFF7ABFEDDE90C704D461A
:1010500000268346207800070AD4AB4500DA5D46B7
:1010600001A8012D04DD411911F8011C302907D018
:101070004F4502DA17F1040F04DA012082460FE02F
:101080006D1EEEE7002F02DCED1B3E4403E0781CF2
:10109000A84200DD7D1CB81B00F1010A4FF000479B
:1010A0002078000703D4AA4501DB4FF0FF3A002166
:1010B000B7F1004F0DF143088DF8431024D0022002
:1010C0002B23002F01DA7F422D230A21021EA0F1DB
:1010D000010000DC5FB197FBF1FC97FBF1F201FB33
:1010E0001C7C17460CF1300C08F801CDEEE7A8F196
:1010F000010003702188090501D5452100E0652123
:10110000A0F1010800F8011C09980FA9A1EB08073C
:10111000FF1D00B10120411901EBEA70A1693844BB
:10112000081A401EA0612078C00602D42046AFF302
:101130000080099828B1D4E901219047206A401C19
:1011400020622078C00622D52046AFF300801EE042
:10115000002E04DBB34502DD01A8805D00E03020F5
:10116000D4E901219047206A401C2062761CAAF134
:1011700001005FEA000A0AD100F050F9C068016876
:10118000405CD4E901219047206A401C2062281E5F
:10119000A5F10105DCDC07E0D4E9012118F8010B19
:1011A0009047206A401C2062381EA7F10107F3DC3B
:1011B0002046AFF30080032011B041E601694A1CCC
:1011C00002610878704700B58FB0CDE90131002188
:1011D000059105497944CDE9031011466846FFF7AA
:1011E000CBF90FB000BD0000E5FFFFFF0A6802F871
:1011F000010B0A607047D1E900239A4202D2531CC6
:101200000B601070704710B5436913B1AFF30080E5
:1012100001E0FFF71FF9012010BD127800F1240151
:101220000A7000224A700122EDE711684FF0FF3288
:10123000E9E73A2800D2303820F02002412A01D3D1
:10124000A2F13700884201D34FF0FF307047000011
:10125000026811441378016018467047D16005494F
:1012600079445161044979441162002111611146A8
:1012700000F080B9EDFFFFFF79020000426842B143
:10128000016811F8013B23B1521EC0E90012184653
:1012900070470121C160881E704742685AB1C36817
:1012A000016843B983688B4205D0491E521CC0E9CE
:1012B0000012002070474FF0FF3070470FB400233A
:1012C00000B589B00CA900910B99CB60214B7B44F0
:1012D0000693214B7B44079304236FF00042CDE932
:1012E00001321E4A7A446B4608920246002008F0FA
:1012F00058FE09B05DF814FB70B506464FF0FF309C
:1013000015460C46324686B00091CDE9010169468A
:101310000020049004A8FFF7D1FF0246049821188A
:1013200025B108B1084600E020462860049800284E
:101330000DD0002A02DD0098884208D03246081BF2
:1013400069460094CDE9010404A8FFF7B7FF06B091
:1013500070BD0000ABFFFFFFC3FFFFFFFB010000FC
:101360002DE9F04791460F4680460446002614F8C2
:10137000015B2DB1FFF72AFC0068405DC007F6D184
:101380002B2D02D02D2D18D0641E4A4639462046FA
:1013900000F0AAFA27B13968A14201D1C7F800804C
:1013A0004FF0020471050BD54042002803DDFFF722
:1013B00019FC0460A007BDE8F08746F48066E4E706
:1013C0000028F8DAFFF70EFC04606FF00040F2E747
:1013D0002DE9F04115460E46040002D12C6804B9EF
:1013E0000BA4204600F059FB0444207870B1274636
:1013F0003146384600F041FB0444207810B100200B
:1014000004F8010B38462C60BDE8F0810027F9E7AD
:101410000000000000487047F82A0020004870478C
:10142000182B0020034640688C46002818BF8842CD
:101430003CBF03464068F8D318681844884207D078
:101440000CF1030020F00700001D411A521A01465A
:10145000081D0A60FFF718BC30B5B0F10A024FEA68
:10146000900E71F100034EEA817EB0EB0E0061EB4D
:1014700091014FEA101E4EEA017E10EB0E0041EB87
:1014800011114FEA102E4EEA016E10EB0E0041EBE7
:1014900011214FEA104E4EEA014E10EB0E0041EBC7
:1014A0001141401841F100014FEAD00040EA41707B
:1014B0004FEAD10110EB80054FEA810444EA9074B1
:1014C00044EB01046D1944EB0404521BA3414FF09B
:1014D000000348BF0A3200D530BD401C41F1000175
:1014E00030BD10B50446FFF771FB0068005D00F0E9
:1014F000010010BD2DE9F0411F4604460326016896
:10150000072A01F4006004DB08B116A505E016A562
:1015100003E008B115A500E015A521F0100020603A
:10152000A069C01EA0610FB1401EA0612046AFF3AC
:1015300000804FB1D4E9012138469047206A401C11
:101540002062C01C206206E0206AFAE7D4E901218B
:1015500015F8010B9047761EF8D22046AFF30080B5
:10156000BDE8F0814E414E006E616E00494E46006E
:10157000696E66002DE9F34F4FF0000A0C4656469F
:101580008DB001200C9001F10C000B9062690B985A
:1015900001219047051E2DD0252D2CD0216A88478A
:1015A000C0B162690B9801219047216A88470028E1
:1015B000F7D16269411E0B98904700E0761CA16943
:1015C0000D988847216A88470028F7D1E1690D986E
:1015D0008847DBE7A1690D988847A842074601D1F3
:1015E000761CD3E7E1690D9888477F1C02D1BAF1D8
:1015F000000F6FD06BE162690B9800273D463946BA
:1016000090472A2804D162690B980121904701254F
:10161000DFF8D08262690B9801219047A0F1300178
:101620000A290AD24745E5DC07EB870100EB4107B1
:10163000303FDFD445F01005ECE7E90601D46FF048
:1016400000476C280AD04C2814D0682815D06A2886
:101650000DD074281CD07A281AD01DE062690B982E
:10166000012190476C2802D045F0040514E045F0B4
:1016700002050DE045F020050AE062690B980121A2
:101680009047682802D045F0080505E045F400655C
:1016900062690B9801219047C4E9015765283DD044
:1016A00019DC58287AD00CDC452837D004DC2528F2
:1016B00026D041289ED131E046282FD0472899D105
:1016C0002CE05B2877D0612828D063287CD0642860
:1016D00023D15AE0F6E06F2848D008DC66281DD0F8
:1016E00067281BD0692821D06E2816D127E07028E2
:1016F00045D0732868D0752847D078280DD14DE0A3
:10170000A1690D988847252805463FF469AFE1692E
:101710000D9888476D1C3FF46AAFD8E00D992346B9
:101720006A466FF0010008F03CFCC5E045F040005F
:1017300023464FF000026060A80736D43EE0E80779
:101740007FF447AF2068011D21600068290501D59D
:1017500006701BE7290701D5068017E7A90703D5FF
:10176000F117C0E9006111E706600FE745F040009E
:1017700023464FF008026060A80716D41EE040F62A
:101780000E0125EA0100606016E045F040002346A6
:101790004FF00A026060A80707D40FE045F0400050
:1017A0006060A80708D5234610220D996FF001004C
:1017B000AFF3008080E007E0102223460D996FF020
:1017C0000100FEF77FFF77E04FF0000963284F46E6
:1017D000C8464B46CB4602D05B2806D038E0E80628
:1017E00001D40120A060012732E06269D4F80CB076
:1017F0000B98012190475E2807D14FF00109494617
:101800006269D4F80CB00B989047216939B900216E
:101810000A4603AB43F82120491C0829FADBD8B358
:10182000216949B308F1010862690B9801219047C9
:101830005D28F4D1B9F1000F09D0002003A951F8B7
:101840002020D24341F82020401C0828F7DB03ABBE
:101850002069002820794FEA40701ED05B4622465E
:10186000CDF80080CDE901970D9900286FF00100B7
:1018700020DAAFF300801FE0C11703AA00EBD161AB
:101880004B1121F01F0102EB8302411A1368012062
:10189000884003431360C7E719E00D9922460028EA
:1018A0006FF00100009702DAAFF3008004E0FEF76A
:1018B000AFFF01E0AFF3008000280ADA401C06D138
:1018C0000C9820B14FF0FF300FB0BDE8F08F5046BC
:1018D000FAE7E90701D10AF1010A064400200C9059
:1018E00054E60000CCCCCC0C2DE9F05F82461546C6
:1018F0008B4600270AF10104B9460078302801D050
:101900009DB113E014F8010B0127782803D0582863
:1019100001D045B10AE00DB1102D07D1002714F810
:10192000010B102502E0082500E00A250026B0463C
:101930000EE005FB080005FB06F101271FFA80F801
:1019400001EB1046B6F5803F00D3B94614F8010B01
:101950002946FFF76EFC0028EBDABBF1000F05D03B
:101960000FB1641E00E05446CBF80040B9F1000FFF
:1019700006D0FFF737F902210160C81EBDE8F09FCD
:1019800048EA0640FAE700002DE9F047814616468E
:101990008AB0354878440DC88DE80D003248784447
:1019A000801C03AC0DC884E80D0041F69B30084450
:1019B000372190FBF1F290FBF1F5A5F1800501FBD9
:1019C00012041B3C02D56442012000E00020DFF835
:1019D00098A080460027FA44AAF1BE0A0EE0E0076C
:1019E0000AD03246684607EB470101230AEB810122
:1019F00001F0C6F88DE8070064107F1C002CEED1C2
:101A0000194F7F44AE3F19E0E80715D007EB0410EB
:101A10000DF1180A90E80E008AE80E00C068F04246
:101A200001D1981908903246012306A903A801F0B4
:101A3000A7F803AB83E807006D10641C002DE3D109
:101A40004FF0010332466946B8F1000F03A802D0F7
:101A500001F06CF801E001F093F8C9E90001C9F860
:101A600008200AB0BDE8F0879087000010B500F0AC
:101A7000D3FABDE8104000F0CABA30B503461D786D
:101A80001DB10A4603E0AC4201D1181A30BD12F86C
:101A9000014B002CF7D15B1CF1E730B503461D78F4
:101AA0003DB10A4612F8014B1CB1AC42FAD15B1CA5
:101AB000F5E7181A30BD70477546FFF7ABFCAE4628
:101AC00005006946534620F00700854618B020B54A
:101AD000FEF7DAFBBDE820404FF000064FF00007AC
:101AE0004FF000084FF0000B21F00701AC46ACE8C6
:101AF000C009ACE8C009ACE8C009ACE8C0098D4633
:101B0000704700002DE9FF4F06468BB00878FF288C
:101B100006D0491C2D2805D000244FF0000908E00C
:101B200000200CE00124F8E709EB8903491C00EBD5
:101B300043090878FF28F7D114B1C9F100008146A4
:101B4000107800252C46AA4629462D2801D02B289E
:101B500004D1521C2D2813D0002082468B461078C9
:101B6000FF280FD04FF0000C0A21521CA5FB017872
:101B700004FB018105FB0C11C5194BEB0104EEE7D9
:101B80000120EAE7002108464FF00000BAF1000FFB
:101B900002D000EB80004008C0F38157012F01DD27
:101BA0004FF0FF370E9955EA040009EB01080BD0FE
:101BB0004FF0020918F5FA7F16DA4FEACA70002FC3
:101BC000706008DD012007E04FEACA70C6E900B086
:101BD0000FB0BDE8F08F00203060FFF703F8C0F8C9
:101BE00000901821084616E0B8F5FA7F18DD002F9E
:101BF00002DAF748784401E0F6487844D0E900106A
:101C0000C6E9001040EACA707060FEF7EBFFC0F84A
:101C10000090142108460FB0BDE8F04F08F05CB901
:101C2000002108464FF00000B8F10001099002DAE7
:101C3000C7F1000200E03A4601DAC8F1000106A847
:101C4000FFF7A2FE06AB93E8070003AB83E80700AB
:101C500044F23E005BEA04010090584604D144F28D
:101C60001E012C465D460091210C0904014306D15A
:101C70000099240444EA15442D041039009104F01D
:101C80007F41014306D10099240244EA15642D02E4
:101C90000839009104F07041014306D100992401F4
:101CA00044EA15742D01091F009104F040410143DD
:101CB00006D10099A40044EA9574AD00891E0091F4
:101CC00004F00041084304D100986D196441401E9E
:101CD00000904FF001033A466846B8F1000FCDE995
:101CE000014503A902DD00F060FF01E000F033FFD1
:101CF000BAF1000F04460D4601D084F000440021E3
:101D000008464FF00000099940F2FF77484010F074
:101D10000C0F07D124F00040284303D0C4F30A502D
:101D2000B84212D1FEF75EFFC0F80090C4F30A502B
:101D3000B8420AD1A8487844D0E90010C6E900109A
:101D400004F000410843706042E7C6E900543FE7F1
:101D50002DE9FF4F1F464FF0000A4FF0FF38454670
:101D600091B0D7E90146CDF83CA0FFF757FBC0681A
:101D70000168405C1090B96912986D1C8847396AF7
:101D8000814688470028F6D1B9F1FF3F0AD0002EDE
:101D900024F4D06411DDB9F12B0F08D0B9F12D0F67
:101DA0000BD102E0404615B013E744F48064B969F2
:101DB00012986D1C8847761E8146600504A901D5DE
:101DC0002D2000E02B20002E01F1010B0DF1300839
:101DD0008DF810003FDDB9F1690F08D0B9F1490F56
:101DE00005D0B9F16E0F02D0B9F14E0F1CD13B46B0
:101DF00001A8009580E85002DDE912126FF00200A0
:101E000008F0D3F8C11CCED10EE0B96912986D1C50
:101E1000884781461398761E44F4007405600F9835
:101E2000401C002E0F9016DDB9F1300FEDD0B9F146
:101E3000780F02D0B9F1580F0DD10F9801280AD1AF
:101E40003B46CDE90054DDE91212001F029608F06E
:101E5000AAF8C11CA7D1109989453ED144F080044D
:101E600006E01399681CAAF1010A44F400740860A2
:101E7000B9696D1C1298761E884730288146F0D0CB
:101E80002BE01099894505D1200603D4761E44F035
:101E9000800418E0484605F03EFC08B3761E0DF1BC
:101EA00023018B4544F4007408D2A9F130000BF8EB
:101EB000010B200607D5AAF1010003E0200602D499
:101EC0000AF101008246A00502D51399681C08603A
:101ED000B96912986D1C88478146002ED1DC53E009
:101EE000002E51DDB9F1650F02D0B9F1450F4BD18C
:101EF000A00549D5B9696D1C1298761E24F440746A
:101F00008847002E81460CDD2B2804D0B9F12D0F17
:101F100007D144F48074B96912986D1C8847761E05
:101F20008146E00501D52D2100E02B2108F8011B99
:101F3000CDF8008021E0761E0DF13901884544F48A
:101F400000740CD2A9F1300010F0FF0088F80000F6
:101F500002D10099884509D908F1010806E0E00599
:101F600001D51E4801E042F20F708246B96912980D
:101F70006D1C8847814613980560002E04DD484695
:101F800005F0C9FB0028D6D1F96912988847FF20CF
:101F900053468BF8000088F8000000200A900B9050
:101FA00004AA0CA90AA8FFF7ADFDA00502D46FF0A2
:101FB0000100F8E614F0240F12D0E0071CD13868B5
:101FC000DDE90A12031D3B600068C0E9001213E05E
:101FD000D4870000C68700008A860000F1D8FFFF82
:101FE0000AA9684605F026FBE00705D13868009A83
:101FF000011D3960006802602846D4E610B5044629
:10200000AFF300802046BDE81040FEF7DCB80028A2
:1020100001D000F069B8704710B5012805D0002143
:1020200003A000F067F8012010BD09A1F8E7000047
:1020300053494752544D454D3A204F7574206F66B1
:102040002068656170206D656D6F72790000000019
:102050003A2048656170206D656D6F727920636FFD
:1020600072727570746564004FF0013C50F8042B77
:1020700051F8043B9A4221D1A2EB0C03934313EA9B
:10208000CC1317D150F8042B51F8043B9A4215D1C8
:10209000A2EB0C03934313EACC130BD150F8042B9F
:1020A00051F8043B9A4209D1A2EB0C03934313EA83
:1020B000CC13DBD04FF00000704700BFD01A01BA3C
:1020C000B1FA81F101F0180122FA01F0CB40C1F11F
:1020D0002001DBB2C0B2C01A2CFA01F3D11A91432D
:1020E00011EAC311E6D1704701491820ABBEFEE7E3
:1020F0002600020070B505460C460A2000E06D1C63
:1021000000F011F835B128780028F8D102E0641CFD
:1021100000F009F814B120780028F8D1BDE870402B
:102120000A20AFF3008008B569468DF8000003204F
:10213000ABBE08BD2DE9FF4F1F464FF03C0987B0ED
:102140004FF00042DDE9141001F10108DDF858A05C
:1021500002EA40500390002005908346054604465D
:102160000490B969461E08988847AAF1010A0290AE
:10217000BAF1000F3BDD02982E2815D01021FFF791
:1021800058F800282EDB4FF0010B0599014317D0BA
:10219000B9F1000F0BDB4A46C11700F0F5F9054312
:1021A0000C43A9F1040905E0012004900BE008B1FB
:1021B00045F0010501200590049820B9361D02E084
:1021C000049800B1361FB969089808F101088847DA
:1021D000BBF1000FAAF1010A0290C9D00999C1F818
:1021E0000080C5E70298702808D0502806D0F96909
:1021F00008988847BBF1000F14D04FE000200290F0
:102200000120BBF1000F049009D0B969089808F1CA
:1022100001088847AAF10109B9F1000F07DCF96943
:10222000089888476FF001000BB0BDE8F08F2B28AD
:1022300004D02D280CD14FF0FF300490B9690898D4
:1022400008F101088847A9F10109B9F1000FE6DD9D
:10225000411CE4D00A21FEF7ECFF0028DFDB0299E5
:1022600008F1010801EB810100EB41000290B9691E
:10227000089888470A21FEF7DCFF099AA9F10109AD
:10228000B9F1000FC2F8008001DD0028E7DAF96932
:10229000089888470499029800FB016655EA0400F3
:1022A00004D004F04041090002D006E0039898E011
:1022B000A40044EA9574AD00B61E04F00041080085
:1022C00002D16D196441761E159810F0240F03D0C9
:1022D0004FF00B095C4803E04FF028096FF07D00D8
:1022E0008246564507DAAAEB06018944B9F1410F47
:1022F00001DD4FF0410901200021A9F1010200F0A8
:1023000043F9024628400B462140084301D00121F1
:1023100000E00021501E029143F1FF31284021408E
:10232000084301D0012000E000200299834651EAD1
:102330000B014FD0002108464FF00000039900F434
:10234000400039B100EB80004FF4400100EBD07049
:1023500001EA60008015012802DD4FF0FF3000E047
:1023600013D0401C36D0029860B3BBF1000F0CD1E3
:102370004A460120002100F007F928402140084387
:1023800001D0012000E00020E0B101204A460021F8
:1023900000F0FAF8034640190A4661412D1A8C41B3
:1023A00011D3B9F1400F09DD159810F0240F02D0B8
:1023B000AAF1340603E0AAF1170600E0761C002516
:1023C0004FF0004406E05B1E42F1FF3220EA0305B5
:1023D00021EA0204CAF10100B04206DA1B4903985F
:1023E00008430190002000900EE0039AC4F3D3212B
:1023F000E80A0A43164940EA44500A433146CDE907
:102400000002684605F07CF9159810F0240F0BD0F7
:102410001598C00715D13868DDE90012031D3B602F
:102420000068C0E900120CE002A8694605F002F954
:102430001598C00705D13868029A011D39600068F7
:1024400002604046F0E6000002FCFFFF0000F07F63
:102450000000F03F2DE9FF4F92461D4685B04FF03A
:102460000041DDE9124BDDE914727F1E01EA4B5099
:10247000414940F0FF4940EA0108002122F02000D4
:102480004928049102D04E2828D04CE03BA00126D8
:1024900007C88DE80700A9690698641C88477F1E55
:1024A000014606D41DF8060018B121F02001814232
:1024B0000BD0E96906988847032E34D0082E32D015
:1024C0006FF0010009B0BDE8F08F761C032E01D03B
:1024D000082EE0D1601CCAF80000DCE7A969069864
:1024E000641C88477F1E2AD420F02000412826D172
:1024F000A9690698641C88477F1E20D420F020001C
:102500004E281CD1A9690698641C88477F1E48F490
:10251000002849F48009CAF8004001D4282806D0D0
:10252000E969069888475FEACB7012D022E0A96972
:102530000698641C88477F1E01D4002803DAE969E5
:1025400006988847BCE72928F1D1641CCAF80040E6
:10255000E9E71BF0240F07D028680499031D2B60BE
:102560000068C0E9001805E02868021D2A600068BC
:10257000C0F800902046A5E70000F07F494E46498C
:102580004E49545900000000B2F120030AD5C2F1AF
:10259000200301FA02F120FA03F300FA02F041EA03
:1025A0000301704700FA03F14FF0000070475FEA43
:1025B000400C08BF91F0000F4FEA8C234FEAC12274
:1025C00043EA51514FEA1C5018BF00F5F0404FEA62
:1025D000300018BF41F000415FEA6C5C00F02980D8
:1025E000BCF1FF3F08BF40F080407047130C06BFAE
:1025F00012044FF0100C4FF0000C130E04BF120227
:102600000CF1080C130F04BF12010CF1040C930F12
:1026100004BF92000CF1020CD30F04BF52000CF166
:10262000010C11464FF00002A0F11F00A0EB0C00BE
:10263000704711F0004F08BF704731F000413FF480
:10264000D5AF0B0C06BF09044FF0100C4FF0000C77
:102650000B0E04BF09020CF1080C0B0F04BF09019B
:102660000CF1040C8B0F04BF89000CF1020CCB0F92
:1026700004BF49000CF1010CCCF12003A0EB0C00CD
:1026800022FA03F302FA0CF241EA030100F101001D
:10269000704720F07F4C80EA030023F07F47ACEBCB
:1026A000070303F57C5300F0004003F1FF032DE91D
:1026B00080494FEA154B09B44FEA144325EA0B4E03
:1026C00024EA03480FF2042606EB132749083E7854
:1026D0005FEA320203FB0667C7F5000707FB06F651
:1026E0004FEA54374FEAD64606F1020607FB066C5E
:1026F000CCF1005C4FEA1C472CEA074C07FB06F4C0
:102700000CFB06F504EB15464FEA961634BF002085
:102710004FF000404FEAD13706FB07FC4FEA1C4C54
:102720000CFB0BF7D21B03FB0CF761EB07010CFB57
:102730000EF7B0EB074072EB17420CFB08F734BF03
:10274000A2EB0742B2EB074261EB17414FEA0C44A0
:102750004FEA910706FB07FC4FEA1C4C0CFB0BF7FA
:10276000B0EBC74072EB573203FB0CF734BFA2EB60
:10277000C742B2EBC74261EB57310CFB0EF7B0EB2F
:10278000C70072EB57720CFB08F734BFA2EBC7020D
:10279000B2EBC70261EB5771039F4FEA816141EAD7
:1027A000921104EBCC044FEAD1374FEA826206FB68
:1027B00007FC42EA90124FEA80604FEA1C4C0CFB87
:1027C0000BF7D21B03FB0CF761EB07010CFB0EF7B9
:1027D000B0EB074072EB17420CFB08F734BFA2EBDB
:1027E0000742B2EB074261EB17414FEA8C554FEAC3
:1027F000910704EB9C2406FB07FC4FEA1C4C0CFBE6
:102800000BF7B0EBC74072EB573203FB0CF734BF4A
:10281000A2EBC742B2EBC74261EB57310CFB0EF79C
:10282000B0EBC70072EB57720CFB08F734BFA2EB9A
:10283000C702B2EBC70261EB577115EB4C254FEAAB
:10284000816141EA92114FEA82624FEAD13742EA4E
:10285000901206FB07FC44F100044FEA80604FEA47
:102860001C4C0CFB0BF7D21B03FB0CF761EB0701B5
:102870000CFB0EF7B0EB074072EB17420CFB08F7AE
:1028800034BFA2EB0742B2EB074261EB174115EBF5
:102890001C154FEA813141EA92414FEA823242EA05
:1028A00090424FEA80304FEA0C7644F1000448EA47
:1028B00003434EEA0B484FF0000EB2EB080C71EBED
:1028C000030724BF624639464EEB0E0E4FF0000B55
:1028D0000018524149414BEB0B0BB2EB080C71EB6A
:1028E00003077BF1000B24BF624639464EEB0E0E08
:1028F0004FF0000B0018524149414BEB0B0BB2EB70
:10290000080C71EB03077BF1000B24BF62463946CC
:102910004EEB0E0E51EA020718BF46F0010616EB09
:102920000E7655F1000254F1000103D5BDE889018E
:10293000BDE80088BDE88901BDE80048B6195241EC
:1029400041EB0101A3F10103704780807F7E7D7C14
:102950007B7A7978777676757473727171706F6E31
:102960006E6D6C6C6B6A6A696868676666656464DC
:10297000636362616160605F5F5E5E5D5D5C5C5B66
:102980005B5A5A59595858575756565555555454D5
:10299000535352525251515050504F4F4F4E4E4D33
:1029A0004D4D4C4C4C4B4B4B4A4A4A49494948487F
:1029B00048474747474646464545454444444443BF
:1029C00043434342424242414141000046EA0646F7
:1029D000A3F570534FEA164646EA42564FEAD22212
:1029E00042EA415210B54FEAD121A3F1010300F0B0
:1029F0002FF820F0004000F1020C00F0004701EB3E
:102A000000501146BCF5006F40EA070000D210BD2F
:102A1000BAF1000F0AD01CB503B44FF004004FF018
:102A200004014FF000000FBCBDE810404FF0000162
:102A3000BBF1010FB9BF04484FF0FF31034800213B
:102A400040EA070010BD00BFFFFFEF7F0000F07FEE
:102A5000002B9C4630D477002BD01CB54FEA3707AB
:102A600003B44FF010004FF01001BAF1000F06D080
:102A7000BCF1000FDCBF40F0080040F008014FF04F
:102A800000000FBCBDE810400BF1010BBBF1010FC2
:102A900008BF5FEA170722BF12F1010211F101011D
:102AA0004FF0004143F1000300F0004043EA000012
:102AB0007047F9D35708D0E746EA064613F1400FAE
:102AC0004FEA16461FDD13F1200FDFBF16430A46FB
:102AD000002120335B42BED0C3F1200746EA064600
:102AE00002FA07F74FEA164646EA0706C3F120073F
:102AF00022FA03F201FA07F721FA03F14FF000037B
:102B000042EA0702A7E746EA020646EA06464FEA15
:102B1000164646EA0106BCBF46EA0646360C4FF0AA
:102B200000034FF000024FF0000194E72DE9804CC4
:102B30009A46934670B491E8380007C831EA400CD1
:102B400048BF34EA430C03D5FFF7A3FDFFF780FF2E
:102B5000F0BCBDE8008C2DE9804C9A46934670B4D9
:102B600091E8380007C831EA400C48BF34EA430C0A
:102B700003D5FFF78EFDFFF729FFF0BCBDE8008C01
:102B80002DE9804C9A46934670B491E8380007C806
:102B900010F0804F08BF13F0804F03D100F01AF8F7
:102BA000FFF756FFF0BCBDE8008C2DE9804C9A463B
:102BB000934670B491E8380007C810F0804F08BF02
:102BC00013F0804F03D100F005F8FFF7FFFEF0BCD3
:102BD000BDE8008C20F07F4780EA030023F07F4CA3
:102BE00007EB0C03A3F57C5300F00040A3F1FE03B8
:102BF00092F0000F00F0B38095F0000F00F07780A6
:102C00002DE901494FEA11404FEA144621EA0048F4
:102C100000FB06FC24EA064708FB06F607FB08F85B
:102C200000FB07F718EB06484CEB164C4FEA124B2B
:102C300018EB07484FEA15464CEB174022EA0B4EBB
:102C40000BFB06FC25EA06470EFB06F607FB0EFE0D
:102C50000BFB07F71EEB064E4CEB164C4FF0000635
:102C60001EEB074E4CEB174B18EB0B0840F1000026
:102C700018EB0E0B58EB000840F100008F1A4FF0D4
:102C800000013CBFC943661B14BFB5EB040C002117
:102C90003CBFC943F61B4FEA17444EEA8E0E27EAA3
:102CA00004454FEA1C4704FB07622CEA074C05FB6E
:102CB00007F70CFB05F604FB0CFC16EB074642EB92
:102CC000174216EB0C4642EB1C421BEB060658EB78
:102CD0000202414146EA9E0601D5BDE80189B619C6
:102CE000524141EB0101A3F10103BDE801894FEA23
:102CF00014454FEA114724EA054621EA074C05FB33
:102D000007F406FB07F70CFB06F105FB0CFC11EBC7
:102D1000074144EB17444FEA124711EB0C4144EBD7
:102D20001C4422EA074C05FB07F206FB07F70CFBE5
:102D300006F605FB0CFC16EB074642EB174216EBBA
:102D40000C4642EB1C456A1854F1000148BF70471D
:102D5000B619524141EB0101A3F10103704795F00F
:102D6000000F37D04FEA11424FEA144721EA0246DA
:102D700024EA074C02FB07F106FB07F70CFB06F4FD
:102D800002FB0CFC14EB074441EB17414FEA1547DB
:102D900014EB0C4441EB1C4125EA074C02FB07F500
:102DA00006FB07F70CFB06F602FB0CFC16EB0746CE
:102DB00045EB174516EB0C4645EB1C42121951F139
:102DC000000148BF7047B619524141EB0101A3F120
:102DD000010370474FEA14454FEA114724EA0546BC
:102DE00021EA074C05FB07F106FB07F70CFB06F28F
:102DF0004FF0000605FB0CFC12EB074241EB1741BC
:102E000012EB0C4251EB1C4148BF7047921841EB4A
:102E10000101A3F101037047014800F0C1B90000AE
:102E20002813002070B5044600688168C943C907AB
:102E300017D1816821F00101816000F067FD05462E
:102E40000AE000BF00F062FD401B022804D92068A0
:102E50008068C043C00706D020688068C043C007B0
:102E6000F0D0002070BDA06A40F01000A062E06ABF
:102E700040F00100E062012070BD0000F8B50026BE
:102E80000446009600688168C943C9072DD081684F
:102E900041F001018160164816490068B0FBF1F06D
:102EA00000E0401E00900028FBD100F02FFD0546F9
:102EB00016E000BF00F02AFD401B022810D9206850
:102EC0008068C043C0070BD0A06A40F01000A06229
:102ED000E06A40F00100E06284F824600120F8BD5F
:102EE00020688068C043C007E4D10020F8BD00001E
:102EF000A400002040420F0010B500F057F806482B
:102F000000F02CFB4FF47A71034800F089FABDE819
:102F10001040014800F041B92813002010B500F01E
:102F200057F8064800F01AFB4FF47A71034800F096
:102F300077FABDE81040014800F02FB928130020AF
:102F400010B500F057F8064800F008FB4FF47A710E
:102F5000034800F065FABDE81040014800F01DB9D3
:102F60002813002010B500F057F8064800F0F6FAD4
:102F70004FF47A71034800F053FABDE8104001485D
:102F800000F00BB92813002010B500F057F80648E0
:102F900000F0E4FA4FF47A71034800F041FABDE81A
:102FA0001040014800F0F9B8281300200EB50020A9
:102FB000009001200190052002906946034800F02E
:102FC0006DF8002801D000F064F80EBD2813002031
:102FD0000EB507200090012001900520029069465F
:102FE000034800F05BF8002801D000F052F80EBD55
:102FF000281300200EB50820009001200190052024
:1030000002906946034800F049F8002801D000F01A
:1030100040F80EBD281300200EB5092000900120B5
:103020000190052002906946034800F037F8002817
:1030300001D000F02EF80EBD281300200EB501209F
:1030400000900190052002906946044800F026F89F
:10305000002801D000F01DF80EBD0000281300204C
:10306000FEE70000084810B5007828B101231A4691
:103070000549064801F08CFEBDE8104001220249D6
:10308000024801F035BE0000650000201414002045
:10309000704700F0F9FC72B6FEE77047F8B50024FF
:1030A000009490F824202546012A12D0012280F8AD
:1030B00024204A681F23072A0DD20668776B521E08
:1030C00002EB820293409F430B6893401F43776358
:1030D00019E00220F8BD06680D2A0AD2376BD21F0C
:1030E00002EB820293409F430B6893401F43376378
:1030F00009E0F76A0D3A02EB820293409F430B68A6
:1031000093401F43F7620A68072306680A2A0AD316
:10311000F7680A3A02EB420293409F438B68934060
:103120001F43F76008E0376902EB420293409F4378
:103130008B6893401F4337610A68102A01D0112A17
:1031400020D1124B02689A4217D193681B0219D4FE
:10315000936843F4000393600968102912D10C4965
:103160000C4A0968B1FBF2F101EB8101490000E072
:10317000491E00910029FBD104E0816A41F0200141
:103180008162012480F824502046F8BD00240140CB
:10319000A400002040420F0070470068C06C7047D8
:1031A00010B5044600684168890626D5016889077C
:1031B00023D5A16AC90603D4A16A41F40071A162B2
:1031C0008168C1F34241072910D1217B71B941685F
:1031D00021F020014160A06A20F48070A062A06A02
:1031E000C00403D4A06A40F00100A0622046FFF7AB
:1031F000D3FF21686FF0120008602068416809065B
:103200002ED5016849072BD5A16AC90603D4A16A46
:1032100041F40051A1628168C1F30231072909D04C
:103220004168490515D48168C1F34241072910D18D
:10323000217B71B9416821F080014160A06A20F4CE
:103240008050A062A06AC00503D4A06A40F00100CB
:10325000A0622046FFF721FF21686FF00C00086094
:103260002068416849060DD50068C0070AD0A06AE9
:1032700040F48030A062204600F094F821686FF09E
:103280000100086010BD00002DE9F0414FF000077B
:1032900004003D467ED0A06A002628B9E66284F884
:1032A0002460204600F080F82046FFF7BBFDA16AAD
:1032B000C90600D420B1A06A40F01000A06269E005
:1032C000A16A21F4885141F00201A1626268E169BA
:1032D000237B0A4347EA43010A43A1684FF48077FE
:1032E000B94209D0012907D05FF0000194F814C059
:1032F000BCF1010F02D00AE03946F7E7F3B1A36A47
:1033000043F02003A362E36A43F00103E36223680E
:10331000D3F804C02CF4694C4CEA010CC3F804C087
:1033200021688B68DFF870C003EA0C0313438B60DD
:10333000A168B9420BD0012909D00CE0DFF85CC0CC
:10334000A3690CEB43330B4343F40061DFE7218AAD
:103350000D05A5F580152168CB6A23F470032B4376
:10336000CB62216889680E4B1940914208D1E66210
:10337000A16A21F0020141F00101A162BDE8F081E2
:10338000A06A20F0020040F01000A062E06A40F065
:103390000100E0620120F1E7FDF7E1FF00E0FFFF3F
:1033A000FE0E1FFF7047000010B586B0002100918F
:1033B00001910291039100681549884226D1154870
:1033C000816941F400718161816901F400710491A6
:1033D000816941F004018161816901F00401049176
:1033E000816941F0080181618069032400F00800CF
:1033F0000490B320CDE900046946074800F090F935
:10340000009469460548019400F08AF906B010BDA1
:10341000002401400010024000080140000C01405F
:103420002DE9F84300270D460446009700F06EFA98
:10343000804620688168C90508D5A06A40F0200050
:10344000A06284F824700120BDE8F8834168C905B2
:1034500003D4C06A10F4700F2AD0022000F026FBBB
:103460003B490968B1FBF0F62068036939490B4212
:103470004FEA61014FEAA1121FD1C3684FEA611CF4
:1034800013EA0C0F19D103690B4225D1C068104211
:1034900022D1142023E0681C0AD02DB100F036FAA6
:1034A000A0EB0800A84203D920680068800725D552
:1034B000206800688007EED52DE003690B4202D139
:1034C000C168114206D0026923490A4206D1C06888
:1034D000084203D1542002E0292000E0FC204643AA
:1034E000009816E0681C11D02DB100F00FFAA0EB87
:1034F0000800A8420AD90098B04207D2A06A40F05A
:103500000400A06284F8247003209DE70098401C0A
:103510000090B042E6D321686FF012000860A06A04
:1035200040F40070A06220688068C0F34240072821
:103530000CD1207B50B9A06A20F48070A062A06AF0
:10354000C00403D4A06A40F00100A06200207BE721
:10355000A4000020244992244992240070B5044616
:1035600090F8240001280DD0012084F82400204682
:10357000FFF784FC02004FF0000005D084F824001F
:10358000104670BD022070BDA16A40F2012399432C
:1035900041F48071A1621F4D23681F49AB4218D1CD
:1035A0000E6816F4702F14D0A66A46F48016A66230
:1035B0000E68760505D5A66A26F4005646F48056B0
:1035C000A662A66AF6040AD5E66A26F00606E66250
:1035D00006E0A66A26F48016A6625E68E9E7E06265
:1035E00084F824006FF00200186020688368C3F339
:1035F0004243072B05D1A84208D1096811F4702F66
:1036000004D0816841F480118160B9E7816841F498
:10361000A001F9E7002801400424014010B590F80A
:1036200021100022022905D00421816380F8202086
:10363000012010BD01680B6823F00E030B600168C8
:103640000B6823F001030B6090F84030C46B01213C
:1036500001FA03F3636080F8211080F820201046FF
:1036600010BD000010B590F821100024022903D0ED
:103670000421816301243DE001680A6822F00E0202
:103680000A6001680A6822F001020A601A4A0168A9
:10369000914201D1012121E0174A1432914201D116
:1036A00010211BE0144A2832914201D1891515E0FE
:1036B000114A3C32914201D189140FE00E4A503236
:1036C000914202D14FF4803108E00B4A64329142BA
:1036D00002D14FF4801101E04FF08071064A083AA0
:1036E0005160012180F82110002180F82010416BE9
:1036F00001B18847204610BD0800024070B504465D
:1037000000F004F90546601C02D004480078044427
:1037100000F0FCF8401BA042FAD370BD98000020D6
:103720002DE9F84FDFF8B891002409F1040A0AF1F5
:10373000040B23460F270BF1040EC9E00125A54019
:103740002A40AA427DD1674ED1F804C0ACEB0608EE
:10375000B44532D014DCBCF1030F3AD009DCBCF123
:10376000000F2AD0BCF1010F1CD0BCF1020F31D1E7
:103770001DE0BCF1110F17D0BCF1120F2AD119E0D6
:10378000B8F5881F19D006DCB8F5803F15D0B8F51C
:10379000801F1FD111E0B8F5001F0ED0B8F5041F2F
:1037A00018D10AE0CB6815E0CB681B1D12E0CB688E
:1037B00008330FE0CB680C330CE08B682BB1012B86
:1037C0004FF0080303D0456104E0042302E00561E3
:1037D00000E00023FF2A01D8064601E000F10406BC
:1037E0004FEA840501D9A5F12005D6F8008007FA33
:1037F00005FC28EA0C0803FA05F548EA0508C6F8AE
:1038000000804D68ED0062D5374DAE6946F0010687
:10381000AE61AD6924F0030605F001050095334D56
:1038200006EB050CDCF80850A607360F07FA06F879
:1038300025EA0805DFF8B880404503D14FF00008BD
:1038400017E044E0DFF8AC80404502D14FF00108BA
:103850000FE0DFF8A480404502D14FF0020808E0F5
:10386000DFF89880404502D14FF0030801E04FF0A7
:10387000040808FA06F848EA0508CCF808804D68FC
:10388000D9F80060ED034D4601D5164300E096439C
:103890002E604D68DAF80060AD03554601D5164339
:1038A00000E096432E604D68DBF80060ED025D4657
:1038B00001D5164300E096432E604D68DEF80060A7
:1038C000AD02754601D5164300E096432E60641C98
:1038D0000D682A46E5407FF431AFBDE8F88F00005F
:1038E00000040140000011100010024000000140DF
:1038F00000080140000C014000100140001401408C
:103900000AB1016170470904FBE7000001488068C3
:103910007047000098000020024881680278114436
:103920008160704798000020074810B5016841F099
:1039300010010160032000F095F8002000F006F867
:1039400000F03EF8002010BD0020024000B5014606
:1039500087B00022192000F065F8192000F054F813
:103960001348816941F400618161806905A900F40F
:1039700000600690684600F009FA00F037FA0D4939
:103980000D4AB0FBF1F10D48491E0260416040F262
:10399000E7320021C0E90321816000F0EAFE10B1A6
:1039A000012007B000BD054800F012FFF9E7000054
:1039B0000010024040420F00002C01409C140020E7
:1039C0000F4808B5816941F001018161816901F009
:1039D00001010091C16941F08051C161C0690022BB
:1039E00000F0805000900F21901E00F01BF8054859
:1039F000416821F0E06141F00071416008BD0000C4
:103A00000010024000000140002809DB00F01F0206
:103A1000012191404009800000F1E020C0F8001130
:103A200070470000F0B40E4B1B680C46C3F3022332
:103A3000C3F10705042D00D90425191D072901D25A
:103A4000002300E0DB1E012606FA05F1491E214095
:103A500099409E40761E16403143F0BC03F0C5BD30
:103A60000CED00E0064900F0070208684FF6FF037E
:103A7000184040EA0220034A1043086070470000E3
:103A80000CED00E00000FA05BFF34F8F0548016818
:103A9000054A01F4E06111430160BFF34F8F00BF9D
:103AA000FDE700000CED00E00400FA0510B529A4C4
:103AB00001461DCC86B08DE81D002AA02A4C006866
:103AC00004900020012923D002293AD010291DD1C9
:103AD00061682268D20119D5C1F38342C9031DF878
:103AE000020009D5616804AAC1F34041515C1F4A34
:103AF000B2FBF1F1484301E01D49484361684902C6
:103B000004D440005FF00301B0FBF1F006B010BD3B
:103B1000226AC2F30121012903D1920701D5C8030A
:103B2000F4E7022905D1626A920702D549F64040BE
:103B3000ECE70329EAD121688903E7D54FF2244055
:103B4000E4E700F053F96168C1F38131491C490091
:103B5000DAE7000002030405060708090A0B0C0D4A
:103B60000E0F1010010200000010024000127A0037
:103B700000093D002DE9F84305460078354CC007A3
:103B800054D0E0690026C00008D4E06940F08050BD
:103B9000E061E069012600F0805000902E48016845
:103BA000C90512D40168804641F480710160FFF7B5
:103BB000ADFE074605E000BFFFF7A8FEC01B642866
:103BC00023D8D8F80000C005F6D5206A10F440705C
:103BD00021D0A98801F4407181421CD0206A1F497C
:103BE000012220F440700A6000220A602062C007AF
:103BF00011D0FFF78BFE074641F2883808E000BF7E
:103C0000FFF784FEC11B414502D90320BDE8F883BC
:103C1000206A8007F4D5206A696820F44070084360
:103C200020621EB1E06920F08050E06128788007B2
:103C300005D56068A96820F4404008436060287892
:103C4000C00605D56068E96820F48000084360601C
:103C50000020DBE7001002400070004040044242B8
:103C60002DE9F0470F46050061D0434E306800F063
:103C70000700B84209D2306820F0070038433060AE
:103C8000306800F00700B84251D128683B4C8107EA
:103C900012D5400703D5606840F4E0606060287882
:103CA000000703D5606840F4605060606068A968F0
:103CB00020F0F000084360602878C00728D06868CA
:103CC000012810D02168022810D0890700292EDA97
:103CD000616821F0030101436160FFF717FE804630
:103CE00041F288390DE021688903EFE78901EDE7AA
:103CF000FFF70CFEA0EB0801494502D90320BDE8FF
:103D0000F0876068696800F00C00B0EB810FEFD1BC
:103D1000306800F00700B8420BD9306820F0070087
:103D200038433060306800F00700B84201D001200D
:103D3000E5E72878400705D56068E96820F4E06089
:103D4000084360602878000706D56068296920F478
:103D5000605040EAC100606000F058F86168084AAD
:103D6000C1F30311515CC840064908600648006869
:103D7000FFF7ECFD0020C2E70020024000100240E7
:103D80006CA00008A40000209C0000200F2202600C
:103D90000C4A536803F003034360536803F0F003D5
:103DA0008360536803F4E063C36052684FF4E063D8
:103DB00003EAD20202610448006800F007000860CC
:103DC00070470000001002400020024004480549EE
:103DD00000684968044AC1F30221515CC840704739
:103DE000A4000020001002407CA0000804480549FF
:103DF00000684968044AC1F3C221515CC840704759
:103E0000A4000020001002407CA0000812A185B090
:103E10000FC98DE80F0014A0144A0068049051687F
:103E2000134801F00C03042B10D0082B0ED1C1F362
:103E30008343C9031DF803000AD5516804AAC1F3DE
:103E40004041515C0A4A5043B0FBF1F005B0704765
:103E500008494843FAE70000020304050607080979
:103E60000A0B0C0D0E0F1010010200000010024092
:103E700000127A0000093D002DE9F84F040070D0CF
:103E80002078C04DC00749D06868C0F38100012880
:103E900007D06868C0F38100022809D16868C003B0
:103EA00006D52868800339D560680028E7D035E05A
:103EB0006068B0F5803F0BD010B1B0F5A02F11D0E5
:103EC000286820F480302860286820F4802002E0F0
:103ED000286840F480302860606890B1FFF716FDD4
:103EE00006460AE0286840F480202860F0E700BF1A
:103EF000FFF70CFD801B642873D828688003F7D572
:103F00000CE0FFF703FD064605E000BFFFF7FEFCEF
:103F1000801B6428F0D828688003F7D420789A4E54
:103F200080074FF001094FF0000839D5686810F09C
:103F30000C0F07D06868C0F38100022809D16868B7
:103F4000C00306D42868800714D52069012808D149
:103F500010E02069B0B1C6F80090FFF7D7FC074623
:103F600005E00AE1FFF7D2FCC01B0228C4D828688C
:103F70008007F7D52868616920F0F80040EAC100A1
:103F800028600DE0C6F80080FFF7C0FC074604E09B
:103F9000FFF7BCFCC01B022823D828688007F7D491
:103FA000207800072CD57948A169D9B1C0F80090D4
:103FB000FFF7ACFC074604E0FFF7A8FCC01B022893
:103FC0000FD8686A8007F7D571484FF4FA51006836
:103FD000B0FBF1F0009000BF0098411E0091FAD2B2
:103FE0000EE080E0C0F80080FFF790FC074604E098
:103FF000FFF78CFCC01B022875D8686A8007F7D4CD
:104000002078400760D5E8690027C00008D4E86937
:1040100040F08050E861E869012700F0805000908E
:104020005C480168C90513D40168834641F4807176
:104030000160FFF76BFC824606E000BFFFF766FCFD
:10404000A0EB0A0064284ED8DBF80000C005F5D5C7
:10405000E06801280AD008B1052813D0286A20F0AA
:1040600001002862286A20F0040002E0286A40F07B
:1040700001002862E06841F2883B98B1FFF746FCF6
:1040800082460BE0286A40F004002862EEE700BF99
:10409000FFF73CFCA0EB0A0159455AD8286A800773
:1040A000F6D50CE0FFF732FC824605E0FFF72EFC68
:1040B000A0EB0A0159454CD8286A8007F6D41FB1F5
:1040C000E86920F08050E861E06988B36968C1F36D
:1040D0008101022944D00228C6F8608004D0FFF78D
:1040E00015FC044638E034E0FFF710FC074604E016
:1040F000FFF70CFCC01B02282BD828688001F7D4DE
:10410000206AB0F5803F05D16868A16820F40030CE
:1041100008436860D4E908010843696821F4741110
:1041200008436860C6F86090FFF7F0FB044606E0BD
:1041300025E000BFFFF7EAFB001B022809D828682A
:104140008001F7D51BE000BFFFF7E0FB001B022852
:1041500002D90320BDE8F88F28688001F4D40EE06E
:104160000128F7D06868226A00F48031914204D1B6
:10417000616A00F47010884201D00120EAE7002053
:10418000E8E7000000100240000042428004424282
:10419000A40000200070004070B5040009D0606ADF
:1041A000002540B125616561A56294F8510040B1D8
:1041B0000CE0012070BD6068B0F5827FF4D0E5614D
:1041C000F2E784F85050204600F040F8022084F8CE
:1041D00051002068016821F040010160A088218918
:1041E00000F4827001F404410843A18901F40061E4
:1041F0000843217C01F002010843217D01F0010107
:104200000843218B01F400710843217F01F038013C
:10421000084394F8201001F080010843218D01F437
:104220000051084321680860A069042101EA104098
:10423000216848602068C16921F40061C161656539
:10424000012084F85100002070BD000030B585B019
:104250000024009401940294039400681749884252
:104260002AD11748816941F480518161816901F443
:1042700080510491816941F0080181618069114D8B
:1042800000F00800049028200090022001900320F4
:10429000039069462846FFF743FA1020CDE9000451
:1042A000694628460294FFF73BFA0748416841F007
:1042B000E06141F00101416005B030BD00300140D6
:1042C00000100240000C0140000001402DE9F84FB1
:1042D000044640680025984616460F464FF0040BEA
:1042E000B0F5827F01D1A06888B194F85000012810
:1042F00018D0012084F85000FFF708FB814694F89D
:1043000051004FF0000A01280ED0022582E084F807
:1043100051B013460A462046CDF8008000F036F929
:10432000BDE8F88F0220FBE7002F72D0002E70D07E
:1043300084F851B0C4F854A0A763A687E687C4F8F0
:1043400030A0A4F834A0A4F836A0C4F840A0C4F863
:1043500044A0A068B0F5004F09D12068016821F0A1
:10436000400101602068016821F4804101602068FB
:104370000168490603D4016841F040010160E0682A
:10438000D8B139E020688168C90709D0007BA16BEA
:104390000870A06B401CA063E08F401EE0870CE01B
:1043A000FFF7B4FAA0EB0901414503D3B8F1FF3F91
:1043B00003D036E0B8F1000F33D0E08F0028E1D110
:1043C0001DE020688168C90709D0C068A16B08801A
:1043D000A06B801CA063E08F401EE0870CE0FFF71D
:1043E00095FAA0EB0901414503D3B8F1FF3F03D093
:1043F00017E0B8F1000F14D0E08F0028E1D14A4651
:104400004146204602F04CF908B120206065606DFD
:1044100000B10125012084F8510084F850A02846FD
:104420007EE70325F6E72DE9F84F044690F85000A3
:1044300000271D461646894601280DD04FF0010B76
:1044400084F850B0FFF762FA804694F85100BA46FB
:10445000012804D0022793E00220BDE8F88FB9F1CB
:10446000000F73D0002E71D0032084F85100C4F8DF
:1044700054A0C4F83090A686E686C4F838A0A4F804
:104480003CA0A4F83EA0C4F844A0C4F840A0A06892
:10449000B0F5004F09D12068016821F040010160AA
:1044A0002068016841F48041016020680168490684
:1044B00003D4016841F040010160E068B0F5006F8D
:1044C000606803D030B3012E24D041E008B1012E42
:1044D0001CD1206B21680088C86006E020688168D4
:1044E000890709D5216B0988C160206B801C206376
:1044F000E08E401EE08609E0FFF708FAA0EB080016
:10450000A84202D3681C01D031E07DB3E08E0028C0
:10451000E4D120E0206B21680078087306E0206871
:104520008168890709D5216B09780173206B401CCC
:104530002063E08E401EE0860AE0FFF7E7F9A0EB7B
:104540000800A84203D3681C02D010E017E06DB148
:10455000E08E0028E3D142462946204602F0CEF8FC
:1045600008B120206065A06818B106E0FFE70327C6
:1045700006E02068C16880680090606D00B1012786
:1045800084F851B084F850A0384666E72DE9F84F1A
:10459000044690F8500000270A9E1D4692468B461E
:1045A0004FF0010901280ED0012084F85000FFF7D8
:1045B000ADF9804694F85100616801280CD0B1F53E
:1045C000827F07D102E00220BDE8F88FA16809B917
:1045D000042801D00227C2E0BBF1000F27D0BAF1B6
:1045E000000F24D01DB394F85100042802D00520F8
:1045F00084F8510000206065C4F838A0E587A587DD
:10460000C4F830B0E586A58620646064206801683F
:10461000490603D4016841F040010160E068B0F54B
:10462000006F606805D0E8B3012D46D07FE0012718
:1046300095E008B1012D39D1206B21680088C86050
:10464000206B801C2063E08E401EE0862EE02068F8
:10465000816889070FD5E18E69B1B9F1010F0AD1DF
:10466000216B0988C160206B801C2063E08E401E96
:10467000E0864FF0000920688168C9070CD0E18FFF
:1046800051B1C068A16B0880A06B801CA063E08F53
:10469000401EE0874FF00109FFF738F9A0EB080052
:1046A000B04200E009E001D3701C50D1E08E002838
:1046B000CDD1E08F0028CAD13FE0206B216800787F
:1046C0000873206B401C2063E08E401EE0862EE0C5
:1046D0002068816889070FD5E18E69B1B9F1010FB2
:1046E0000AD1216B09780173206B401C2063E08E96
:1046F000401EE0864FF0000920688168C9070CD091
:10470000E18F51B1C068A16B0870A06B401CA06321
:10471000E08F401EE0874FF00109FFF7F7F8A0EBAC
:104720000800B04202D3701C01D010E07EB1E08ED0
:104730000028CDD1E08F0028CAD14246314620461C
:1047400001F0DCFF28B101272020606507E0032786
:1047500005E0A06818B92068C16880680090012051
:1047600084F85100002084F8500038462CE7704748
:10477000704710B5040003D094F83D0010B107E075
:10478000012010BD002084F83C00204600F01EF8F7
:10479000022084F83D00211D206802F0AFFD0120B9
:1047A00084F8460084F83E0084F83F0084F8400016
:1047B00084F8410084F8420084F8430084F84400FF
:1047C00084F8450084F83D00002010BD70470000CB
:1047D00090F83D10012901D001207047022180F896
:1047E0003D100168CA6842F00102CA6000680B49C6
:1047F000884208D0B0F1804F05D00949884202D0E4
:104800000849884204D1816801F00701062903D0D4
:10481000016841F00101016000207047002C014057
:104820000004004000080040704770B5044600686E
:1048300001694FF00005C943890715D4C168C94310
:10484000890711D4E91E0161012020772068806961
:104850008007204602D0FFF7E7FF04E000F098F859
:10486000204600F096F8257720680169C94349077A
:1048700017D4C168C943490713D46FF0040101611B
:10488000022020772068806910F4407F204602D003
:10489000FFF7CAFF04E000F07BF8204600F079F84B
:1048A000257720680169C943090716D4C168C9433F
:1048B000090712D46FF008010161042020772068F5
:1048C000C0698007204602D0FFF7AEFF04E000F089
:1048D0005FF8204600F05DF8257720680169C9433C
:1048E000C90617D4C168C943C90613D46FF01001B3
:1048F0000161082020772068C06910F4407F2046BD
:1049000002D0FFF791FF04E000F042F8204600F0EB
:1049100040F8257720680169C943C90708D1C168F3
:10492000C943C90704D1891E0161204600F032F84D
:1049300020680169C943090609D4C168C943090649
:1049400005D46FF0800101612046FFF710FF206859
:104950000169C943490609D4C168C943490605D458
:104960006FF040010161204600F01EF820680169E7
:10497000C94389060BD4C168C943890607D46FF0BF
:10498000200101612046BDE87040FFF7F1BE70BD17
:104990007047704700680349884201D1FEF7BCBFE9
:1049A00070470000002C01407047704770470000BE
:1049B000F8B5026804461068D168536910F00F0F0B
:1049C0004FF0000553D003F0010601F49077374310
:1049D0005FD0C20705D0CA0503D5226C42F00102A0
:1049E0002264420705D5DA0703D0226C42F00202A6
:1049F0002264820705D5DA0703D0226C42F0040254
:104A00002264020707D501F02002324303D0226C52
:104A100042F008022264226C002A34D0800604D5B9
:104A2000880602D5204602F0BFFC20684069216C50
:104A3000C0F38010090700D430B3204602F09CFC7C
:104A40002068416949061BD5416921F04001416157
:104A5000A06BA8B158494163A06BFEF703FE002884
:104A600011D0A06B416B01B0BDE8F0400847830650
:104A70000FD58B060DD52046BDE8F84002F094BC5A
:104A80002046FFF793FFF8BD2046FFF78FFF256410
:104A9000F8BD266B2023012E52D1C60650D5CE0676
:104AA0004ED5106850680090506940062AD5A16B19
:104AB000086840680004000CEAD0A68D8642E7D959
:104AC000E0858869202818D0D06820F48070D060F4
:104AD0002068416921F0010141612068416921F0AC
:104AE0004001416184F83E3025632068C16821F0AF
:104AF0001001C160A06BFEF791FDA08DE18D401A01
:104B000081B219E0A08DE18D401A81B2E08D0028BC
:104B1000BED00029BCD0D06820F49070D06020684E
:104B2000426922F00102426184F83E302563206828
:104B3000C26822F01002C2602046FFF736FFF8BDBF
:104B400005062BD50D0629D594F83D002128F6D170
:104B5000A068B0F5805F01D12069B0B1206A411C26
:104B60002162216800784860E08C401E0004000C3F
:104B7000E084E4D12068C16821F08001C160206830
:104B8000C16841F04001C160F8BD206A0088C0F3EF
:104B900008005060206A801C2062E5E74006F3D5DB
:104BA0004806F1D5D168204621F04001D16084F853
:104BB0003D3000F046F9F8BD6973000870B5040097
:104BC00004D094F83D00002510B106E0012070BD2E
:104BD00084F83C50204600F023F8242084F83D005F
:104BE0002068C16821F40051C160204602F038FC01
:104BF0002068016921F4904101612068416921F038
:104C00002A0141612068C16841F40051C1602564F6
:104C1000202084F83D0084F83E00002070BD000094
:104C200030B585B0002400940194029403942B4D78
:104C300003682B4802210322AB4222D1C36943F40B
:104C40000033C361C36903F400330493836943F001
:104C5000040383618069234D00F004000490042064
:104C6000CDE90001039269462846FEF759FD082068
:104C7000CDE90004694628460294FEF751FD05B0CF
:104C800030BD194DAB42FAD1C36943F48023C361EF
:104C9000C36903F480230493836943F008038361A9
:104CA0008069039200F0080004902815CDE9000106
:104CB0000E4D69462846FEF733FDE814CDE90004A1
:104CC000694628460294FEF72BFD00220521272085
:104CD000FEF7A8FE2720FEF797FED0E7004400402D
:104CE000001002400008014000480040000C014054
:104CF00090F83E30202B0ED159B152B190F83C3093
:104D0000012B08D0012380F83C300023036302F01C
:104D100003BC0120704702207047000070B50546B3
:104D20000068164988421FD1154C207AE0B104F181
:104D30000801002301220E46124800F029F8FEF770
:104D4000E5FDC4F80C04E28804F10900217A11544D
:104D5000E28840F2FF30824201D2521CE2800122FE
:104D600031460948FFF7C4FF08492868884203D143
:104D7000BDE87040FEF776B970BD00000048004005
:104D8000881700201414002058140020004400400C
:104D90002DE9F843044690F83D001F4616460D469F
:104DA00020284CD1C5B1BEB194F83C00012846D0B2
:104DB000012084F83C004FF00008C4F84080212016
:104DC00084F83D00FEF7A2FDA6848146E684A06833
:104DD000B0F5805F03D004E00120BDE8F8832069CE
:104DE00028B12E465FF0000584F83C800EE00026D6
:104DF000FAE78021204602F0AAFBA0B9AEB116F86E
:104E0000010B21684860E08C401EE084E08C4B463A
:104E10004FF0000200970028EBD14FF040012046F0
:104E200002F095FB30B10320D7E735F8020BC0F351
:104E30000800E6E7202084F83D000020CDE70220AE
:104E4000CBE77047FEF720FEFEE700000C4810B5E8
:104E50000A490160891581600121017300220275F0
:104E60004FF46023C36142600161FEF70DFA002830
:104E700003D0BDE81040FEF70CB910BD002401407E
:104E80002813002010B59EB000201C901D90012119
:104E90001CA802F0EDFF174C1C221749206668463B
:104EA000FBF7EAFD0021684603F001F8124920658E
:104EB0001C221C3107A8FBF7DFFD002107A802F028
:104EC000F6FF0D4960651C2238310EA8FBF7D4FDB2
:104ED00000210EA802F0EBFF0749A0651C22543107
:104EE00015A8FBF7C9FD002115A802F0E0FFE06559
:104EF0001EB010BD00000020E09F00082DE9F04F1B
:104F000085B0344800240294816941F01001816128
:104F1000816901F010010491816941F0040181610E
:104F2000816901F004010491816941F00801816106
:104F30008069022500F00800CDE903504FF4604776
:104F40000126CDE9007669462348FEF7E9FB4FF4D8
:104F50009058DFF888B0CDE9008669465846CDE91B
:104F60000245FEF7DDFB4FF4C0708DE83100694665
:104F70005846FEF7D5FB0420CDE90004DFF860A019
:104F8000694650460294FEF7CBFB4BF2C009CDE9CF
:104F9000009669465046CDE90245FEF7C1FB4FF445
:104FA0004060CDE90004694658460294FEF7B8FB1C
:104FB000002239460848FEF7A3FC00224146584625
:104FC000FEF79EFC002249465046FEF799FC05B0CC
:104FD000BDE8F08F001002400010014000080140C1
:104FE000000C0140104810B50E4901604FF4827169
:104FF000416000218160C1604FF400720161C0E92D
:1050000005122822C0E90721416281620A21C1629A
:10501000FFF7C2F8002803D0BDE81040FEF739B80A
:1050200010BD000000300140BC1300200C4810B53A
:105030000A4901604FF4E1314160002181600C2296
:10504000C160C0E904128161C161FFF7B7FD0028AA
:1050500003D0BDE81040FEF71CB810BD004400406E
:10506000141400200C4810B50A4901604FF4E131D6
:105070004160002181600C22C160C0E9041281619D
:10508000C161FFF79BFD002803D0BDE81040FEF78B
:1050900000B810BD0048004058140020FEE7FEE7AD
:1050A00070B54FF4FA6417A2214617A001F032FA46
:1050B0004FF4007529461848FBF732FD174B18A22C
:1050C00029461548FBF7ACF9134801F079FA204658
:1050D000FEF714FB40F6B8340AA2214617A001F0EF
:1050E00019FA08A221461AA001F014FA29460A4822
:1050F000FBF716FD1BA001F063FA2046BDE87040E7
:10510000FEF7FCBA4F4B000041542B485454504911
:105110004E49540D0A000000C4020020C4070020BC
:1051200041542B48545450504152413D2255524C09
:10513000222C222573220D0A0000000041542B4826
:10514000545450414354494F4E3D300D0A00000025
:1051500041542B48545450524541443D302C353035
:10516000300D0A0041542B485454505445524D0DB3
:105170000A00000070B50C46054629A24FF4FA61FA
:1051800028A001F0C7F94FF47A763046FEF7B6FA58
:105190002B464FF4007527A229462D48FBF740F90E
:1051A0002B4801F00DFA3046FEF7A8FA29A229464D
:1051B0002748FBF735F9264801F002FA3046FEF79A
:1051C0009DFA2046FBF7E8FB03462DA2294620481E
:1051D000FBF726F91E4801F0F3F93046FEF78EFA88
:1051E00023462DA229461A48FBF71AF9184801F060
:1051F000E7F93046FEF782FA28A001F0E1F940F61F
:10520000B8342046FEF77AFA29A001F0D9F92046F1
:10521000FEF774FA2946BDE870400D48FBF780BCE4
:105220004F4B000041542B48545450494E49540DA3
:105230000A00000041542B48545450504152413D03
:105240002255524C222C222573220D0A0000000008
:10525000C40D002041542B48545450504152413DFC
:1052600022434F4E54454E54222C226170706C697B
:10527000636174696F6E2F6A736F6E220D0A00008E
:1052800041542B48545450444154413D25642C31E1
:10529000303030300D0A00002573000041542B4897
:1052A000545450414354494F4E3D310D0A000000C3
:1052B00041542B485454505445524D0D0A0000009F
:1052C00070B50C4605464FF400762AA231462D48AB
:1052D000FBF7A6F82B4801F073F94FF4FA60FEF7DC
:1052E0000DFA2B4628A231462648FBF799F82548A7
:1052F00001F066F94FF47A752846FEF7FFF929A206
:1053000031462048FBF78CF81E4801F059F9284631
:10531000FEF7F4F92046FBF73FFB03462CA231468B
:105320001848FBF77DF8174801F04AF92846FEF7C0
:10533000E5F923462CA231461248FBF771F81148D3
:1053400001F03EF92846FEF7D9F928A001F038F916
:1053500040F6B8342046FEF7D1F929A001F030F923
:105360002046FEF7CBF93146BDE870400548FBF713
:10537000D7BB000041542B48545450494E49540D5A
:105380000A000000C402002041542B4854545050DD
:105390004152413D2255524C222C222573220D0AA6
:1053A0000000000041542B48545450504152413D9C
:1053B00022434F4E54454E54222C226170706C692A
:1053C000636174696F6E2F6A736F6E220D0A00003D
:1053D00041542B48545450444154413D25642C3190
:1053E000303030300D0A00002573000041542B4846
:1053F000545450414354494F4E3D310D0A00000072
:1054000041542B485454505445524D0D0A0000004D
:1054100070B5642324222AA13348FFF7B9FC002089
:1054200000F0B2FF4FF47A742046FEF767F92FA020
:1054300001F0C6F82046FEF761F940F6B8352EA215
:1054400029462EA001F066F82BA229462EA001F0D5
:1054500061F829A221462FA001F05CF826A221467E
:1054600030A001F057F824A2610032A001F052F8F8
:1054700033A001F0A5F82046FEF740F91EA2214610
:1054800039A001F047F81CA221463AA001F042F8E9
:105490002046FEF733F918A241F2883139A001F015
:1054A00039F815A242F210713DA001F033F8BDE8C1
:1054B0007040642324223EA10B48FFF769BC000022
:1054C0002D2D3E4247494E2053494D373630305FEF
:1054D000496E69742D2D2D2D2D2D2D2D2D2D2D2D1C
:1054E0002D2D2D0A000000001414002041542B43E0
:1054F00046554E3D310D0A004F4B000041542B43A1
:105500004349440D0A00000041542B435245473F94
:105510000D0A000041542B43474154543D310D0ABC
:105520000000000041542B43474143543D312C318E
:105530000D0A000041542B434E4D503D320D0A00E0
:1055400041542B434744434F4E543D312C22495044
:10555000222C22696F742E74656C656E65742E62E0
:1055600065220D0A0000000041542B434D47463D83
:10557000310D0A0041542B434E4D493D322C310D23
:105580000A00000041542B43504D533D22534D22FD
:105590002C22534D222C22534D220D0A00000000D4
:1055A00041542B434D47443D2C340D0A000000006C
:1055B0002D2D3E454E442053494D373630305F49FE
:1055C0006E69742D2D2D2D2D2D2D2D2D2D2D2D2D47
:1055D0002D2D2D0A0000000010B504A000F0F0FFF2
:1055E000BDE8104049F64040FEF788B841542B43CF
:1055F000504F460D0A0000002DE9F04FF748F849DA
:1056000089B00068884201DCF6A103E0F8498842CD
:1056100003DBF8A1F948FBF79BF9F848F8A1B5308E
:1056200004900390FBF782F998B13A21FBF774F9E3
:10563000F7A1001DFBF76AF904000AD0FBF758F93F
:105640000546204602F0C4F8C82D02D1F1A000F0B2
:10565000B7FFF54AF5A10398FBF716F8F84EF24CA0
:1056600000254FF47A7B4FF00109012819D0F5A1EC
:105670000398FBF75BF900281DD0F4A25946F4A06B
:1056800000F048FF04F11C02F4A1F848FAF7B4FE58
:10569000F64800F095FF1A22F5A1F448FAF7ACFE9F
:1056A00023E1FAA002F094F82278FBA1EF48FAF780
:1056B000A3FEEE4825E1FCA10398FBF737F908B3F8
:1056C000012251033046FEF71BF9012291033046B7
:1056D000FEF716F90122D1033046FEF711F984F8DE
:1056E0000190DAA25946DAA000F014FFCE4ADBA1FD
:1056F0001C32DE48FAF780FEDC4800F061FF1A2217
:10570000EBA127E0F0A10398FBF710F970B300229A
:105710004FF400513046FEF7F3F800224FF4804179
:105720003046FEF7EDF800224FF400413046FEF718
:10573000E7F86570C5A25946C5A000F0EBFEBA4A6D
:10574000C6A11C32C948FAF757FEC84800F038FF16
:105750001A22DFA1C548FAF74FFEC44800F030FF17
:105760004FF4FA71C148FBF7DBF9FEE0DFA10398C3
:10577000FBF7DCF81A27C8B1B4A25946B4A000F070
:10578000C9FEA94AB5A11C32B848FAF735FEB74898
:1057900000F016FFD848994BCDE900077833A3F104
:1057A0006402D6A1B148FAF727FE9EE0E1A1039872
:1057B000FBF7BCF8E8B1A5A25946A5A000F0AAFEE7
:1057C000994AA6A11C32A948FAF716FEA74800F08C
:1057D000F7FEDC48006804F091F98046DA488A4612
:1057E000006804F08BF90B460246D8A1CDF8008082
:1057F00021E0DCA10398FBF799F810B393A2594676
:1058000093A000F087FE884A94A11C329748FAF7CB
:10581000F3FD964800F0D4FED648006804F06EF917
:105820008046D5488A46006804F068F90B4602466F
:10583000D2A1CDF80080CDE901A78C48FAF7DCFDB4
:1058400053E0D4A10398FBF771F8B0B17FA2594699
:105850007FA000F05FFE744A80A11C328348FAF7F3
:10586000CBFD824800F0ACFECD48006804F046F95C
:105870000B460246CBA1009734E0CEA10398FBF77C
:1058800055F8A0B171A2594671A000F043FE664AD6
:1058900072A11C327548FAF7AFFD744800F090FE13
:1058A0001A23564AC6A17148FAF7A6FD1DE0C9A100
:1058B0000398FBF73BF838B364A2594664A000F0A4
:1058C00029FE594A65A11C326848FAF795FD6748D8
:1058D00000F076FEC248006804F010F90B4602465C
:1058E000C0A100976148FAF787FD604800F068FEA4
:1058F0004FF4FA715D48FBF713F9BEA000F060FEAB
:10590000C3A000F05DFE30E0C5A10398FBF70EF8E0
:1059100058B34EA259464EA000F0FCFD424A4FA19A
:105920001C325248FAF768FD504800F049FE1A222E
:10593000BDA14E48FAF760FD4C4800F041FE4FF41F
:10594000FA714A48FBF7ECF84FF47A6002F084FAF7
:10595000BFF34F8FBD480168BD4A01F4E0611143B8
:105960000160BFF34F8F00BFFDE7BAA10398FAF7BC
:10597000DDFF002830D035A25F465946B7A000F0C1
:10598000C9FD32A24FF4FA61B7A000F0C3FD607800
:10599000002822D000224FF400513046FDF7B0FF1E
:1059A00000224FF480413046FDF7AAFF00224FF459
:1059B00000413046FDF7A4FF24A2394624A000F0A0
:1059C000A9FD194A25A11C322848FAF715FD2748D8
:1059D00000F0F6FD1A224BE15FE180E13800002083
:1059E0000000A04044495341524D4544000000008E
:1059F0000000204141524D4544000000DC160020CB
:105A00000D0A2B48545450414354494F4E3A00001C
:105A10002C00000041542B48545450524541443D01
:105A2000302C3530300D0A00680000200A2B434D21
:105A300054493A2022534D222C2568686400000006
:105A400000100140686920736D6176004F4B0000C3
:105A500041542B434D47463D310D0A0041542B43E1
:105A60004D47533D222573220D0A0000E814002003
:105A700048692C686F772063616E20692068656CC7
:105A80007020796F753F25630000000066696E64C1
:105A900020636D746900000041542B434D4752440C
:105AA0003D25640D0A0000000A41524D000000002F
:105AB0004D616368696E65206973206E6F77206140
:105AC000726D6564256300000A44495341524D00DC
:105AD0004D616368696E65206973206E6F7720641D
:105AE000697361726D656425630000000A64696111
:105AF000676E6F7374696300F00100204469616729
:105B00006E6F737469633A0A2D527373693D25731E
:105B10000A2D4F70657261746F723D25730A2D4CAA
:105B20006F7261206D6F64756C653D25730A256326
:105B3000000000000A776561746865722068696713
:105B4000680000000C0000200800002054313D25B2
:105B50002E3266B0430A48313D252E326625250A8D
:105B6000256300000A77656174686572206C6F7741
:105B700000000000140000201000002054323D25D9
:105B80002E3266B0430A48323D252E326625250A5C
:105B9000256300000A77696E642073706565640090
:105BA00048000020575F533D252E32664B6D2F680D
:105BB000256300000A6D616368696E65000000007E
:105BC0004D616368696E655F5374617475733A25DE
:105BD000732563000A6261747465727900000000C5
:105BE0003C000020426174746572793D252E326656
:105BF0002563000041542B43504D533D22534D2209
:105C00002C22534D222C22534D220D0A000000005D
:105C100041542B434D47443D2C340D0A00000000F5
:105C200052455345540000004F4B2C746865206466
:105C300065766963652077696C6C20726573746141
:105C40007274206E6F772563000000000CED00E099
:105C50000400FA050D0A52494E47000041542B43F7
:105C60005648553D300D0A004154480D0A000000C9
:105C7000E8A1EF48FAF7C0FBED4800F0A1FC4FF4B3
:105C8000FA71EB48FAF74CFFAFF2980000F098FC7D
:105C9000AFF2840000F094FC6570E6A10398FAF777
:105CA00045FE07001AD001F093FDE5A13846FAF74A
:105CB0003DFE070078D001F08BFD3A213846FAF717
:105CC0002BFE070070D001F083FD7F1C384601F0E9
:105CD0007FFD3878742839D066284ED064E00122E0
:105CE00051033046FDF70CFE012291033046FDF7CB
:105CF00007FE0122D1033046FDF702FEAFF2B422C7
:105D00003946AFF2B42000F005FCD04AAFF2B4211E
:105D1000C748FAF771FBC64800F052FC1A22CCA122
:105D2000C348FAF769FBC24800F04AFC4FF4FA7125
:105D3000BF48FAF7F5FEAFF2441000F041FCAFF2B5
:105D4000301000F03DFC84F80190A6E7C64801F051
:105D50003FFD01224F4684F8029051033046FDF783
:105D6000CFFD012291033046FDF7CAFD0122D10388
:105D70003046FDF7C5FD677016E0BC4801F028FD10
:105D8000A57000224FF400513046FDF7B9FD002206
:105D90004FF480413046FDF7B3FD00224FF400413F
:105DA0003046FDF7ADFD6570A2A10398FAF7BEFD80
:105DB000060028D001F00CFDADA13046FAF7B6FD83
:105DC000060020D001F004FD3A213046FAF7A4FD88
:105DD000060018D001F0FCFC16F8010F2028FBD0BB
:105DE0002228F9D00020994905E00A5416F8012F1D
:105DF000401C222A03D032780AB11328F5D30D545F
:105E0000924801F0E5FC8BA10398FAF78FFD06009C
:105E10002DD001F0DDFC99A13046FAF787FD060090
:105E200025D001F0D5FC3A213046FAF775FD060081
:105E30001DD001F0CDFC00BF16F8010F2028FBD0CB
:105E40002228F9D022213046FAF766FD78B1A0EB7E
:105E5000060808F10100FAF729FA070007D04246C0
:105E60003146FAF784FE874807F80850076086A194
:105E70000398FAF75BFDB0B100F10A0105A802F042
:105E800041F89DF81810059801F062FC20619DF81A
:105E90002010079801F05CFC60617EA001F08AFC94
:105EA0007FA001F087FC81A10398FAF73FFD824EA5
:105EB000B0B12C21FAF730FD401C0746FAF718FD67
:105EC000012821D03846FAF713FD05281CD096F892
:105ED000F80520F0100086F8F80578A001F078FCAD
:105EE00078A10398FAF722FD38B33A21FAF714FDA6
:105EF000401CFAF7FDFC606008287DD2DFE800F066
:105F00000B0D7C7C8388878696F8F80540F010009E
:105F100086F8F805E4E76EA100E073A166486638EC
:105F2000FAF716FD64486638FAF736FD624982B220
:105F3000642366397448FEF72BFF74A10398FAF7BF
:105F4000F5FC80B322210398FAF7E6FC070012D093
:105F50002221781CFAF7E0FC68B1A0EB070856484C
:105F6000A8F10102791C3438FAF701FE524834389E
:105F7000404400F8015C6423122267A16248FEF7E6
:105F800007FF4D483438FAF707FD4B4982B26423C6
:105F900034395D48FEF7FCFE64230122AFF2FC4178
:105FA0005948FEF7F5FE61A10398FAF7BFFC0028F7
:105FB0002AD03A21FAF7B0FC0028F9D0234B5DA192
:105FC000103B1A1F401CFAF75FFB207A86F8600628
:105FD0006423242259A14C48FEF7DAFE364896F88D
:105FE000602660A1A238FAF707FAA0686FF0700186
:105FF000821E072A09D800E0C8E011EB400200D554
:10600000524259A1E1E0B9E0F5E0C1E0BCE0B9E0FD
:10601000B6E000004D616368696E655F537461743A
:1060200075733A2044495341524D4544256300005D
:10603000E814002022736861726564220000000089
:106040002273657456616C7565223A0084000020E5
:106050004D616368696E655F5374617475733A204E
:1060600041524D454425630034A30008D0A20008E6
:106070002270686F6E65223A000000002275726C13
:10608000223A0000200000202B43475053494E463F
:106090004F3A00004C617469747564653A200000E1
:1060A0004C6F6E6769747564653A20000D0A2B4366
:1060B0005245473A00000000881700204E657420C2
:1060C000455252000D0A2B4346554E3A000000003F
:1060D0004D696E696D756D2066756E6374696F6E5E
:1060E000616C69747900000046756C6C2066756E91
:1060F0006374696F6E616C6974792C206F6E6C6962
:106100006E65206D6F646500141400200D0A2B432A
:106110004F50533A000000006F70657261746F72E7
:106120004E616D6520697320203A00000D0A2B43F3
:1061300053513A0025642C25640000002D2D3E5358
:10614000494D2E5374617475732E5369676E616C7B
:106150002D2D2D2D2D2D2D2D2D2D2D2D2D2D2D0A92
:1061600000000000256400002D25642064426D209D
:10617000284D617267696E616C2900004DA1CDE602
:1061800059A1CBE65DA1C9E65EA1C7E661A1C5E65E
:10619000A0F10A02042A05D811EB400200D55242B0
:1061A00062A112E0A0F10F02042A05D811EB40020F
:1061B00000D5524261A108E0A0F114020A2A08D8D1
:1061C00011EB400200D5524260A16548FAF714F97C
:1061D00003E064A16248FAF7BBFBAFF27471604858
:1061E000FAF7F9FB5E48FAF7D7FB82B264235C4901
:1061F0006148FEF7CDFD61A10398FAF797FB70B3F4
:106200003A21FAF789FB401C0446FAF771FB20B1EA
:10621000012807D0022826D00CE096F8340620F09A
:10622000010003E096F8340640F0010020F002007F
:1062300086F834062C212046FAF76EFB401C0446F3
:10624000FAF756FB86F835062C212046FAF764FB50
:10625000401C01F067FA02F0A9FEC6F8380696F86D
:10626000680838B108E096F8340620F0010040F0E4
:106270000200DDE786F8D65842490398FAF756FB44
:1062800040B186F8D698FDF741FBD6F8CC18401AF5
:10629000C6F8D008F5804FF480610498FAF71EFC28
:1062A00096F8F80520F0020086F8F80509B0BDE878
:1062B000F08F000044697361626C652070686F6ED6
:1062C0006520626F7468207472616E736D697420EA
:1062D000616E64207265636569766520524620634D
:1062E0006972637569747300466163746F727920B3
:1062F00054657374204D6F646500000052657365CA
:10630000740000004F66666C696E65204D6F6465B1
:1063100000000000556E6B6E6F776E2066756E63C1
:1063200074696F6E616C6974790000002D256420BA
:1063300064426D20284F4B29000000002D25642069
:1063400064426D2028476F6F642900002D2564206A
:1063500064426D2028457863656C6C656E74290015
:10636000F0160020556E6B6E6F776E2052535349B6
:106370002076616C75650000141400200D0A2B4313
:1063800042433A00F01F002030B5244C054687B048
:1063900094F8F80540F6D80120F0040084F8F805D8
:1063A000204604F5BF64FAF7BBFB1C484FF480613C
:1063B0000930FAF793FB1949012208311848FEF712
:1063C00097FC4FF0FF30206660660020E0661C22DC
:1063D00014496846FAF750FBADF8085000216846AA
:1063E00001F065FD104911A288614FF4FA6110A017
:1063F00000F090F801280CD00FA001F0E9F9FFF7A8
:10640000EBF8C82001F028FD012000F0F3F807B0F8
:1064100030BD0EA001F0DCF9F3E700008817002082
:106420005814002050A00008680000204F4B0000C6
:1064300041540D0A0000000053494D20524553506D
:106440004F4E5345204E4F54204F4B0053494D2043
:10645000524553504F4E5345204F4B0010B54FF40B
:106460007A6413A2214613A000F054F810A221462A
:1064700013A000F04FF80EA2214614A000F04AF835
:106480000BA2214614A000F045F809A2214615A050
:1064900000F040F816A001F09BF91D4890F8F8159F
:1064A00041F0040180F8F815002180F8F91510BDBD
:1064B0004F4B000041542B4346554E3F0D0A000000
:1064C00041542B4350494E3F0D0A000041542B4389
:1064D00053510D0A0000000041542B434F50533FCD
:1064E0000D0A000041542B435245473F0D0A00005E
:1064F00053494D37363030204D6F64756C652068D8
:106500006164207475726E6564206F6E0000000017
:10651000881700202DE9F04116460D468046264C8E
:106520004FF47A7702E0384601F096FC94F8F805CB
:106530008007F8D494F8F80540F0020084F8F805D4
:10654000002084F8D608C4F8D008FDF7DFF9C4F8B5
:10655000CC081A48A4F8D45864210746FAF7E0FAA0
:10656000642231463846FAF702FB1448402240388C
:1065700041460646FAF7FBFA304600F021F809E0FA
:106580000A2001F069FC94F8D60810B1C0B2BDE849
:10659000F0810A3D002DF3DC384601F019F9642141
:1065A0003846FAF7BDFA94F8F80520F0020084F8AE
:1065B000F80594F8D608EAE788170020F01F0020B5
:1065C00010B50446012209490948FEF791FB20460F
:1065D000FAF7E2F982B24FF0FF3321460448FEF7A2
:1065E000D7FBBDE810400A2001F036BC9017002010
:1065F000581400202DE9F041224E234C4FF4007531
:1066000041F28837C0B321A2C82123A0FFF782FF3F
:10661000012824D094F8F805002220F0040084F822
:10662000F80529463046FDF76BF9C82001F014FC47
:10663000012229463046FDF763F9384601F00CFC8B
:1066400012A2C82114A0FFF765FF01280AD094F810
:10665000F80520F0080084F8F805BDE8F081642012
:1066600001F0FAFB94F8F80540F0080084F8F8050A
:10667000BDE8F041FFF7F2BE94F8F80520F00800FD
:10668000CAE70000000801408817002041540D0DA2
:106690000A4F4B0D0A00000041540D0A0000000093
:1066A000F8B5044640684FF48273984217D1A06849
:1066B0004FF48065B0F5004F01D0A8420FD120689B
:1066C000066826F0400606606068984207D1A06818
:1066D000A84204D100920B460022012103E000925F
:1066E0000B4600228021204600F018F8002804D034
:1066F000606D40F0200060650320F8BD38B50B46A2
:10670000009204460022802100F008F8002804D0FE
:10671000606D40F020006065032038BD2DE9F8432E
:106720001E46914688460446089DFDF7EFF8401B3B
:10673000351AFDF7EBF8074625480068C0F3CB3063
:10674000684338E0701C37D0FDF7E0F8C01BA84262
:1067500003D215B1009860B32CE02068416821F0A5
:10676000E00141606068B0F5827F0BD1A068B0F5B0
:10677000004F02D0B0F5806F04D12068016821F08D
:1067800040010160A06AB0F5005F09D1206801688E
:1067900021F4005101602068016841F4005101605A
:1067A000012084F85100002084F850000320BDE847
:1067B000F8830025401E00902068816838EA0100B7
:1067C00004D000214945BDD10020F0E70121F9E7BF
:1067D000A400002092B0C821FA48FAF7A1F9FA48BB
:1067E00000214FF400774FF04008F84ECDE9020148
:1067F000CDE9008732463346F549F64801F022F9E3
:10680000F54C05007ED0F5A0A061F248FDA1B4389A
:10681000FAF79EF8EF48B43800F0DAFF4FF4FA6068
:10682000FCF76CFFE8490020CDE90210CDE90087B4
:1068300032463346E649E74801F004F9054664204C
:10684000FCF75CFF4FF48059012249463046FDF7C2
:1068500057F80122DFF8C083570239464046FDF75A
:106860004FF8002239464046FDF74AF81420FCF75D
:1068700045FF012239464046FDF742F800224946CD
:106880003046FDF73DF8002239013046FDF738F873
:10689000BF01002239463046FDF732F80022394662
:1068A000DE48FDF72DF8002249464046FDF728F85E
:1068B0004FF47A70FCF722FF0120207164230F222D
:1068C000D7A1DB48FEF764FAE069FAF765F882B20F
:1068D0006423D748E169FEF75BFAFEF799FD4FF4B0
:1068E0007A7A5046FCF70AFFD2A63046FAF754F8F7
:1068F00082B264233146CE48FEF74AFAD548FCF707
:106900002DFE00E0BDE2FCF709FB03F001FADFF821
:106910004893494603F01EF903F0F0F80022CF4BEC
:1069200002F01AFECE4E0022334602F071FB02F056
:106930003DFBA063FCF704FB03F0EAF9494603F0D2
:1069400009F903F0DBF80022C64B02F005FE4FF018
:106950003332C54B02F05CFB02F028FBE063FCF72E
:1069600001FB03F0D5F9494603F0F4F803F0C6F84B
:10697000DFF8F8824FF066373A46434602F0ECFD06
:106980000022334602F0E8FDB94ABA4B02F0E4FDBA
:1069900002F00CFB2064FCF7F7FA02F089FD3A469E
:1069A000434602F0D9FD0022B34B02F0EDFB02F0AA
:1069B000FDFAB24903F0C4F9A064FCF79DFA03F0B4
:1069C000A7F9AF4903F0BCF9494603F0C3F8606486
:1069D00064232622ABA19648FEF7DAF9A06B03F0F8
:1069E0008DF8024677480B46B0A12038F9F704FD30
:1069F0007448203801F084FDE06B03F07FF8024614
:106A000070480B46AFA12038F9F7F6FC6D482038E6
:106A100001F076FD206C03F071F8024669480B46E0
:106A2000AEA12038F9F7E8FC6648203801F068FD8F
:106A3000A06C03F063F8024662480B46ADA1203813
:106A4000F9F7DAFC5F48203801F05AFD606C03F07A
:106A500055F802465B480B46ACA12038F9F7CCFC50
:106A60005848203801F04CFDA06803F047F8024672
:106A700054480B46ABA12038F9F7BEFC51482038EA
:106A800001F03EFD206903F039F802464D480B46FF
:106A9000AAA12038F9F7B0FC4A48203801F030FDAF
:106AA000E06803F02BF8024646480B46A9A12038BF
:106AB000F9F7A2FC4348203801F022FD606903F099
:106AC0001DF802463F480B46A8A12038F9F794FC70
:106AD0003C48203801F014FD64232522A9A1544824
:106AE000FEF756F940F6B830FCF708FE64232A2278
:106AF000AEA14F48FEF74CF9002D61D037A041A15F
:106B0000A0613448B438F9F723FF3248B43800F0B4
:106B10005FFE64232822B0A14548FEF739F95046AC
:106B2000FCF7ECFD606A00904FF48076B5A2314628
:106B3000B648236AF9F774FCA06A0090B1A2314606
:106B4000B348236AF9F76CFCE06A0090ADA23146C5
:106B5000B048236AF9F764FC206B0090A9A2314683
:106B6000AD48236AF9F75CFC606B0090A5A2314642
:106B7000AA48236AF9F754FC206C02F0BFFF0746CD
:106B80008946606902F0BAFF82468B46E06802F0EF
:106B9000B5FF06468846206902F0B0FFCDE9040142
:106BA000A06802F0ABFFCDE90201606C02F0A6FF25
:106BB000CDE90001A06C02F0A1FF064AB43A2FE132
:106BC00069E100002801002000A1BC33000C014055
:106BD000BC130020A4020020000000202D2D3E2028
:106BE0004C6F52615F4D6F64756C655F5374617477
:106BF0007573203A204D4F44554C45204552524F15
:106C0000520A00004C4F5241204D4F44554C4520F4
:106C10004552524F52000000000801400010014050
:106C2000444556494345204445565549203A20009D
:106C300014140020456E746572656420537461728B
:106C400074446961676E6F737469635461736B0A2E
:106C5000000000002813002000F07F450080304035
:106C60000000144000002D403333E33F66660A40C5
:106C70005EBA490C022BF13F00FEAF4000006643B4
:106C80000000A6422D2D3E4247494E2053454E530B
:106C90004F525320444154412056414C5545532DA9
:106CA0002D2D2D2D2D2D2D2D2D0A00002D2D3E208D
:106CB0005673656E73655F3120202020203A252EA3
:106CC00032660A002D2D3E205673656E73655F3265
:106CD00020202020203A252E32660A002D2D3E202D
:106CE000564261747465727920202020203A252E46
:106CF00032660A002D2D3E2057696E645F73746101
:106D000074202020203A252E32660A002D2D3E20A8
:106D10004761735F6C766C2020202020203A252E5E
:106D200032660A002D2D3E2074656D7065726174A7
:106D300075726531203A252E32660A002D2D3E20CF
:106D400074656D706572617475726532203A252EB6
:106D500032660A002D2D3E2068756D69646974796C
:106D60003109093A252E32660A0000002D2D3E20F9
:106D700068756D6964697479322009093A252E3283
:106D8000660A00002D2D3E454E442053454E534F7C
:106D9000525320444154412056414C5545532D2DCA
:106DA0002D2D2D2D2D2D2D2D0A0000002D2D3E4297
:106DB0004547494E204C4F5241204D4F44554C457C
:106DC00020444941474E4F535449432D2D2D2D2DDD
:106DD0002D2D2D2D2D0A00002D2D3E454E44204CED
:106DE0004F5241204D4F44554C4520444941474E58
:106DF0004F535449432D2D2D2D2D2D2D2D2D2D0A45
:106E0000000000002573257300000000C406002068
:106E1000C4070020C4080020C40A0020C4090020C0
:106E2000CDE910791F4F1E4B0C97CDE90D3208AA02
:106E300082E8400DDDE90423CDE90623DDE90223E4
:106E4000CDE90423DDE900238DE80F00164A4FF455
:106E500000711648F9F7E4FA144901F50070FEF7DD
:106E60002FFA13A63046F9F797FD82B26423314614
:106E70001748FDF78DFF00202071164800F0ECFF49
:106E80001AE515A0A0611DA12048F9F761FD1F4872
:106E900000F09EFCD3E410A018A1A06131E6000030
:106EA00054170020F016002030A20008C40400206F
:106EB0004C656176696E67205374617274446961D0
:106EC000676E6F737469635461736B0A0A00000024
:106ED00014140020C02709002D2D3E204C6F526154
:106EE0005F4D6F64756C655F537461747573203AA0
:106EF000204D4F44554C45204F4B0A004C4F5241BA
:106F0000204D4F44554C45204F4B0000F0010020D0
:106F100008B5DFF80081404C0025A0780028FCD19E
:106F20003C48823000F026FE207030B36570464643
:106F300007E03848823000F069FE61787054491CDF
:106F400061703448823000F071FD0028F1D1607822
:106F500035543048823000F0F9FDE0642D4B00904C
:106F60002EA2C821A3F1FA00F9F75AFA00F048FC62
:106F700080212848F9F7B2FD02E06420FCF7BEFB4F
:106F8000FBF7CCFF02F0C4FE2C4E314602F0E2FDCE
:106F900002F0B4FD00222A4B02F0DEFA294F002253
:106FA0003B4602F035F802F001F8A063FBF7C8FF9A
:106FB00002F0AEFE314602F0CDFD02F09FFD002250
:106FC000214B02F0C9FA4FF03332204B02F020F887
:106FD00001F0ECFFE063FBF7C5FF02F099FE3146DC
:106FE00002F0B8FD02F08AFD4FF06632184B02F055
:106FF000B3FA00223B4602F0AFFA164A164B02F0F3
:10700000ABFA01F0D3FF20644FF47A7000F024FF54
:1070100083E7000022020020000000205278204474
:107020006174613A2573207769746820525353491B
:107030002025692064620D0A0000000000F07F45F1
:10704000008030400000144000002D403333E33F07
:1070500066660A405EBA490C022BF13FFEE700006B
:107060000DA000F0B5FB104CE088042810D9FCF707
:107070004DFCD4F80C14401A322809D9FCF746FC10
:107080002060FEF7B9FAFCF741FC2178401A207124
:107090000A2000F0E1FEE7E742756666657220733C
:1070A0007461727400000000881700201FB54A4CFC
:1070B0004EF66028207900287ED1606A00904FF457
:1070C000807746A239464748236AF9F7A9F9A06AAA
:1070D000009042A239464448236AF9F7A1F9E06AD0
:1070E00000903EA239464148236AF9F799F9206B8E
:1070F00000903AA239463E48236AF9F791F9606B4D
:10710000009036A239463B48236AF9F789F9FDF722
:10711000C7FF42F21070FCF7F1FAFBF7FFFE02F036
:10712000F7FD354D294602F015FD02F0E7FC00227F
:10713000324B02F011FA324E0022334601F068FF62
:1071400001F034FFA063FBF7FBFE02F0E1FD2946EE
:1071500002F000FD02F0D2FC00222A4B02F0FCF902
:107160004FF03332284B01F053FF01F01FFFE06373
:10717000FBF7F8FE02F0CCFD294602F0EBFC02F032
:10718000BDFC4FF06632214B02F0E6F90022334697
:1071900002F0E2F91E4A1F4B02F0DEF901F006FF91
:1071A0002064E06B02F0AAFC05460E46A06B02F0DC
:1071B000A5FC8DE8630000E00AE0174817A23946F5
:1071C00003782348F9F72CF921490A48FDF7D2FF43
:1071D000404600F041FE6DE7000000202573257356
:1071E00000000000C4060020C4070020C4080020DE
:1071F000C40A0020C409002000F07F450080304010
:107200000000144000002D403333E33F66660A401F
:107210005EBA490C022BF13F690000207B227265A7
:107220006C61795374617465223A20222564222CA2
:10723000224D616368696E65223A252E32662C22E2
:1072400042617474657279223A252E32667D00009F
:10725000C410002010B5502080F31188BFF34F8F69
:10726000BFF36F8F01F02AFD18B104494FF0805031
:107270000860002080F3118810BD000004ED00E0DC
:1072800030B593B028216846F9F74AFC14210AA8C2
:10729000F9F746FC0024022501200F940490009584
:1072A0001020059012944FF46010CDE9084011941D
:1072B000109407956846FCF7DFFD98B90F20CDE9DB
:1072C0000A056802CDE90C4002210AA80E94FCF7D9
:1072D000C7FC38B9A80311900F950FA8FCF74AFC1A
:1072E000002801D0FBF7D5FE13B030BD7047000079
:1072F0000148FDF79ABA00009C140020F0B502681E
:10730000164B174C174D4FF08047984205D0B842A6
:1073100003D0A04201D0A84203D122F070064A68EF
:107320003243984205D0B84203D0A04201D0A842CF
:1073300003D122F44074CA6822434C6922F08002CF
:10734000224302608A68C2620A688262984201D15E
:107350000969016301214161F0BD0000002C014079
:10736000000400400008004010B5406A0021C185BB
:10737000C184FDF71BFB10BD0168CA6822F490723E
:10738000CA6001684A6922F001024A61016B012961
:1073900004D10168CA6822F01002CA60202180F876
:1073A0003E1000210163704708B590F83E10222975
:1073B00001D0022008BD82684FF480539A4201D167
:1073C000016921B1816A9A421BD04AB10AE0026880
:1073D000816A5268C2F308020A80816A891C08E047
:1073E000026972B10268526802F07F020A70816A13
:1073F000491C8162C18D491E0904090CC18503D055
:1074000019E002685268F1E70168CA6822F02002B8
:10741000CA600168CA6822F48072CA6001684A6959
:1074200022F001024A61202180F83E10016B0129FF
:1074300003D0FDF773FC002008BD00210163016843
:10744000CA6822F01002CA6001680A68D20602D532
:107450000A6849680091818DFDF7A7FAEBE7000003
:1074600070B5044600680169E26821F44051114397
:1074700001612169A0680843616908432168CA68FD
:1074800041F20C639A430243CA6020684169A269D1
:1074900021F44071114341611E492068884202D1A4
:1074A000FCF7A4FC01E0FCF791FC00EBC00101EB50
:1074B0000012606864218000B2FBF0F3B3FBF1F3CB
:1074C0006FF018067343B2FBF0F5B2FBF0F605EB74
:1074D0008305322303EB0515B5FBF1F5B6FBF1F699
:1074E00005F0F00505EB0615B2FBF0F6B2FBF0F087
:1074F000B0FBF1F06FF01802504306EB800003EB95
:107500000010B0FBF1F0216800F00F002844886003
:1075100070BD00000038014081628285C285002173
:107520000164222280F83E2080F83C100168CA687D
:1075300042F48072CA6001684A6942F001024A61FD
:107540000068C16841F02001C160002070472DE94A
:10755000F041984617460E460446069D1DE0681CFD
:107560001BD02DB1FCF7D2F9A0EB0800A84214D92A
:107570002068C16821F4D071C1602068416921F0A0
:1075800001014161202084F83D0084F83E00002084
:1075900084F83C000320BDE8F0812068006836EAEA
:1075A000000004D00020B842D9D00020F3E7012029
:1075B000F9E700000148FDF7FBB90000581400206E
:1075C000FEE7490050EAC12018BF04204A0D18BF49
:1075D00040F0010040F2FF72B2EB515F08BF40F093
:1075E0000200012808BF052070470907090E00287E
:1075F00004DB00F1E02080F80014704700F00F0079
:1076000000F1E02080F8141D704700221346104658
:10761000114601F0B9BD40F2013200204FF0E041C7
:1076200002F091BC024A0020110702F08CBC00005D
:1076300001FDFFFF10B50446D1E9000100F002F89A
:10764000206010BDF8B504460D466A4600F088F982
:1076500000987E30009000281EDC00221346204651
:10766000294601F0E9FE17D0002140F608004FF04E
:10767000000006462046294601F098FC044640F6E4
:10768000080006EA00014FF0000034F0004004BF9B
:107690000220F9F725FB29E00098FF2828DB0021CC
:1076A00008464FF0000000F4400600221346204632
:1076B000294602F0F7F88CBF002501250220F9F7D2
:1076C0000FFB4FF0FF4446B1002D0CBF4FF40000FC
:1076D0004FF48000B04218BF084C042108464FF018
:1076E0000000002D04BF84F00040F8BD2046F8BD26
:1076F00020462946BDE8F84001F058BCFFFF7F7FD7
:1077000010B504460A46D4E90003194600F054F9BE
:10771000C4E9000110BD30380A2801D201207047A9
:107720000020704730B583B00446F9F7D4FA054617
:107730000020CDE90000024621466846F9F7DCFD4D
:107740002846F9F7CDFADDE9000103B030BD0000AD
:107750002DE9F0410D460446134902F0FBF902F011
:10776000BBFA0646204602F0C9F900220F4B00F092
:10777000ADF801F01BFC02F0C1F900220C4B01F046
:1077800003FD07460C46304601F092FE3A4623467A
:1077900001F03EFC01F00AFC532D01D0572D01D120
:1077A00080F00040BDE8F0810000C8420000594070
:1077B00000004E4010B50446F9F7EEF8214682B2BB
:1077C000BDE8104001230148FDF7E2BA141400207F
:1077D00038B50446F9F7E0F882B23223214606486C
:1077E000FDF7D6FA05A00123006800900222694641
:1077F0000148FDF7CDFA38BD141400200D0A000031
:1078000070B5B6B02A212348F9F786F8044623213B
:107810002048F9F781F8002C2BD0002829D034A873
:10782000009033AB35AA1CA11A48F8F72DFF0328A6
:107830001FD1349800901BA2C82101A8339BF8F7F0
:10784000EFFD9DF8D4001F4D1F4C0126412812D09A
:1078500042280ED1339802F05BFA294602F07AF9F9
:107860002061349802F054FA294602F073F96061FD
:10787000E67036B070BD339802F04AFA294602F03D
:1078800069F9A060349802F043FA294602F062F9DF
:10789000E060EDE7220200202A25632C25642C25D8
:1078A0006423000054656D70657261747572653A89
:1078B0002025690D0A48756D69646974793A202537
:1078C000690D0A000000C8420000002070B514468F
:1078D0001D460E46002814BF01210021314321F02E
:1078E0000041C1F17F6101F1E041C90F16D1002CC7
:1078F00014BF01210021294321F00041C1F17F6122
:1079000001F1E041C90F09D11449B1EB460F08BF9D
:1079100000281CD0690008BF002C18D0314601F0A7
:1079200013FF024640F2FF7030EA11500DD0F017FD
:10793000B0EBE17F09D0084665F31E0084460B4694
:107940002046614601F0E4FF0246104670BD01206A
:10795000F9F7C6F9BDE87040FFF757BE0000E0FF39
:1079600010B5144600222260114A21F000439342D0
:10797000A8BF10BD53EA000208BF10BDB3F5801FB9
:10798000A8BF226807DA362202F0DDFA6FF035026E
:1079900021F000432260DFF81CC06FF31E510CEB96
:1079A00023531A4441F0FF5141F00051226010BDB1
:1079B0000000F07F02FCFFFF2DE9F04106460C4677
:1079C00040F2FF75174635EA14502BD000221346BB
:1079D000304601F031FD25D03A463046214602F0CE
:1079E000B2FA06460C4635EA145010D0002213466F
:1079F000304601F021FD15D10220F9F771F9FFF7AA
:107A000011FE0A46214662F31E01BDE8F081022004
:107A1000F9F766F9FFF7FFFD0A46214662F31E01FA
:107A2000BDE8F08130462146BDE8F08110B5132154
:107A300000F0E4FC02490978401AC0B210BD000011
:107A4000640000202DE9F0410DF11C08044698E87F
:107A50006100069FC4E900126783A360A083012030
:107A6000C4E904500E2020760F2060764FF47A701F
:107A7000E060204600F0DEF8204600F0BBF9034647
:107A800012280AD022A264212C48F8F7C9FC2B48FE
:107A9000FFF79EFE0420BDE8F081204600F050F87C
:107AA0002A463346204600F0FFF800220E212046E9
:107AB00000F0AEFE00220F21204600F0A9FE0C21AE
:107AC000204600F09BFC40F003020C21204600F011
:107AD0009FFE04222621204600F09AFE1121204616
:107AE00000F057F90C21204600F025F90722002369
:107AF000204600F00CF90021204600F0AFF80821E4
:107B0000204600F0F5F8204600F01DF80020C2E7FE
:107B1000476F742077726F6E6720726164696F209F
:107B200076657273696F6E20307825782C206578C1
:107B3000706563746564203078313200581300201A
:107B4000002100F0D8BC012100F0D5BC10B50446DE
:107B50001A2100F053FC064B21690022C91A72F168
:107B6000000101D2A43800E09D3840B210BD0000F1
:107B700000A1BC3370B506460024122100F03EFC83
:107B80000546304600F083F82A461221304600F0C0
:107B90003FFE680615D5A80613D4134900200870C7
:107BA000304600F023F804461021304600F026FC51
:107BB00002460D21304600F02BFE3046FFF7C3FF92
:107BC0000FE00121304600F019FC862809D0002280
:107BD0000D21304600F01CFE86220121304600F0C7
:107BE00017FE204670BD00006400002010B504465A
:107BF0001D2100F003FC10F0010F01D0222100E054
:107C000013212046BDE8104000F0F8BB10B5044633
:107C1000FFF70CFF002809D0054920460A78521CBE
:107C20000A70BDE81040002100F0E8BB10BD000064
:107C30006400002010B50446818B80680022FBF7A9
:107C40005FFE0A20FBF75AFDA18B0122A068FBF71B
:107C500057FEBDE810400A20FBF750BD70B50C463A
:107C600005461D2100F0CAFB052C01D2052402E0C7
:107C7000082C00D90824241F00F0F10040EA440039
:107C8000C2B22846BDE870401D2100F0C1BD10B54C
:107C900004461D2100F0B2FB20F001022046BDE8A1
:107CA00010401D2100F0B4BD70B5D904054641EA6D
:107CB0005231D0040D4A0023F8F727FB0446000C8C
:107CC00040EA0140C2B20621284600F0A1FD04F4BA
:107CD0007F40020A0721284600F09AFDE2B22846BA
:107CE000BDE87040082100F093BD00000048E801A5
:107CF00070B50C460A0A0546202100F089FD04F003
:107D00000F022846BDE87040212100F081BD70B50A
:107D1000144605461D2100F071FB00F00F0141EAF9
:107D20000411CAB21D21284600F072FD2846BDE8A4
:107D3000704000F0C6BB70B50C460546062901D25E
:107D4000062420E00C2C01D90C2401E0062C1AD0CA
:107D5000C322312100F05CFD0A223721284600F0C1
:107D600057FD1E21284600F049FB00F00F022007B6
:107D700042EA10621E21284600F04AFD2846BDE86E
:107D8000704000F09EBBC522312100F041FD0C2265
:107D9000E3E770B5054640690C4618B1142C07D9C5
:107DA00014240BE00F2C00D90F2444F070021BE0C8
:107DB000022C01D202240AE0112C08D9E41EE4B2FC
:107DC00087224D21284600F023FD8C2105E08422E6
:107DD0004D21284600F01CFD6121284600F058FB8B
:107DE000A41EE0B240F080022846BDE870400921A0
:107DF00000F00EBD422100F001BB0000FBF794FD36
:107E0000FFF73EFAFDF77AF8FDF720F8FDF7EAF8FC
:107E1000FDF70CF9FDF726F94FF47A70FBF76EFCCD
:107E200003A0FFF7D5FCFDF72DF800F01CF8FEE7E6
:107E3000496E697469616C697A6174696F6E2063F7
:107E40006F6D706C657465210000000001460020B4
:107E5000842900D0C81C704710B500B9012000F07B
:107E60001FFC002010BD10B500F066FC002010BD06
:107E700038B543684BB1012909D103200022009095
:107E80001146012000F056FD38BD012901D0002027
:107E900038BD03220021012000F028FD040004D099
:107EA00000231A46194600F0BDFD204638BD7FB5B7
:107EB0000D4604464169B0F9080081B1A16971B16C
:107EC000FFF7C4FFD4E905128DE80700D4E90010DC
:107ED0002B46226900F0B9FE039004B070BDFFF795
:107EE000B5FF03A9CDE90001208A2B4682B2D4E96F
:107EF000001000F07DFE012801D00020EDE703987E
:107F0000EBE700002DE9F0410A46804617A1104634
:107F1000F8F7FCFC10B3FFF705FC01F047F8064644
:107F200012A10020F8F7F2FCC0B100780FA160F3B5
:107F300007040020F8F7EAFC80B1FFF7F3FB01F03B
:107F400035F8074609A10020F8F7E0FC30B10078C9
:107F500006A160F307050020F8F7D8FCC8F8087000
:107F6000C8E90064C8F80C50BDE8F0812C0000009E
:107F700070B5124C054626692068001D00F0CEFA47
:107F800038B9206890F82C1001208840616981433D
:107F9000616120683544B5424560216805D2A0681A
:107FA000BDE87040091D00F0E5BA6068091D00F0E9
:107FB000E1FAE06A854200D2E56270BDA8000020C7
:107FC0002DE9F041054600F0F9FA2A4CE068401C22
:107FD000E0602068284F10B1A06900B325E025605B
:107FE000E068012821D1002606EB860007EB80001F
:107FF00000F0B2FA761C072EF6D31F488C3000F042
:10800000ABFA1D48A03000F0A7FA1B48B43000F0CE
:10801000A3FA19488C3060601430A06005E0206835
:10802000E96AC06A884200D82560A06A401CA06244
:10803000E96A0120626988401043606101EB8100B8
:1080400007EB8000291D00F0ADFA00F0D7FAA06917
:1080500000280CD02068E96AC06A884207D2074924
:108060004FF080500860BFF34F8FBFF36F8FBDE8B4
:10807000F0810000A80000206020002004ED00E056
:108080002DE9F041856B174604460026026C82B14B
:10809000C7B1E068F8F7ABFCE168206C091AE16051
:1080A0002268914202D26168081AE060022F16D05D
:1080B00017E02068A8B9606800F064FE064600205A
:1080C00060600EE0A068F8F792FC216CA06808449C
:1080D000A0606168884204D32068A06001E005B117
:1080E0006D1E6D1CA5633046BDE8F08110484FF44D
:1080F0001D61420706D0C01D0D4920F00700411A3E
:10810000C1F51D610B4A00230144C2E9000308398F
:10811000103A21F0070111604B600B600B1AC0E9A7
:10812000001393604FF000405360D0607047000030
:1081300028210020F00000200648074A4FF0805117
:108140000368012BFCD91160BFF34F8FBFF36F8F12
:10815000F6E700006020002004ED00E003460098F0
:1081600029B10260C0E90F31012100F017BC0060A5
:10817000F8E72DE9F0479A46DDE9098481466FF07A
:108180000303206B03EB82021044089D20F00706D6
:10819000700707D0502080F31188BFF34F8FBFF3D3
:1081A0006F8FFEE723180A5C83F834200A5C12B153
:1081B000401C1028F6D3002784F84370072D00D305
:1081C0000625E562C4E91157201D00F0D0F904F13D
:1081D000180000F0CCF92461C5F107006462A061C9
:1081E000E76484F8507052464946304600F0F4F88F
:1081F0002060B8F1000F01D0C8F80040BDE8F0875A
:1082000030B5114900E011460A688242FBD34B6841
:108210005C18844203D140681844486008464368AB
:108220001C18944209D1084C103C2468A24209D081
:1082300052681A4442600A6812680260814200D0A3
:10824000086030BD0460F9E7F0000020064841688E
:10825000096829B14168C968C9684968C16270473D
:108260004FF0FF31FAE70000A800002008484068FE
:10827000401C4FF0500080F3118804D0BFF34F8FA3
:10828000BFF36F8FFEE7BFF34F8FBFF36F8FFEE734
:10829000F80000202DE9F041044600F08FF994F930
:1082A000455004F1240609E0606A48B1304600F008
:1082B000B5FD08B100F022FA6D1E6DB2002DF3DCA1
:1082C0004FF0FF3684F8456000F098F900F076F939
:1082D00094F9445004F1100709E0206948B1384688
:1082E00000F09CFD08B100F009FA6D1E6DB2002D82
:1082F000F3DC84F84460BDE8F04100F07FB9000091
:108300002DE9F0410546002700F04CFA314E306867
:1083100008B9FFF7EBFEF06805424BD1C5B308354D
:1083200068070ED005F00700C0F108000544680793
:1083300007D0502080F31188BFF34F8FBFF36F8FAA
:10834000FEE72DB37068854234D8224810300146CC
:108350000C6801E020460C466168A94202D22168FF
:108360000029F7D131688C4224D007682168016068
:1083700060680837411B10290FD96019420708D0DF
:10838000502080F31188BFF34F8FBFF36F8FFEE74C
:1083900010E041606560FFF733FF61687068401A64
:1083A0007060B268904200D2B060F0680143002073
:1083B000C4E9000100F06CFD780707D0502080F37D
:1083C0001188BFF34F8FBFF36F8FFEE73846BDE8CC
:1083D000F0810000E000002010B5031F4FF0807412
:1083E0001C601B1F21F001011960191F024B0B605B
:1083F000143940380A6010BD6D82000873B582B030
:10840000044600208DF804009DF80C00002220F0A6
:1084100080008DF80C00618B6068FBF771FA012217
:1084200003A9E3682068FBF7FEFF0546012201A9C6
:10843000E3682068FBF74AFF0646618B012260680B
:10844000FBF75EFA55EA060009D02B4606A2642126
:108450000E480096F7F7E4FF0C48FFF7B9F99DF8CE
:10846000040004B070BD0000535049207472616E66
:10847000736D69742F7265636569766520666169DD
:108480006C65642028256420256429005813002089
:108490002D2901D22D2105E0F02901D9F02106E096
:1084A000822904D205222D3991FBF2F103E00A2240
:1084B0001E31B1FBF2F1C9B241F020020B2100F0F4
:1084C000A7B970B506461D21FFF798FF0409E51707
:1084D0001E213046FFF792FF000904220B2804D327
:1084E00084F00700284300D10C223046BDE87040DC
:1084F000262100F08DB941F08002012100F088B9F9
:1085000010B50446F8F748FA214682B2BDE810409B
:1085100064230148FCF73CBC14140020D0E901326C
:1085200001699A60D0E901235A604A68824201D108
:1085300082684A60002202610868401E086008687C
:1085400070470000034B036003F1540008604420AF
:1085500010607047C411002000F108014FF0FF3295
:10856000C0E90112C1600161002101607047002172
:108570000161704730B50B685A1C02D000F1080247
:1085800002E0026904E02246546825689D42FAD957
:1085900053684B6099608A60516008610168491CAA
:1085A000016030BD42684A6093688B60936859608F
:1085B000916008610168491C01607047502080F398
:1085C0001188BFF34F8FBFF36F8F0A494868401C73
:1085D000486001280CD10848006810F0FF0F07D050
:1085E000502080F31188BFF34F8FBFF36F8FFEE7EA
:1085F00070470000F800002004ED00E008494868DA
:1086000028B1401E486001D180F311887047502086
:1086100080F31188BFF34F8FBFF36F8FFEE7000029
:10862000F800002070B5002827D0144DA0F10804F0
:108630006168E868014207D1502080F31188BFF3D8
:108640004F8FBFF36F8FFEE722683AB1502080F35F
:108650001188BFF34F8FBFF36F8FFEE781436160D7
:1086600000F0A0F860686968084468602046FFF779
:10867000C7FDBDE8704000F00BBC70BDE0000020FD
:1086800006484FF47A710068B0FBF1F14FF0E0203A
:10869000491E41610721016170470000A4000020CC
:1086A00010B5020014D00F48406B38B1502080F351
:1086B0001188BFF34F8FBFF36F8FFEE700F072F8A2
:1086C00000211046FFF754FC00F0E2FB002807D120
:1086D00005494FF080500860BFF34F8FBFF36F8F95
:1086E00010BD0000A800002004ED00E002494A6A25
:1086F0000260096941607047A8000020014901201B
:1087000008627047A800002010B50C4650B1094916
:1087100009681831FFF72EFF2046BDE810400121FF
:10872000FFF726BC502080F31188BFF34F8FBFF3B3
:108730006F8FFEE7A800002010B586B000240394D8
:1087400005AA04A903A80494FFF7FCFEDDE90301D0
:108750000094CDE9011000230EA11048059A00F005
:1087600074FA0F490028086311D0502080F3118853
:10877000BFF34F8FBFF36F8F4FF0FF30C862012000
:1087800088610C6106B0BDE8104000F075B806B015
:1087900010BD000049444C4500000000398100082C
:1087A000A80000200248416B491C4163704700004B
:1087B000A80000201448416B11B1012101627047EB
:1087C000002101624169B1FA81F1C1F11F0101EBA0
:1087D00081020E4951F822306BB101EB820101F1A7
:1087E00008034A6852684A609A4201D152684A6056
:1087F000D16801607047502080F31188BFF34F8F1C
:10880000BFF36F8FFEE70000A8000020602000206B
:1088100038B5044641F0800040EA0220ADF800007F
:10882000618B00226068FBF76BF802226946E368FF
:108830002068FBF7F8FD0546618B01226068FBF7B5
:108840005FF8002D08D02B4604A264210948F7F7F1
:10885000E7FD0848FEF7BCFF38BD00005350492033
:108860007472616E736D6974206661696C65643AD7
:1088700020256400581300201CB519490878019080
:10888000FF20087008788DF800009DF80000154A58
:1088900000F0500010700720906005E09DF8003057
:1088A0005B008DF80030401E9DF800301B06F5D4AB
:1088B000000200F4E0609060019808700A480168C6
:1088C00041F470010160016841F070410160FFF7FF
:1088D000D7FE00205060F7F78FFC00201CBD000081
:1088E00000E400E0F800002020ED00E0F8B51746B5
:1088F0000E46050014D0DEB105FB06F04830FFF748
:10890000FFFC04000AD0002084F8460004F148026D
:108910003B46314628460094FFF720FC2046F8BD30
:10892000502080F31188BFF34F8FBFF36F8FFEE7A6
:108930000020E3E738B5049D18B153B1CAB181B145
:1089400020E0502080F31188BFF34F8FBFF36F8F6B
:10895000FEE7502080F31188BFF34F8FBFF36F8F76
:10896000FEE7502080F31188BFF34F8FBFF36F8F66
:10897000FEE739B1502080F31188BFF34F8FBFF36A
:108980006F8FFEE748241C46012384F846302B46AF
:108990000094FFF7E3FB204638BD000070B50D469C
:1089A000040025D0FFF70AFED4E90F20216802FB5E
:1089B000001161600021A1632168A1600A46D4E929
:1089C0000F01401E00FB0121E16021464FF0FF3006
:1089D00001F8440F487004F110008DB1FFF7BCFDA1
:1089E00004F12400FFF7B8FDFFF708FE012070BD79
:1089F000502080F31188BFF34F8FBFF36F8FFEE7D6
:108A000021690029F0D000F009FA0028ECD00449CF
:108A10004FF080500860BFF34F8FBFF36F8FE3E7D5
:108A200004ED00E02DE9FF4782B01D468A464FF075
:108A30000008040003D0BAF1000F08D011E0502064
:108A400080F31188BFF34F8FBFF36F8FFEE7206C69
:108A500038B1502080F31188BFF34F8FBFF36F8F71
:108A6000FEE7022D0AD1E06B012807D0502080F3E9
:108A70001188BFF34F8FBFF36F8FFEE700F010F93F
:108A80003F4F4FF000094FF0805648B9049838B175
:108A9000502080F31188BFF34F8FBFF36F8FFEE735
:108AA000FFF78CFDA06BE16B884207D3022D05D048
:108AB0000498D0B1B8F1000F1AD01EE02A465146F2
:108AC0002046FFF7DDFA616A19B104F1240000F0D5
:108AD000A5F920B13E60BFF34F8FBFF36F8FFFF753
:108AE0008DFD012006B0BDE8F087FFF787FD22E08D
:108AF0006846FFF7FBFD4FF00108FFF77FFDFFF72A
:108B000051FEFFF75BFD94F94400401C01D184F84D
:108B1000449094F94500401C01D184F84590FFF73A
:108B20006DFD04A9684600F02DF830B12046FFF72E
:108B3000B1FB00F0ADF90020D4E7FFF73FFDA06BDB
:108B4000E16B884213D1FFF759FD04F1100004993D
:108B5000FFF7DAFD2046FFF79DFB00F099F90028AA
:108B60009ED13E60BFF34F8FBFF36F8F98E7FFF743
:108B700045FD2046FFF78EFB00F08AF990E70000E4
:108B800004ED00E070B50C4605000ED0ACB1FFF767
:108B900015FD164B19696A682E685B6A881A9E4231
:108BA00013D08A4211D8012418E0502080F3118894
:108BB000BFF34F8FBFF36F8FFEE7502080F3118814
:108BC000BFF34F8FBFF36F8FFEE72168814209D952
:108BD000081A20602846FFF789FD0024FFF70EFDE4
:108BE000204670BD00202060DDE70000A8000020C6
:108BF0002DE9FF5F8346DDE90E87994616468A46D2
:108C00009000FFF77DFB05001CD05420FFF778FB98
:108C1000040014D00020256384F85100CDE90240FF
:108C2000CDE900874B46324651465846FFF7A1FA38
:108C30002046FFF7C5F9012004B0BDE8F09F2846A3
:108C4000FFF7F0FC4FF0FF30F6E7F0B585B0DDE957
:108C50000B640A9DA6B1DCB1542700972663022657
:108C600084F85160002604AFCDE90246CDE90057F3
:108C7000FFF77FFA2046FFF7A3F9049805B0F0BD8F
:108C8000502080F31188BFF34F8FBFF36F8FFEE743
:108C9000502080F31188BFF34F8FBFF36F8FFEE733
:108CA0000548816919B1406B18B100207047012057
:108CB0007047022070470000A80000202DE9F04115
:108CC0002E4C0027606B40B1E069401CE061206AD7
:108CD00000B101273846BDE8F0812669761C26617F
:108CE00013D16068006838B1502080F31188BFF359
:108CF0004F8FBFF36F8FFEE76068A1686160A0606F
:108D0000606A401C6062FFF7A1FAE06ADFF87080D9
:108D1000864209D36068006880B16068C068C56831
:108D2000686886420DD2E0622068C06A00EB80016C
:108D300058F821000128CAD90127C8E74FF0FF30B1
:108D4000F1E7281DFFF7EAFBA86A18B105F1180042
:108D5000FFF7E4FBE86A0121626981401143616128
:108D600000EB800108EB8100291DFFF71BFCE86A7E
:108D70002168C96A8842CDD30127CBE7A80000202B
:108D80006020002070B504004FF0000140D0214D5C
:108D90002868844207D0502080F31188BFF34F8F9A
:108DA000BFF36F8FFEE7A06C38B1401EA064636C08
:108DB000E26A9A422CD040B12AE0502080F3118818
:108DC000BFF34F8FBFF36F8FFEE7201DFFF7A6FBAA
:108DD000114A012150B9E06A00EB800352F82330B8
:108DE00023B96B6901FA00F083436B61606CE06248
:108DF000C0F10700A061E06A6B69814019436961B5
:108E000000EB800002EB8000211DFFF7CBFB01216E
:108E1000084670BDA8000020602000202DE9F04128
:108E2000C068C468ACB104F118000746FFF776FBD0
:108E3000154D686B0126A0B139461448FFF7B2FB07
:108E4000E06A2968C96A88421CD901202E62BDE8FF
:108E5000F081502080F31188BFF34F8FBFF36F8FE5
:108E6000FEE7201DFFF75AFBE16A6A6906FA01F086
:108E70001043686101EB81000449B43901EB8000C3
:108E8000211DDBE70020E2E7A800002014210020DC
:108E90002DE9F0472C4D00242746686B38B1FFF7C9
:108EA0008DFB686B401E6863686B40B146E05020E4
:108EB00080F31188BFF34F8FBFF36F8FFEE7E96830
:108EC000224E0120D1B3A6F1B40980463068E8B142
:108ED000F068C46804F11800FFF720FB201DFFF7BD
:108EE0001DFBE06A6A6908FA00F11143696100EB51
:108EF000800109EB8100211DFFF754FBE06A29681E
:108F0000C96A8842E2D3C5F82080DFE70CB1FFF7D9
:108F10009DF9EC6944B14646FFF7D0FE00B12E62E0
:108F2000641EF9D10020E861286A38B10849012798
:108F300038070860BFF34F8FBFF36F8FFFF75EFBFB
:108F40003846BDE8F0870000A8000020142100206A
:108F500004ED00E010B500290AD00878002807D0F9
:108F600005487844F9F780F8002801D0002010BDAA
:108F70000248784410BD0000721400006A1400001A
:108F800010B500290AD00878002807D00548784491
:108F9000F9F76AF8002801D0002010BD0248784493
:108FA00010BD0000561500004E15000021F00042D3
:108FB000A2F16052B2F5801F01F0004328BFD2F148
:108FC0007F6C0BD95FEA001C43EAC20242EB50708F
:108FD00018BF704728BF20F001007047B2F5801F0E
:108FE000BCBF184670474FEA410C1CF5001F02D267
:108FF000084600F06CBF70B500F058FB0000008917
:10900000FFF7F6BF4FF00040A0F58000704700006A
:1090100010B591EA030F48BF83F0004300F18C8440
:10902000841A71EB030C05D2121943EB0C03001BDD
:1090300061EB0C01DFF824E14FEA1154A4EB135C5F
:109040001EEA430F18BF9EEA445F73D023EA0E0363
:10905000DCF1200E21EA045143F4801332D322FACA
:109060000CFE10EB0E0023FA0CFE41EB0E01CCF1CE
:10907000200E03FA0EFE10EB0E0051F10001B1F5C7
:10908000801FCCF1200E32D201EB045112FA0EF205
:10909000BDE8104058BF7047401C38BF5FEA42022D
:1090A00018BF7047002814BF20F0010041F10001F3
:1090B0004FEA410313F5001F38BF7047A1F1C041CB
:1090C00000F0EABB012A43EB0302ACF1200CDCF117
:1090D0001F0E32BF4FF0000E23FA0CF310EB03000B
:1090E00041EB0451B4EB115FD0D0A1EB045101F579
:1090F000801149085FEA300001EB04510ED350F1B2
:10910000000038BF12FA0EFE08D1BDE81040C9E7D2
:10911000401C38BF5FEA4202CAD1C3E7BDE8104035
:109120004FEA410313F5001F38BF7047A1F1C0415A
:1091300000F0B2BB9EEA445F08D011EA5E0FBDE8C2
:10914000104004BF01F0004100207047BDE810400E
:1091500070B500F0ABFA00BF64FBBE3E0000E0FF5C
:1091600002494FF0000000F0BCBE00BF0000F87FD5
:10917000491058BFC1F140415B1058BFC3F1404393
:109180008B42EFF3008070472DE9C04130B4DFF827
:10919000A0C23CEA111418BF3CEA131400F0EC80A2
:1091A00081EA03051CEA111444EAD57418BF1CEACD
:1091B000131500F0C780A4EB05044FF0004545EA05
:1091C000C12145EAC32341EA505143EA525304F115
:1091D0007F74994204F500344FEAC0204FEAC2225E
:1091E00008BF904200F09C804FEA13650FF24016D2
:1091F000765D4FEA134506FB05F7C7F1807706FB5E
:1092000007F74FEAD737A7FB03687642C8F58038DF
:10921000A7FB06CE38BFA8F1010807FB08E64FF010
:10922000000EA6FB028CE6FB03CEDCF1000CCEF1B7
:10923000004E38BFAEF1010EA6FB0C584FF00007F0
:109240004FF00005E6FB0E87A1FB08C6A0FB07CE8A
:1092500016EB0E0645F10005E1FB076515F1E04E42
:109260007EBFA4F580345FEA46066D4116F18007A3
:1092700045F100054FEA17274FEA066647EA0567FA
:10928000A6F1DE46B6F1805F4FEA15251FD93846B4
:1092900024F0010C05EBC471BCF1FE6F01EB0C1165
:1092A00002D8F0BCBDE8008124425CBF01F5801EFD
:1092B0009EEAC47F02D4F0BCBDE80081244238D4C9
:1092C000F0BCA1F1C041BDE8004100F0E5BA4FEAB1
:1092D000D22242EA43524FEAD323A7FB02864FEA47
:1092E000D02040EA415007FB03661EEA0E0F4FEA0A
:1092F000D12105FB026658BFA6EB0056B6EB00561F
:109300004FEA520E4EEAC37E18EB0E0E56EB530E8A
:10931000BDD518EB02085E417F1C55F10005B6E78C
:109320004FF480154FF000074FF000064FF0000893
:10933000ADE7F0BC4FF0000001F1C04101F0004189
:10934000BDE8008111EA0C1F0CEA131500D00CE0F7
:1093500013EA0C1F00F025804FF00000F0BC81EAFA
:10936000030101F00041BDE80081F0BCBDE800410F
:1093700081EA030100F090BAF0BCBDE8004170B58D
:1093800000F094F9097EFC3E00F007B881EA030181
:109390004FF0000001F00041704781EA030100F046
:1093A0007BBAF0BCBDE800414FF000002149704796
:1093B000FFFDFBF9F7F5F4F2F0EEEDEBE9E8E6E49A
:1093C000E3E1E0DEDDDBDAD8D7D5D4D3D1D0CFCD21
:1093D000CCCBCAC8C7C6C5C4C2C1C0BFBEBDBCBB5A
:1093E000BAB9B8B7B6B5B4B3B2B1B0AFAEADACAB55
:1093F000AAA9A8A8A7A6A5A4A3A3A2A1A09F9F9E2F
:109400009D9C9C9B9A9999989797969595949393E0
:10941000929191908F8F8E8E8D8C8C8B8B8A898977
:1094200088888787868585848483838282818180FA
:109430000000FF070000F87F51EA030C17D41CF569
:10944000801F58BFBCF5801F00F10680994218BFED
:10945000704708BF9042704707D711F5801F58BF6B
:1094600013F5801F19D499427047894270471CF543
:10947000801F08D5BCF5801FF7D58B4218BF7047F9
:1094800008BF824270474FF4001C1CEB410F38BFED
:109490001CEB430F01D28B42704770B500F006F908
:1094A000922449004FF000514FF08053FFF760BE07
:1094B00010F0004248BF4042B0FA80F310FA03F1C6
:1094C0000AD0C3F11D0303F580634FEA415002EB5C
:1094D000035202EBD12170474FF0000070470000AB
:1094E00051EA030C17D41CF5801F58BFBCF5801F30
:1094F00000F10680994218BF704708BF904270473C
:1095000007D711F5801F58BF13F5801F19D4994252
:109510007047894270471CF5801F08D5BCF5801F35
:10952000F7D58B4218BF704708BF824270474FF48F
:10953000001C1CEB410F38BF1CEB430F01D28B42C8
:10954000704770B500F0B2F8922449004FF0005116
:109550004FF08053FFF70CBEDFF848C170B51CEA2E
:10956000111E1EBF1CEA13159EEA0C0F95EA0C0F84
:1095700000F06F8081EA030423EA4C134EEAD47EA4
:1095800021EA4C1141F4801143F48013AE44A1FB55
:10959000024CA0FB0365AEF17F7E361955EB0C053E
:1095A000A1FB034C4CF10003A0FB021C16EB0C06C4
:1095B000654153F10003094218BF46F0010613F458
:1095C000007F0BD14FEA03314FEA0530340341EA03
:1095D000155140EA16506FF003020AE04FEAC3212A
:1095E0004FEAC520F40241EA555140EA56506FF067
:1095F000020202EB2E4201EB025585EACE710AD03F
:109600005FEA440C18BF24F0004450F1000041F11F
:10961000000120EAD47040F2FE7C624500D270BDA9
:10962000A84214BF4FF080444FF04044002E08BFC2
:109630000024BEF1806FA8BFA1F1C041BDE8704019
:1096400080F22A814FF0000001F1C04101F0004199
:1096500070479EEA0C0F0CEA131518BF95EA0C0F21
:1096600006D04FF0000081EA030E0EF0004170BDFD
:1096700000F01CF88900013E00F007B800F009B8BE
:109680004FEA430C5FEA5C5C08D081EA030100F01A
:1096900003B94FEA410C5FEA5C5CF6D14FF0000081
:1096A000014970470000FF070000F87F0EF1020E2D
:1096B0002EF0030E5EF8046B364205D4012A43EB0C
:1096C000030515F5001F12D8012841EB010C1CF50C
:1096D000001F0CD80ED14FEAD17C15F5001F0CEB02
:1096E0004C0C0CF1020C08BF4CEBD37C04E04FF0A7
:1096F000080C01E04FEAD37C0CEB4C0526FA05F68A
:1097000006F00706B6F1040C06D20EEB860CBDE897
:1097100070404CF0010C6047DFE80CF0090B0202CE
:109720004FF000414FF00000A1F5002170BD194637
:109730001046012851EB010418BFD4F5001484BF72
:10974000002001F0004170BDDFF844C170B53CEA73
:10975000111418BF3CEA131500F08F8011F1004F6F
:109760001CEA13150CEA111468BF45F0050518BF73
:1097700011EA0C1F00F079802E4621EA4C1123EAF1
:109780004C1341F4801143F48013A5F58035AC42AD
:109790003DDD801A9941A4F5803609D54042C1F1DA
:1097A000000134BFB1F10101B1F1000185F0010503
:1097B00011F4F01F08D011F4801FE8D1400041EBF4
:1097C0000101A4F58034F6E721F00041B1FA81F6F9
:1097D000202E04BFB0FA80FE0EF12006A6F10B0683
:1097E000B6F1200EA4EB06440CD2C6F1200E01FA0D
:1097F00006F120FA0EF641EA0601CEF1200600FA43
:1098000006F003E000FA0EF14FF00000BFE750EA67
:10981000410E23D04FEA244EBEEB254F0FDB994279
:1098200008BF904204D00AD3520043EB0303B0E7D1
:109830004FEA1646B6EB144F08BF85F00105B4F5A4
:10984000803401EB041181EAC57100DB70BD01F1C8
:10985000C0414FF0000001F0004170BD4FEA45717A
:109860004FF0000001F0004170BD1CEA131F09D049
:109870004FF0000001F0004170BDFFF717FF00BF7F
:10988000EDFFFF3EBDE870404FF00000014970471A
:109890000000FF070000F87F0808A0F500114FEA5C
:1098A0003101704753EA010C17D41CF5801F58BFD3
:1098B000BCF5801F00F106808B4218BF704708BFBF
:1098C0008242704707D713F5801F58BF11F5801FDC
:1098D00019D48B4270479B4270471CF5801F08D5F6
:1098E000BCF5801FF7D5994218BF704708BF90425A
:1098F00070474FF4001C1CEB430F38BF1CEB410FAB
:1099000001D2994270470FB40CBC03BCFFF719BEDB
:1099100091EA030F10B581F000413FF581AB83F070
:10992000004300F009B8000010B591EA030F48BFEA
:1099300083F000433FF574AB841A71EB030C07D23C
:1099400012198CF0004C43EB0C03001B61EB0C0173
:10995000DFF8A4E14FEA1154A4EB135C1EEA430FB5
:1099600018BF9EEA445F00F0B08023EA6E035242C3
:1099700021EA0451C3EB6E0338BF5B1EDCF1200EFD
:1099800025D322FA0CFE10EB0E0043FA0CFE41EB3D
:109990000E01CCF1200E03FA0EFE10EB0E0051F179
:1099A0000001CCF1200E29D412FA0EF201EB045181
:1099B000BDE8104058BF7047401C1CBFB2F1004FBB
:1099C000704700280CBF491C20F00100704712EBC3
:1099D000020E43EB030218BF4FF0010E4EEA4202A3
:1099E000ACF1200CDCF11E0E54D943FA0CFE10EB46
:1099F0000E0051F1FF31CCF11E0ED5D50EF1010E46
:109A000012FA0EFE404141EB010101EB445C5FEABA
:109A10005C5C10D910EBDE7001EB045138BFBEF175
:109A2000004FBDE8104018BF704700280CBF491C0C
:109A300020F00100704730D24FEAD42C11F500110C
:109A400024F400641BD0B1FA81F20B3AA41AA41ECC
:109A5000D2F12003914030FA03F31943904001EB17
:109A6000CC71002C01EB0451BDE81040A8BF704739
:109A700001F1C0414FF0000001F000417047B0FA21
:109A800080F310FA03F100D110BDE41A173C480529
:109A9000C90AE4E701EB045110BD491001EB045180
:109AA000BDE810404FEA300002E04FF0000170477F
:109AB0004A0008BF0042F8D0B2F5001F28BF704727
:109AC00001F000414FF0000070479EEA445F07D06C
:109AD00011EA5E0FBDE8104004BF0021002070476E
:109AE000BDE8104070B5FFF7E1FD00BF40DFF63E76
:109AF00083F00041104670470000E0FF43004FEA4A
:109B0000D30C4FEA3C0C43401FBF40070CF160519F
:109B100013F0FE4F70471CF0006F03D100200CF0D3
:109B2000004170470CF0004343EA507010B540EA22
:109B3000CC0000F086F900BF000000924FEA00015F
:109B4000FFF7AABE4FF000414FF00000A1F5002141
:109B5000704700004FF47F0C1CEAD0121EBF1CEAB5
:109B6000D11392EA0C0F93EA0C0F00F0858090EA73
:109B7000010F48BF42F4807240F4000C41F4000031
:109B80002CF07F4120F07F4000B58142A2EB030220
:109B90000FF2081CACEB504EC0F100009EF800E044
:109BA0004FEA4E0E00FB0EFC38BF49004FEA2C1C5A
:109BB00002F5FA020CFB0EF34FEACE1E4FEA112C0F
:109BC0004FEAC1210EEB635E42EB22420EFB0CFC1E
:109BD0004FEA1C5300FB03114FEA112C4FEA0131ED
:109BE0000EFB0CFC4FEADC4C00FB0C11C14228BF01
:109BF00009184CEB03335DF804EB10EB410143EB28
:109C0000C250B2F57C0F38BF704729D512F0F00F63
:109C10001CBF00F1C04000F000407047008182830B
:109C20008485868788898B8C8D8E8F91929395966B
:109C300097999A9C9D9FA0A2A3A5A7A8AAACAEB0F5
:109C4000B2B3B5B7B9BCBEC0C2C5C7C9CCCED1D4FA
:109C5000D7D9DCDFE2E6E9ECF0F3F7FAFE0000002A
:109C60004FEA400C0CF1807CBCF17E4F28BF70475E
:109C7000B0F1C04000F02BB990EA010F0CEAD1130B
:109C800048BF42F48072624538BF634507D213F47F
:109C90007F0F16D080EA010000F00040704710B539
:109CA00000F0CFF8097EFC3E00F005B880EA010024
:109CB00000F00040704780EA010000F0004000F032
:109CC00006B912F47F0F04BF0248704780EA010012
:109CD00000F0FDB80000C07F41000B0ED3F19E02E2
:109CE00008D950F400034FEA032323FA02F048BFD7
:109CF0004042704710B500F0A4F800BF499224809C
:109D0000002070476FF0004282EA20007047000098
:109D100010F0004148BF4042B0FA80F310FA03F25D
:109D2000C3F19D030BD051EAC35101EB122053063E
:109D300038BF704700F1010008BF20F001007047F4
:109D40004FF47F0C1CEAD0121EBF1CEAD11392EA1A
:109D50000C0F93EA0C0F00F0478090EA010F48BF08
:109D600042F480724FF0004C4CEA00204CEA012192
:109D700002EB0302A0FB0113A2F50002002918BFA9
:109D800043F001035B0028BF4FEA330342EB22425A
:109D90005FEA132C4CEBC2502EBFBCEB436FB2F505
:109DA0007C0F70474FEA036CBCF1004F08BF20F0F6
:109DB0000100B2F57C0F38BF70470BD582F0FF026F
:109DC00012F5803FC8BF704700F1C040D8BF00F017
:109DD0000040704700F5000C5FEA4C0C48BF70472C
:109DE000B0F1C04000F073B890EA010F0CEAD11353
:109DF00048BF42F48072624538BF634504D280EAAE
:109E0000010000F00040704710B500F01AF800BFE4
:109E10008900013E00F007B800F009B85FEA410C84
:109E20005FEA1C6C08D080EA010000F050B85FEADD
:109E3000400C5FEA1C6CF6D14FF00040A0F58000AA
:109E400070470EF1020E2EF0030E5EF8044B244212
:109E500004D44FEA4102B2F17F4F11D84FEA4003D8
:109E6000B3F17F4F0CD80ED14FEAD07CB2F17F4FC7
:109E70000CEB4C0C0CF1020C08BF4CEBD17C04E059
:109E80004FF0080C01E04FEAD17C0CEB4C0324FAB4
:109E900003F404F00704B4F1040C06D20EEB840CB6
:109EA000BDE810404CF0010C6047DFE80CF00708FB
:109EB00002024FF00040A0F5800010BD08464200AD
:109EC00018BFD2F1807288BF00F0004010BDFF21A2
:109ED00041EAD050C00570474FF000007047F7F7D7
:109EE00037B80CF00F03092B08BF082000F05F8083
:109EF0000A2B0BD0082B18BF704708BF1CF0400F6F
:109F00000AD04FF000004FF0000170471CF0400FE6
:109F100018BF4FF0004070471CF0100F08D020F021
:109F2000704300F07F4242EAD3014FEA437070472A
:109F300000F0604021F07F4242EA000201F07F40E1
:109F400040EA727070474FF0FF0C4CF4E06C1CEA72
:109F500011531CBF9CEA030C9445C2BFDA4201EBCB
:109F600002517047002B0DD0BCF1000F0FD0002A1A
:109F700001F00041A4BF41F0E04141F07F614FF0AA
:109F80000000704701F000414FF00000704750EAB8
:109F900001334FF09B0C18BF4CF0806C7FF4E0A8AD
:109FA0007047F7F7D5BEF8F7C5B8F8F753BA1CF401
:109FB000801F11D01CF4E02F03D06FEACC31490090
:109FC00070474FF04050EFF3008222F0704242EAB7
:109FD000000282F3008870474FF0000070470000D5
:109FE000E4A10008D567000801000000000000009F
:109FF000800000000000000000000000C8A1000870
:10A00000116F0008FFFF000000000000800000004A
:10A010000000000000000000D4A10008AD7000089E
:10A0200000000000000000008000000000000000B0
:10A0300000000000F4A100085D700008FFFF0000B0
:10A040000000000080000000000000000000000090
:10A0500098A30008617000080000000000000000E4
:10A0600050000000000000000000000000000000A0
:10A0700000000000010203040607080900000000B8
:10A080000102030430313233343536373839414236
:10A09000434445464030580030313233343536374A
:10A0A00038396162636465664030780002400000C0
:10A0B000000000A00000000005400000000000C8F3
:10A0C000000000000C4000000000409C0000000068
:10A0D000194000000020BCBE000000003440000019
:10A0E000BFC91B8E00000004B5400000504BCFD00C
:10A0F0006607E2CF010000006C4100003E8251AAD9
:10A10000DFEEA73401000000D9420000DCB5A0E278
:10A110003A301F97FFFFFFFFB4450000FD25A0C8A0
:10A12000E9A3C14FFFFFFFFFFF3F000000000080D9
:10A1300000000000FF3F0000000000800000000061
:10A14000534D41562042454C4749554D0A000000A9
:10A15000687474703A2F2F6170702E736D61762D54
:10A160006167726F2E636F6D3A383038302F6170CF
:10A17000692F76312F416556503265483246333467
:10A180006F7476676D4541495A2F0000617474728F
:10A190006962757465733F7368617265644B657954
:10A1A000733D70686F6E6500617474726962757476
:10A1B00065733F7368617265644B6579733D736560
:10A1C0007456616C756500004C6F72615461736BFD
:10A1D0000000000053656E64446174615461736BE8
:10A1E00000000000446961676E6F737469635461B5
:10A1F000736B00005270635461736B00617474720E
:10A200006962757465733F7368617265644B6579E3
:10A21000733D75726C0000006174747269627574CC
:10A220006573000074656C656D657472790000007B
:10A230007B2257696E645F73746174223A252E32F3
:10A24000662C224761735F6C766C223A252E32664B
:10A250002C2254656D7031223A252E32662C225400
:10A26000656D7032223A252E32662C2248756D318A
:10A27000223A252E32662C2248756D32223A252E3E
:10A2800032662C2272737369223A20222573222CA3
:10A29000226F70657261746F724E616D65223A2033
:10A2A000222573222C226D6F64756C655374617462
:10A2B0007573223A20222573222C22535F42617447
:10A2C0007465726965223A252E32667D00000000B1
:10A2D0002B2B2B2B2B2B2B2B2B2B2B2B2B2B2B2BCE
:10A2E0002B2B2B2B2B2B2B2B2B2B2B2B2B2B2B2BBE
:10A2F0002B2B2B2B2B2B2B52454C4159204F4646B9
:10A300002B2B2B2B2B2B2B2B2B2B2B2B2B2B2B2B9D
:10A310002B2B2B2B2B2B2B2B2B2B2B2B2B2B2B2B8D
:10A320002B2B2B2B2B2B2B2B2B2B2B2B2B2B2B2B7D
:10A330002B0000002B2B2B2B2B2B2B2B2B2B2B2BEE
:10A340002B2B2B2B2B2B2B2B2B2B2B2B2B2B2B2B5D
:10A350002B2B2B2B2B2B2B2B2B2B2B52454C4159A7
:10A36000204F4E2B2B2B2B2B2B2B2B2B2B2B2B2B01
:10A370002B2B2B2B2B2B2B2B2B2B2B2B2B2B2B2B2D
:10A380002B2B2B2B2B2B2B2B2B2B2B2B2B2B2B2B1D
:10A390002B2B2B2B0000000053494D427566665451
:10A3A00061736B0000A50008000000200801000098
:10A3B0002801000808A6000808010020503000000D
:10A3C00044010008000000000000F07FFFFFFFFFD5
:10A3D000FFFFEF7F1001000043000000F8FFFFFFC8
:10A3E00000404040404040404040414141414140A8
:10A3F000404040404040404040404040404040405D
:10A4000040050202020202020202020202020202EB
:10A4100002202020202020202020200202020202F0
:10A420000202909090909090101010101010101048
:10A430001010101010101010101010100202020254
:10A440000202888888888888080808080808080898
:10A450000808080808080808080808080202020294
:10A4600040000000000000000000000000000000AC
:10A4700000000000000000000000000000000000DC
:10A4800000000000000000000000000000000000CC
:10A4900000000000000000000000000000000000BC
:10A4A00000000000000000000000000000000000AC
:10A4B000000000000000000000000000000000009C
:10A4C000000000000000000000000000000000008C
:10A4D000000000000000000000000000000000007C
:10A4E000000000001C00000043000000F8FFFFFF18
:10A4F0000C0000000E0000000F0000002E00000005
:10A5000000000000010000000000803F0000803FCC
:10A510000000004000000040CCA2000840A100085C
:10A5200050A1000824A20008A8A100088CA10008DE
:10A53000FCA1000818A200080000000000000000B4
:10A54000000000000000000000000000000000000B
:10A5500000000000000000000000000000000000FB
:10A5600000000000000000000000000000000000EB
:10A5700000000000000000000000000000000000DB
:10A58000000000002B32313237373131303135366F
:10A590003400000000000000010000001000000076
:10A5A000000000000024F400000000000000000093
:10A5B000000000000000000000000000000000009B
:10A5C000000000000000000000000000000000008B
:10A5D000000000000000000000000000000000007B
:10A5E000000000000000000000000000000000006B
:10A5F000000000000000000000000000AAAAAAAAB3
:08A60000000000000000000052
:04000005080000ED02
:00000001FF
