:020000040800F2
:100000005031002065020008B74F00085D4D000820
:10001000B54F0008792F0008997100080000000012
:10002000000000000000000000000000CD010008FA
:10003000A92F000800000000110200082D6E000822
:100040007F0200087F0200087F0200087F0200088C
:100050007F0200087F0200087F0200087F0200087C
:100060007F0200087F0200087F0200087F0200086C
:100070007F0200087F0200087F0200087F0200085C
:100080007F0200087F020008312D00087F0200086F
:100090007F0200087F0200087F0200087F0200083C
:1000A0007F020008C96E00087F0200087F02000876
:1000B0007F0200087F0200087F0200087F0200081C
:1000C0007F0200087F0200087F0200087F0200080C
:1000D0007F0200087F0200087F0200088D7100087F
:1000E0007F0200087F0200087F02000800F002F88B
:1000F00000F05DF80AA090E8000C82448344AAF165
:100100000107DA4501D100F052F8AFF2090EBAE862
:100110000F0013F0010F18BFFB1A43F0010318473B
:10012000B09C0000D09C0000103A24BF78C878C171
:10013000FAD8520724BF30C830C144BF04680C60ED
:10014000704700000023002400250026103A28BF35
:1001500078C1FBD8520728BF30C148BF0B60704739
:10016000662909F0B683642900F09A81782900F0A5
:10017000D381632900F0DD87732900F0E287002036
:1001800070471FB59DE8030000F0D4FC01F0D2F8E1
:1001900004000020002108F0D7FB401C6060002014
:1001A000002108F0E7FBE0601FBD10B510BD01F0B5
:1001B0000FFC1146FFF7E5FF07F01AFB01F0AAFE5E
:1001C00003B4FFF7F2FF03BC01F01AFF224B1968DA
:1001D0000868B0E8F00F80F30988BFF36F8F4FF025
:1001E000000080F311884EF00D0E704700000000F3
:1001F00006480068006880F3088862B661B6BFF3FD
:100200004F8FBFF36F8F00DF00BF00BF08ED00E02E
:10021000EFF30980BFF36F8F0F4B1A6820E9F00FDF
:10022000106008B54FF0500080F31188BFF34F8F76
:10023000BFF36F8F07F0B8FF4FF0000080F3118815
:10024000BDE8084019680868B0E8F00F80F3098835
:10025000BFF36F8F704700BFA4000020EFF305804D
:10026000704700000948804709480047FEE7FEE75D
:10027000FEE7FEE7FEE7FEE7FEE7FEE7FEE7FEE756
:1002800004480549054A064B70470000C56E000842
:10029000ED000008502B002050310020502D002090
:1002A000502D002070B5064600F024FC056806F1CC
:1002B0000B0020F00704B4429CBF002070BD2B4609
:1002C0006A68BAB11068A04210D304F108018842EC
:1002D0003CBF5068586007D35168101941601168DD
:1002E000091B016058601460101D70BD13465268F0
:1002F000002AE7D12146284600F008FC0028DED17C
:1003000070BD53EA020C00F069802DE9F04B4FF00C
:100310000006002B1FBFB3FA83F503FA05F424FA95
:1003200005F65E4012BF1643B2FA82F502FA05F4F2
:10033000C5F120051EBF22FA05FC44EA0C04203555
:1003400056EA044C4FEA144418BF641C4FF00008EE
:100350004FF00009904271EB030C39D3002919BF0B
:10036000B1FA81F701FA07F6B0FA80F700FA07F65A
:10037000C7F120071EBF20FA07FC46EA0C0620370B
:10038000B6FBF4FCA7EB0507103F07F01F0BCBF102
:1003900020060CFA0BFB2CFA06F644BFB3460026E7
:1003A000202FA4BF5E464FF0000B5BEA060C08BF8F
:1003B0004FF0010B19EB0B09ABFB027C48EB060875
:1003C000C01B06FB02CC0BFB03CC71EB0C01C1E79D
:1003D0000B46024641464846BDE8F08B13B54FF048
:1003E00000004FF00001AFF30080BDE81C407047F3
:1003F0000FB41CB5074B06AA7B44694600900598CC
:1004000000F06DFE0020694600F07CFE1CBC5DF82B
:1004100014FB0000090D00000FB41CB50C0007AA66
:10042000009001D02044401E074B7B446946019058
:10043000069800F054FE002C03D06946002000F01E
:1004400061FE1CBC5DF814FBE10C000070B50C46AD
:100450000546012A05D02878800600D5EA690023E0
:1004600002E0012305E05B1C934202D2E05C00281D
:10047000F9D1A869E618C01AA861286A1844286248
:100480002846AFF3008004E0D5E9012114F8010B00
:100490009047B442F8D32846AFF3008070BD000007
:1004A0002DE9F0410646002410687529314616A54D
:1004B00010D0AFF30080002802DA404213A507E015
:1004C00031688A0701D512A502E0490704D511A5B4
:1004D000012401E0AFF3008000210A2206F1240785
:1004E00009E0B0FBF2FCB0FBF2F302FB1C00303081
:1004F00078541846491C0028F3D123462A46304632
:10050000BDE8F04100F07EBB000000002D000000BF
:100510002B0000002000000070B504460D46214667
:100520001068AFF300802188090502D50F4A7A448C
:1005300002E00E4A7A440E32002104F1240305E061
:1005400000F00F060009965D5E54491C0028F7D1A3
:1005500020780023000704D5702D02D009B10223B2
:1005600011322046BDE8704000F04CBB46950000BB
:100570002DE9F0474FF0000A89460446C0F820A054
:100580002046E1688847002876D0252806D0D4E99F
:1005900001219047206A401C2062F1E7E168204673
:1005A00000258847C4F81CA006460027C4F818A0F8
:1005B0002A2E09D0304606F09AFE38B304EB87089D
:1005C000303EC8F8186019E059F8041B204604EBC7
:1005D00087029161E1688847012F064618D1E069DA
:1005E000002820DA25F020051DE0D8F8180000EBDF
:1005F000800006EB40003038C8F818002046E1685B
:100600008847064606F073FE0028EED1012F0AD077
:100610002E2E08D12046E16888477F1C0646022F0F
:1006200045F02005C4DBA069002803DA404245F00C
:100630000105A061E80701D025F01005B6B1A6F1CB
:100640004100192802D8203645F400654A46314653
:10065000204625604D46FFF783FD58B1012806D09E
:10066000ED1D25F0070000F1080989E704E005F118
:10067000040985E730468AE7206ABDE8F087000074
:100680000FB400B58DB010A9099000910B904FF0F8
:10069000FF300A9000200C900648784406900648E7
:1006A00078446A4607900F9909A800F063FD0DB0E1
:1006B0005DF814FBF70A00000F0B00002DE9FF5F47
:1006C0001D464FF0FF3B91464FF000085F46D5E9CD
:1006D0000146A96901987F1C8847296A8246884794
:1006E0000028F6D1BAF1FF3F0CD0002E24F4C064EC
:1006F00019DD600614D5BAF12B0F09D0BAF12D0F10
:100700000ED103E0584604B0BDE8F09F44F4806485
:10071000A96901987F1C8847761E8246002E02DD5B
:10072000BAF1300F03D0B9F1000F26D032E0A96939
:10073000761E01987F1C44F400748847002E824680
:1007400005DDBAF1780F06D0BAF1580F03D0B9F130
:10075000000F10D01EE0B9F1000F02D0B9F1100F58
:1007600018D1A969761E01987F1C24F4007488476B
:100770008246102002E0082000E00A20814609E0BD
:10078000A96908FB0908761E01987F1C44F40074CF
:1007900088478246002E05DD4946504600F0D5FCCC
:1007A0000028EDDAE96901988847A00502D46FF0C6
:1007B0000100A8E7E00725D1600613D5600502D542
:1007C000C8F1000000E0404629680A1D2A60096857
:1007D000220501D5087015E0220701D5088011E037
:1007E00008600FE02868011D29600068210502D516
:1007F00080F8008006E0210702D5A0F8008001E023
:10080000C0F8008038467EE770B5064600F076F9FD
:100810000468054630460A22002100F02DFD2C60B8
:1008200070BD0000014A00F05FBD00000001002023
:10083000401ECAB210F8011F8A4202D00029F9D125
:100840000020704730B505460B462A4613F8014B89
:1008500012F8010B08B1A042F8D01CB1002802D058
:100860006D1CF1E7284630BD40EA0103024630B571
:100870009B0710D14FF0013400E008C208C91D1BCE
:100880009D4315EAC41FF8D013F0FF0102F8011BC5
:100890000DD01B0AF8E711F8013B002B02F8013BD1
:1008A00005D011F8013B002B02F8013BF3D130BD1C
:1008B00010B5431C02E010F8011B71B18107FAD199
:1008C0004FF0013202C88C1A8C4314EAC211F9D0DD
:1008D000C01A0A0603D0C01E10BDC01A10BD0A04FB
:1008E00001D0801E10BD0902FCD0401E10BD421E6A
:1008F00012F8013F002BFBD111F8013B002B02F84D
:10090000013BF9D17047032A40F2308010F0030C0C
:1009100000F0158011F8013BBCF1020F624498BF52
:1009200011F801CB00F8013B38BF11F8013BA2F1EF
:10093000040298BF00F801CB38BF00F8013B11F06A
:10094000030300F02580083AC0F0088051F8043B0A
:10095000083A51F804CBA0E80810F5E7121D5CBF77
:1009600051F8043B40F8043BAFF30080D20724BFAA
:1009700011F8013B11F801CB48BF11F8012B24BF3E
:1009800000F8013B00F801CB48BF00F8012B70478D
:1009900010B5203AC0F00B80B1E81850203AA0E81A
:1009A0001850B1E81850A0E81850BFF4F5AF5FEA4E
:1009B000027C24BFB1E81850A0E8185044BF18C901
:1009C00018C0BDE810405FEA827C24BF51F8043BA8
:1009D00040F8043B08BF7047D20728BF31F8023BFC
:1009E00048BF11F8012B28BF20F8023B48BF00F890
:1009F000012B70474FF000020429C0F0128010F064
:100A0000030C00F01B80CCF1040CBCF1020F18BFEA
:100A100000F8012BA8BF20F8022BA1EB0C0100F07D
:100A20000DB85FEAC17C24BF00F8012B00F8012B50
:100A300048BF00F8012B70474FF0000200B5134685
:100A400094469646203922BFA0E80C50A0E80C50EE
:100A5000B1F12001BFF4F7AF090728BFA0E80C509F
:100A600048BF0CC05DF804EB890028BF40F8042B98
:100A700008BF704748BF20F8022B11F0804F18BF05
:100A800000F8012B704710B5044610F0030F08BFA3
:100A900011F0030F40F015804FF0013E121FC0F21D
:100AA0000E8051F8043BA3EB0E0C2CEA030C1CEA5D
:100AB000CE1C08BF40F8043BF0D0A1F1040102F1C4
:100AC0000402521E08DB11F8013B002B00F8013B29
:100AD000F7D11146FFF78EFF204610BD70477047D3
:100AE0007047000010B500F025FC001D10BD00BFD0
:100AF000597E000000487047F82A002000487047DF
:100B0000F02A0020704770477047704738B5044698
:100B10000A4600206946AFF30080002808BF38BDB0
:100B200002460099204600F009FC012038BD012052
:100B300000F028BFF8B5AFF30080054600200C4652
:100B4000102000BF0646A819A0420DD932466946BA
:100B50000020AFF30080070008BF00F013FF0098EB
:100B6000A04218BF0546C419FFF7C4FF0560074639
:100B7000F01D20F007004619284600F00AF8B4429C
:100B800008BFF8BDA21B31463868BDE8F84000F048
:100B9000D5BB00210160C0E90110704710207047EB
:100BA00070B50446051FFFF7A5FF0068002C14BFB1
:100BB000446870BD002C18BFAC423CBF204664683E
:100BC000F8D301680A18AA4218BF456003D12A6801
:100BD00005461144016028684119A1421CBF6C60A0
:100BE00070BD6168696021680844286070BD10B5F7
:100BF000FFF784FF006810BD10B50446FFF77EFFC5
:100C0000046010BD2DE9F0470D4699469246044612
:100C100000F124080168880604D5E06921F010017C
:100C2000216000E00120A84201DD471B00E0002711
:100C3000A1697A1902EB0900081AA0612078C006A0
:100C400002D42046AFF30080002608E0D4E9012159
:100C50001AF806009047206A401C761C20624E4518
:100C6000F4DB2078C0060AD52046AFF3008006E00A
:100C7000D4E9012130209047206A401C2062381EB0
:100C8000A7F10107F4DC07E0D4E9012118F8050019
:100C90009047206A401C2062281EA5F10105F3DC64
:100CA0002046AFF300802078000602D50220BDE880
:100CB000F0870120FBE770472DE9FF4F0C461E46E9
:100CC0004FF0FF378BB0D2E90001DDF860800A9069
:100CD0008A46C1F30A5505B93D46002108464FF042
:100CE0000000BAF1000F00F4400005DA00EB8000CC
:100CF0004FF4400101EA50004FEA9059B9F1010F59
:100D000000DDB9460A9850EA4A000ED044F6105069
:100D1000A5F2FF3545432F14B8F1000F1ED07542E0
:100D2000291E1EDDC9F100021CE0B8F1010F4FF0D1
:100D3000000001D0302103E0F24305E02154401CC3
:100D4000B042FBDB30460022002121540B99C1F850
:100D50000880C1E900200FB0BDE8F08FBD1B6D1CFD
:100D6000DEE74A4600DA694206A800F099FD06ABC4
:100D700093E8070003AB83E8070050460A9901F0A7
:100D8000A2FB8DE80700A0F500501F3800900398E3
:100D9000002D0ADD42F21F014A460844002303A940
:100DA0000390684601F04EFE09E0A0F500504A4667
:100DB0001F38002303A90390684601F06DFE8DE8FB
:100DC00007000004000C03D04FF0FF30410800E0A2
:100DD0001046B8F1000F03D00022009215461EE025
:100DE000751E05D400F0C4FA303262556D1EF9D577
:100DF000B3460122084302D000227F1C04E0207881
:100E0000302801D100227F1E002A099784D01DE0DE
:100E1000112D07DA00F0ACFA303262556D1C50EA41
:100E20000102F5D1084302D00098C8B10EE00021BC
:100E3000681E05E0235C625C63542254401E491C1A
:100E40008142F7DBAB46A81B401E0990002004F846
:100E50000B000B98099AC0F80880C0E9002B7AE7CC
:100E600011264FF0000857E72DE9F04F8846044659
:100E7000D21D22F0070191B0D1E90001CDE90A01AC
:100E800006F08BF902460B98C00F01D02D2007E029
:100E90002068810701D52B2002E0202101EAC00053
:100EA000032A099001D0072A05DB03464146204664
:100EB00000F0ACFA0BE12078800601D5E06900E093
:100EC0000620B8F1650F814606D0B8F1660F18D03C
:100ED000B8F1670F70D131E00020B9F1110F009027
:100EE00001DB112301E009F101030AAA01A90CA801
:100EF000FFF7E2FEDDE90C70002609F101058346EB
:100F000047E001204B4600904FF000470AAA01A994
:100F10000CA8FFF7D1FEDDE90DB00C995D46002667
:100F200010B909F101000D18B9EB050003D4C0F1A7
:100F3000FF3609F10105A5EB09002BE0B9F1010F1E
:100F400001DA4FF001090020B9F1110F0090484675
:100F500001DD112300E003460AAA01A90CA8FFF74E
:100F6000ABFEDDE90C704D46002683462078000775
:100F70000AD4AB4500DA5D4601A8012D04DD411914
:100F800011F8011C302907D04F4502DA17F1040F80
:100F900004DA012082460FE06D1EEEE7002F02DC2E
:100FA000ED1B3E4403E0781CA84200DD7D1CB81B0D
:100FB00000F1010A4FF000472078000703D4AA454A
:100FC00001DB4FF0FF3A0021B7F1004F0DF143086C
:100FD0008DF8431024D002202B23002F01DA7F420A
:100FE0002D230A21021EA0F1010000DC5FB197FB56
:100FF000F1FC97FBF1F201FB1C7C17460CF1300C65
:1010000008F801CDEEE7A8F1010003702188090579
:1010100001D5452100E06521A0F1010800F8011C7F
:1010200009980FA9A1EB0807FF1D00B10120411984
:1010300001EBEA70A1693844081A401EA0612078CB
:10104000C00602D42046AFF30080099828B1D4E945
:1010500001219047206A401C20622078C00622D5DA
:101060002046AFF300801EE0002E04DBB34502DD16
:1010700001A8805D00E03020D4E901219047206A7A
:10108000401C2062761CAAF101005FEA000A0AD126
:1010900000F050F9C0680168405CD4E90121904734
:1010A000206A401C2062281EA5F10105DCDC07E057
:1010B000D4E9012118F8010B9047206A401C2062F6
:1010C000381EA7F10107F3DC2046AFF300800320B0
:1010D00011B041E601694A1C02610878704700B509
:1010E0008FB0CDE901310021059105497944CDE961
:1010F000031011466846FFF73BFA0FB000BD000031
:10110000E5FFFFFF0A6802F8010B0A607047D1E9AA
:1011100000239A4202D2531C0B601070704710B526
:10112000436913B1AFF3008001E0FFF78FF90120AD
:1011300010BD127800F124010A7000224A700122C9
:10114000EDE711684FF0FF32E9E73A2800D2303876
:1011500020F02002412A01D3A2F13700884201D3B6
:101160004FF0FF30704700000268114413780160AF
:1011700018467047D1600549794451610449794462
:10118000116200211161114600F080B9EDFFFFFFEF
:1011900079020000426842B1016811F8013B23B1B5
:1011A000521EC0E90012184670470121C160881E16
:1011B000704742685AB1C368016843B983688B427B
:1011C00005D0491E521CC0E90012002070474FF0A4
:1011D000FF3070470FB4002300B589B00CA900910F
:1011E0000B99CB60214B7B440693214B7B440793A7
:1011F00004236FF00042CDE901321E4A7A446B4667
:1012000008920246002008F0C6FB09B05DF814FB06
:1012100070B506464FF0FF3015460C46324686B094
:101220000091CDE9010169460020049004A8FFF770
:10123000D1FF02460498211825B108B1084600E004
:1012400020462860049800280DD0002A02DD00986E
:10125000884208D03246081B69460094CDE9010453
:1012600004A8FFF7B7FF06B070BD0000ABFFFFFF9B
:10127000C3FFFFFFFB0100002DE9F04791460F4639
:1012800080460446002614F8015B2DB1FFF72AFCC6
:101290000068405DC007F6D12B2D02D02D2D18D04F
:1012A000641E4A463946204600F0AAFA27B139683A
:1012B000A14201D1C7F800804FF0020471050BD59F
:1012C0004042002803DDFFF719FC0460A007BDE8D9
:1012D000F08746F48066E4E70028F8DAFFF70EFCB2
:1012E00004606FF00040F2E72DE9F04115460E462C
:1012F000040002D12C6804B90BA4204600F059FB6D
:101300000444207870B127463146384600F041FB4E
:101310000444207810B1002004F8010B38462C60FA
:10132000BDE8F0810027F9E70000000000487047A1
:10133000F02A002000487047102B00200346406828
:101340008C46002818BF88423CBF03464068F8D34B
:1013500018681844884207D00CF1030020F00700F9
:10136000001D411A521A0146081D0A60FFF718BCF9
:1013700030B5B0F10A024FEA900E71F100034EEA67
:10138000817EB0EB0E0061EB91014FEA101E4EEA38
:10139000017E10EB0E0041EB11114FEA102E4EEAC8
:1013A000016E10EB0E0041EB11214FEA104E4EEA98
:1013B000014E10EB0E0041EB1141401841F10001CC
:1013C0004FEAD00040EA41704FEAD10110EB8005AE
:1013D0004FEA810444EA907444EB01046D1944EB34
:1013E0000404521BA3414FF0000348BF0A3200D54A
:1013F00030BD401C41F1000130BD10B50446FFF77F
:1014000071FB0068005D00F0010010BD2DE9F041A6
:101410001F46044603260168072A01F4006004DB26
:1014200008B116A505E016A503E008B115A500E072
:1014300015A521F010002060A069C01EA0610FB1A9
:10144000401EA0612046AFF300804FB1D4E90121D6
:1014500038469047206A401C2062C01C206206E08B
:10146000206AFAE7D4E9012115F8010B9047761EAE
:10147000F8D22046AFF30080BDE8F0814E414E0027
:101480006E616E00494E4600696E66002DE9F34FAD
:101490004FF0000A0C4656468DB001200C9001F129
:1014A0000C000B9062690B9801219047051E2DD00E
:1014B000252D2CD0216A8847C0B162690B98012183
:1014C0009047216A88470028F7D16269411E0B982E
:1014D000904700E0761CA1690D988847216A8847EB
:1014E0000028F7D1E1690D988847DBE7A1690D98DD
:1014F0008847A842074601D1761CD3E7E1690D98D9
:1015000088477F1C02D1BAF1000F6FD06BE162698E
:101510000B9800273D46394690472A2804D1626936
:101520000B98012190470125DFF8D08262690B9862
:1015300001219047A0F130010A290AD24745E5DC94
:1015400007EB870100EB4107303FDFD445F0100582
:10155000ECE7E90601D46FF000476C280AD04C286C
:1015600014D0682815D06A280DD074281CD07A2889
:101570001AD01DE062690B98012190476C2802D0B7
:1015800045F0040514E045F002050DE045F02005A6
:101590000AE062690B9801219047682802D045F063
:1015A000080505E045F4006562690B980121904744
:1015B000C4E9015765283DD019DC58287AD00CDCE5
:1015C000452837D004DC252826D041289ED131E09B
:1015D00046282FD0472899D12CE05B2877D0612866
:1015E00028D063287CD0642823D15AE0F6E06F2805
:1015F00048D008DC66281DD067281BD0692821D078
:101600006E2816D127E0702845D0732868D0752839
:1016100047D078280DD14DE0A1690D98884725283D
:1016200005463FF469AFE1690D9888476D1C3FF4AA
:101630006AAFD8E00D9923466A466FF0010008F0C2
:10164000AAF9C5E045F0400023464FF00002606073
:10165000A80736D43EE0E8077FF447AF2068011DB5
:1016600021600068290501D506701BE7290701D50F
:10167000068017E7A90703D5F117C0E9006111E754
:1016800006600FE745F0400023464FF00802606017
:10169000A80716D41EE040F60E0125EA010060609E
:1016A00016E045F0400023464FF00A026060A807AC
:1016B00007D40FE045F040006060A80708D5234636
:1016C00010220D996FF00100AFF3008080E007E079
:1016D000102223460D996FF00100FEF7EFFF77E02F
:1016E0004FF0000963284F46C8464B46CB4602D010
:1016F0005B2806D038E0E80601D40120A06001276D
:1017000032E06269D4F80CB00B98012190475E2852
:1017100007D14FF0010949466269D4F80CB00B9823
:101720009047216939B900210A4603AB43F82120CB
:10173000491C0829FADBD8B3216949B308F101082B
:1017400062690B98012190475D28F4D1B9F1000F2F
:1017500009D0002003A951F82020D24341F82020CD
:10176000401C0828F7DB03AB2069002820794FEAEA
:1017700040701ED05B462246CDF80080CDE901972F
:101780000D9900286FF0010020DAAFF300801FE010
:10179000C11703AA00EBD1614B1121F01F0102EB2D
:1017A0008302411A13680120884003431360C7E78E
:1017B00019E00D99224600286FF00100009702DA27
:1017C000AFF3008004E0AFF3008001E0AFF30080EE
:1017D00000280ADA401C06D10C9820B14FF0FF30E7
:1017E0000FB0BDE8F08F5046FAE7E90701D10AF1E2
:1017F000010A064400200C9054E60000CCCCCC0C2E
:101800002DE9F05F824615468B4600270AF1010458
:10181000B9460078302801D09DB113E014F8010BCF
:101820000127782803D0582801D045B10AE00DB12E
:10183000102D07D1002714F8010B102502E0082510
:1018400000E00A250026B0460EE005FB080005FB77
:1018500006F101271FFA80F801EB1046B6F5803F2C
:1018600000D3B94614F8010B2946FFF76EFC002897
:10187000EBDABBF1000F05D00FB1641E00E0544657
:10188000CBF80040B9F1000F06D0FFF737F902217D
:101890000160C81EBDE8F09F48EA0640FAE7000074
:1018A0002DE9F047814616468AB0354878440DC880
:1018B0008DE80D0032487844801C03AC0DC884E8E4
:1018C0000D0041F69B300844372190FBF1F290FB6C
:1018D000F1F5A5F1800501FB12041B3C02D5644221
:1018E000012000E00020DFF898A080460027FA449D
:1018F000AAF1BE0A0EE0E0070AD03246684607EBBE
:10190000470101230AEB810101F0C6F88DE80700C9
:1019100064107F1C002CEED1194F7F44AE3F19E0BC
:10192000E80715D007EB04100DF1180A90E80E0037
:101930008AE80E00C068F04201D19819089032463A
:10194000012306A903A801F0A7F803AB83E8070069
:101950006D10641C002DE3D14FF00103324669463F
:10196000B8F1000F03A802D001F06CF801E001F01B
:1019700093F8C9E90001C9F808200AB0BDE8F0876A
:101980006C82000010B500F0D3FABDE8104000F002
:10199000CABA30B503461D781DB10A4603E0AC4211
:1019A00001D1181A30BD12F8014B002CF7D15B1C85
:1019B000F1E730B503461D783DB10A4612F8014BF8
:1019C0001CB1AC42FAD15B1CF5E7181A30BD704768
:1019D0007546FFF7ABFCAE4605006946534620F05E
:1019E0000700854618B020B5FEF74AFCBDE8204048
:1019F0004FF000064FF000074FF000084FF0000BCB
:101A000021F00701AC46ACE8C009ACE8C009ACE87D
:101A1000C009ACE8C0098D46704700002DE9FF4FB2
:101A200006468BB00878FF2806D0491C2D2805D023
:101A300000244FF0000908E000200CE00124F8E742
:101A400009EB8903491C00EB43090878FF28F7D10B
:101A500014B1C9F100008146107800252C46AA4631
:101A600029462D2801D02B2804D1521C2D2813D013
:101A7000002082468B461078FF280FD04FF0000CD4
:101A80000A21521CA5FB017804FB018105FB0C1106
:101A9000C5194BEB0104EEE70120EAE700210846F7
:101AA0004FF00000BAF1000F02D000EB80004008B8
:101AB000C0F38157012F01DD4FF0FF370E9955EA32
:101AC000040009EB01080BD04FF0020918F5FA7F6A
:101AD00016DA4FEACA70002F706008DD012007E0B7
:101AE0004FEACA70C6E900B00FB0BDE8F08F002021
:101AF0003060FFF703F8C0F800901821084616E0A0
:101B0000B8F5FA7F18DD002F02DAF748784401E0D3
:101B1000F6487844D0E90010C6E9001040EACA70DF
:101B20007060FEF7EBFFC0F80090142108460FB07C
:101B3000BDE8F04F07F0CABE002108464FF0000094
:101B4000B8F10001099002DAC7F1000200E03A465C
:101B500001DAC8F1000106A8FFF7A2FE06AB93E880
:101B6000070003AB83E8070044F23E005BEA040190
:101B70000090584604D144F21E012C465D46009167
:101B8000210C0904014306D10099240444EA1544B8
:101B90002D041039009104F07F41014306D10099D2
:101BA000240244EA15642D020839009104F07041C2
:101BB000014306D10099240144EA15742D01091F3F
:101BC000009104F04041014306D10099A40044EA89
:101BD0009574AD00891E009104F00041084304D1C2
:101BE00000986D196441401E00904FF001033A4681
:101BF0006846B8F1000FCDE9014503A902DD00F008
:101C000060FF01E000F033FFBAF1000F04460D461B
:101C100001D084F00044002108464FF000000999EB
:101C200040F2FF77484010F00C0F07D124F000403D
:101C3000284303D0C4F30A50B84212D1FEF75EFF26
:101C4000C0F80090C4F30A50B8420AD1A8487844BA
:101C5000D0E90010C6E9001004F0004108437060AC
:101C600042E7C6E900543FE72DE9FF4F1F464FF01A
:101C7000000A4FF0FF38454691B0D7E90146CDF84C
:101C80003CA0FFF757FBC0680168405C1090B96941
:101C900012986D1C8847396A814688470028F6D11A
:101CA000B9F1FF3F0AD0002E24F4D06411DDB9F160
:101CB0002B0F08D0B9F12D0F0BD102E0404615B023
:101CC00013E744F48064B96912986D1C8847761E46
:101CD0008146600504A901D52D2000E02B20002EAF
:101CE00001F1010B0DF130088DF810003FDDB9F165
:101CF000690F08D0B9F1490F05D0B9F16E0F02D0C4
:101D0000B9F14E0F1CD13B4601A8009580E8500266
:101D1000DDE912126FF0020007F041FEC11CCED1C6
:101D20000EE0B96912986D1C884781461398761E9B
:101D300044F4007405600F98401C002E0F9016DDCF
:101D4000B9F1300FEDD0B9F1780F02D0B9F1580FD9
:101D50000DD10F9801280AD13B46CDE90054DDE9A9
:101D60001212001F029607F018FEC11CA7D110998D
:101D700089453ED144F0800406E01399681CAAF11D
:101D8000010A44F400740860B9696D1C1298761E4B
:101D9000884730288146F0D02BE01099894505D13D
:101DA000200603D4761E44F0800418E0484605F06F
:101DB0009EFA08B3761E0DF123018B4544F400749E
:101DC00008D2A9F130000BF8010B200607D5AAF1C3
:101DD000010003E0200602D40AF101008246A005BA
:101DE00002D51399681C0860B96912986D1C884760
:101DF0008146002ED1DC53E0002E51DDB9F1650F94
:101E000002D0B9F1450F4BD1A00549D5B9696D1C78
:101E10001298761E24F440748847002E81460CDD0B
:101E20002B2804D0B9F12D0F07D144F48074B9697F
:101E300012986D1C8847761E8146E00501D52D213C
:101E400000E02B2108F8011BCDF8008021E0761E70
:101E50000DF13901884544F400740CD2A9F1300029
:101E600010F0FF0088F8000002D10099884509D9D8
:101E700008F1010806E0E00501D51E4801E042F244
:101E80000F708246B96912986D1C88478146139875
:101E90000560002E04DD484605F029FA0028D6D159
:101EA000F96912988847FF2053468BF8000088F89C
:101EB000000000200A900B9004AA0CA90AA8FFF7C2
:101EC000ADFDA00502D46FF00100F8E614F0240F78
:101ED00012D0E0071CD13868DDE90A12031D3B600F
:101EE0000068C0E9001213E0E8820000DA82000016
:101EF0009E810000F1D8FFFF0AA9684605F086F927
:101F0000E00705D13868009A011D39600068026059
:101F10002846D4E610B50446AFF300802046BDE85D
:101F20001040FEF74DB9002801D000F069B87047A5
:101F300010B5012805D0002103A000F067F80120AA
:101F400010BD09A1F8E7000053494752544D454DD3
:101F50003A204F7574206F662068656170206D654A
:101F60006D6F7279000000003A2048656170206D45
:101F7000656D6F727920636F72727570746564003D
:101F80004FF0013C50F8042B51F8043B9A4221D108
:101F9000A2EB0C03934313EACC1317D150F8042B94
:101FA00051F8043B9A4215D1A2EB0C03934313EA78
:101FB000CC130BD150F8042B51F8043B9A4209D1B1
:101FC000A2EB0C03934313EACC13DBD04FF00000D9
:101FD000704700BFD01A01BAB1FA81F101F01801BF
:101FE00022FA01F0CB40C1F12001DBB2C0B2C01A2D
:101FF0002CFA01F3D11A914311EAC311E6D17047CB
:1020000001491820ABBEFEE72600020070B5054668
:102010000C460A2000E06D1C00F011F835B128785C
:102020000028F8D102E0641C00F009F814B120780F
:102030000028F8D1BDE870400A20AFF3008008B551
:1020400069468DF800000320ABBE08BD2DE9FF4FA7
:102050001F464FF03C0987B04FF00042DDE91410F5
:1020600001F10108DDF858A002EA40500390002079
:1020700005908346054604460490B969461E0898B3
:102080008847AAF1010A0290BAF1000F3BDD0298DD
:102090002E2815D01021FFF758F800282EDB4FF01E
:1020A000010B0599014317D0B9F1000F0BDB4A462C
:1020B000C11700F0F5F905430C43A9F1040905E047
:1020C000012004900BE008B145F0010501200590C6
:1020D000049820B9361D02E0049800B1361FB96992
:1020E000089808F101088847BBF1000FAAF1010A1E
:1020F0000290C9D00999C1F80080C5E702987028FC
:1021000008D0502806D0F96908988847BBF1000F1D
:1021100014D04FE0002002900120BBF1000F04908A
:1021200009D0B969089808F101088847AAF101099E
:10213000B9F1000F07DCF969089888476FF00100D2
:102140000BB0BDE8F08F2B2804D02D280CD14FF018
:10215000FF300490B969089808F101088847A9F18F
:102160000109B9F1000FE6DD411CE4D00A21FEF7B8
:10217000ECFF0028DFDB029908F1010801EB810187
:1021800000EB41000290B969089888470A21FEF7E0
:10219000DCFF099AA9F10109B9F1000FC2F800802A
:1021A00001DD0028E7DAF969089888470499029860
:1021B00000FB016655EA040004D004F04041090028
:1021C00002D006E0039898E0A40044EA9574AD00BC
:1021D000B61E04F00041080002D16D196441761E5C
:1021E000159810F0240F03D04FF00B095C4803E062
:1021F0004FF028096FF07D008246564507DAAAEBBA
:1022000006018944B9F1410F01DD4FF04109012078
:102210000021A9F1010200F043F9024628400B46D3
:102220002140084301D0012100E00021501E02910D
:1022300043F1FF3128402140084301D0012000E054
:1022400000200299834651EA0B014FD00021084635
:102250004FF00000039900F4400039B100EB80001A
:102260004FF4400100EBD07001EA600080150128B6
:1022700002DD4FF0FF3000E013D0401C36D0029852
:1022800060B3BBF1000F0CD14A460120002100F0E1
:1022900007F928402140084301D0012000E0002038
:1022A000E0B101204A46002100F0FAF80346401947
:1022B0000A4661412D1A8C4111D3B9F1400F09DD55
:1022C000159810F0240F02D0AAF1340603E0AAF109
:1022D000170600E0761C00254FF0004406E05B1E68
:1022E00042F1FF3220EA030521EA0204CAF10100AB
:1022F000B04206DA1B490398084301900020009081
:102300000EE0039AC4F3D321E80A0A43164940EACF
:1023100044500A433146CDE90002684604F0DCFF30
:10232000159810F0240F0BD01598C00715D13868F8
:10233000DDE90012031D3B600068C0E900120CE0FB
:1023400002A8694604F062FF1598C00705D13868F5
:10235000029A011D3960006802604046F0E6000004
:1023600002FCFFFF0000F07F0000F03F2DE9FF4F6F
:1023700092461D4685B04FF00041DDE9124BDDE984
:1023800014727F1E01EA4B50414940F0FF4940EA78
:102390000108002122F020004928049102D04E2893
:1023A00028D04CE03BA0012607C88DE80700A969AA
:1023B0000698641C88477F1E014606D41DF8060057
:1023C00018B121F0200181420BD0E96906988847B5
:1023D000032E34D0082E32D06FF0010009B0BDE8D2
:1023E000F08F761C032E01D0082EE0D1601CCAF8B5
:1023F0000000DCE7A9690698641C88477F1E2AD480
:1024000020F02000412826D1A9690698641C88473D
:102410007F1E20D420F020004E281CD1A9690698E8
:10242000641C88477F1E48F4002849F48009CAF8D4
:10243000004001D4282806D0E969069888475FEA59
:10244000CB7012D022E0A9690698641C88477F1ED1
:1024500001D4002803DAE96906988847BCE72928EF
:10246000F1D1641CCAF80040E9E71BF0240F07D043
:1024700028680499031D2B600068C0E9001805E076
:102480002868021D2A600068C0F800902046A5E771
:102490000000F07F494E46494E4954590000000063
:1024A000B2F120030AD5C2F1200301FA02F120FAA9
:1024B00003F300FA02F041EA0301704700FA03F166
:1024C0004FF0000070475FEA400C08BF91F0000F2A
:1024D0004FEA8C234FEAC12243EA51514FEA1C5084
:1024E00018BF00F5F0404FEA300018BF41F000413E
:1024F0005FEA6C5C00F02980BCF1FF3F08BF40F050
:1025000080407047130C06BF12044FF0100C4FF0C0
:10251000000C130E04BF12020CF1080C130F04BFC1
:1025200012010CF1040C930F04BF92000CF1020C89
:10253000D30F04BF52000CF1010C11464FF0000202
:10254000A0F11F00A0EB0C00704711F0004F08BF76
:10255000704731F000413FF4D5AF0B0C06BF0904C2
:102560004FF0100C4FF0000C0B0E04BF09020CF1E1
:10257000080C0B0F04BF09010CF1040C8B0F04BFF6
:1025800089000CF1020CCB0F04BF49000CF1010CC7
:10259000CCF12003A0EB0C0022FA03F302FA0CF2B8
:1025A00041EA030100F10100704720F07F4C80EA0E
:1025B000030023F07F47ACEB070303F57C5300F0E7
:1025C000004003F1FF032DE980494FEA154B09B4A0
:1025D0004FEA144325EA0B4E24EA03480FF204267F
:1025E00006EB132749083E785FEA320203FB0667D1
:1025F000C7F5000707FB06F64FEA54374FEAD64601
:1026000006F1020607FB066CCCF1005C4FEA1C47A2
:102610002CEA074C07FB06F40CFB06F504EB154609
:102620004FEA961634BF00204FF000404FEAD137F2
:1026300006FB07FC4FEA1C4C0CFB0BF7D21B03FB01
:102640000CF761EB07010CFB0EF7B0EB074072EBE8
:1026500017420CFB08F734BFA2EB0742B2EB07426C
:1026600061EB17414FEA0C444FEA910706FB07FC68
:102670004FEA1C4C0CFB0BF7B0EBC74072EB573228
:1026800003FB0CF734BFA2EBC742B2EBC74261EBCE
:1026900057310CFB0EF7B0EBC70072EB57720CFB17
:1026A00008F734BFA2EBC702B2EBC70261EB577168
:1026B000039F4FEA816141EA921104EBCC044FEA97
:1026C000D1374FEA826206FB07FC42EA90124FEADA
:1026D00080604FEA1C4C0CFB0BF7D21B03FB0CF782
:1026E00061EB07010CFB0EF7B0EB074072EB1742F2
:1026F0000CFB08F734BFA2EB0742B2EB074261EBD9
:1027000017414FEA8C554FEA910704EB9C2406FBD6
:1027100007FC4FEA1C4C0CFB0BF7B0EBC74072EB0D
:10272000573203FB0CF734BFA2EBC742B2EBC742F0
:1027300061EB57310CFB0EF7B0EBC70072EB577231
:102740000CFB08F734BFA2EBC702B2EBC70261EB88
:10275000577115EB4C254FEA816141EA92114FEA1E
:1027600082624FEAD13742EA901206FB07FC44F13D
:1027700000044FEA80604FEA1C4C0CFB0BF7D21BA5
:1027800003FB0CF761EB07010CFB0EF7B0EB074006
:1027900072EB17420CFB08F734BFA2EB0742B2EB17
:1027A000074261EB174115EB1C154FEA813141EAF5
:1027B00092414FEA823242EA90424FEA80304FEA39
:1027C0000C7644F1000448EA03434EEA0B484FF00C
:1027D000000EB2EB080C71EB030724BF62463946CA
:1027E0004EEB0E0E4FF0000B0018524149414BEBDF
:1027F0000B0BB2EB080C71EB03077BF1000B24BF52
:10280000624639464EEB0E0E4FF0000B0018524157
:1028100049414BEB0B0BB2EB080C71EB03077BF15F
:10282000000B24BF624639464EEB0E0E51EA0207FA
:1028300018BF46F0010616EB0E7655F1000254F172
:10284000000103D5BDE88901BDE80088BDE8890124
:10285000BDE80048B619524141EB0101A3F1010363
:10286000704780807F7E7D7C7B7A797877767675FD
:102870007473727171706F6E6E6D6C6C6B6A6A6975
:102880006868676666656464636362616160605F0F
:102890005F5E5E5D5D5C5C5B5B5A5A595958585788
:1028A00057565655555554545353525252515150F0
:1028B00050504F4F4F4E4E4D4D4D4C4C4C4B4B4B43
:1028C0004A4A4A4949494848484747474746464689
:1028D00045454544444444434343434242424241C4
:1028E0004141000046EA0646A3F570534FEA1646FA
:1028F00046EA42564FEAD22242EA415210B54FEA26
:10290000D121A3F1010300F02FF820F0004000F1E5
:10291000020C00F0004701EB00501146BCF5006FBF
:1029200040EA070000D210BDBAF1000F0AD01CB572
:1029300003B44FF004004FF004014FF000000FBC4F
:10294000BDE810404FF00001BBF1010FB9BF0448D2
:102950004FF0FF310348002140EA070010BD00BFDF
:10296000FFFFEF7F0000F07F002B9C4630D4770004
:102970002BD01CB54FEA370703B44FF010004FF0CF
:102980001001BAF1000F06D0BCF1000FDCBF40F01F
:10299000080040F008014FF000000FBCBDE81040F7
:1029A0000BF1010BBBF1010F08BF5FEA170722BF54
:1029B00012F1010211F101014FF0004143F1000356
:1029C00000F0004043EA00007047F9D35708D0E711
:1029D00046EA064613F1400F4FEA16461FDD13F193
:1029E000200FDFBF16430A46002120335B42BED0D2
:1029F000C3F1200746EA064602FA07F74FEA1646F1
:102A000046EA0706C3F1200722FA03F201FA07F7A4
:102A100021FA03F14FF0000342EA0702A7E746EA72
:102A2000020646EA06464FEA164646EA0106BCBFDB
:102A300046EA0646360C4FF000034FF000024FF016
:102A4000000194E72DE9804C9A46934670B491E8D2
:102A5000380007C831EA400C48BF34EA430C03D5BC
:102A6000FFF7A3FDFFF780FFF0BCBDE8008C2DE968
:102A7000804C9A46934670B491E8380007C831EA12
:102A8000400C48BF34EA430C03D5FFF78EFDFFF737
:102A900029FFF0BCBDE8008C2DE9804C9A46934696
:102AA00070B491E8380007C810F0804F08BF13F0E9
:102AB000804F03D100F01AF8FFF756FFF0BCBDE8D5
:102AC000008C2DE9804C9A46934670B491E838000A
:102AD00007C810F0804F08BF13F0804F03D100F0FB
:102AE00005F8FFF7FFFEF0BCBDE8008C20F07F4743
:102AF00080EA030023F07F4C07EB0C03A3F57C5323
:102B000000F00040A3F1FE0392F0000F00F0B3804C
:102B100095F0000F00F077802DE901494FEA114050
:102B20004FEA144621EA004800FB06FC24EA064767
:102B300008FB06F607FB08F800FB07F718EB06484A
:102B40004CEB164C4FEA124B18EB07484FEA154670
:102B50004CEB174022EA0B4E0BFB06FC25EA06471E
:102B60000EFB06F607FB0EFE0BFB07F71EEB064EF1
:102B70004CEB164C4FF000061EEB074E4CEB174B80
:102B800018EB0B0840F1000018EB0E0B58EB000897
:102B900040F100008F1A4FF000013CBFC943661B93
:102BA00014BFB5EB040C00213CBFC943F61B4FEA30
:102BB00017444EEA8E0E27EA04454FEA1C4704FBF1
:102BC00007622CEA074C05FB07F70CFB05F604FB34
:102BD0000CFC16EB074642EB174216EB0C4642EB99
:102BE0001C421BEB060658EB0202414146EA9E06D8
:102BF00001D5BDE80189B619524141EB0101A3F1AC
:102C00000103BDE801894FEA14454FEA114724EA60
:102C1000054621EA074C05FB07F406FB07F70CFB0A
:102C200006F105FB0CFC11EB074144EB17444FEA9E
:102C3000124711EB0C4144EB1C4422EA074C05FB04
:102C400007F206FB07F70CFB06F605FB0CFC16EB80
:102C5000074642EB174216EB0C4642EB1C456A183E
:102C600054F1000148BF7047B619524141EB0101D0
:102C7000A3F10103704795F0000F37D04FEA1142DE
:102C80004FEA144721EA024624EA074C02FB07F107
:102C900006FB07F70CFB06F402FB0CFC14EB0744E5
:102CA00041EB17414FEA154714EB0C4441EB1C4133
:102CB00025EA074C02FB07F506FB07F70CFB06F6B7
:102CC00002FB0CFC16EB074645EB174516EB0C46D2
:102CD00045EB1C42121951F1000148BF7047B6196B
:102CE000524141EB0101A3F1010370474FEA144542
:102CF0004FEA114724EA054621EA074C05FB07F194
:102D000006FB07F70CFB06F24FF0000605FB0CFC78
:102D100012EB074241EB174112EB0C4251EB1C4105
:102D200048BF7047921841EB0101A3F101037047BE
:102D3000014800F0C1B900002413002070B504461A
:102D400000688168C943C90717D1816821F0010172
:102D5000816000F067FD05460AE000BF00F062FDFB
:102D6000401B022804D920688068C043C00706D0F1
:102D700020688068C043C007F0D0002070BDA06A02
:102D800040F01000A062E06A40F00100E062012023
:102D900070BD0000F8B50026044600960068816802
:102DA000C943C9072DD0816841F0010181601648EF
:102DB00016490068B0FBF1F000E0401E00900028CA
:102DC000FBD100F02FFD054616E000BF00F02AFD04
:102DD000401B022810D920688068C043C0070BD070
:102DE000A06A40F01000A062E06A40F00100E062DA
:102DF00084F824600120F8BD20688068C043C007C3
:102E0000E4D10020F8BD0000A000002040420F00E7
:102E100010B500F057F8064800F02CFB4FF47A711B
:102E2000034800F089FABDE81040014800F041B9BC
:102E30002413002010B500F057F8064800F01AFBE4
:102E40004FF47A71034800F077FABDE8104001486A
:102E500000F02FB92413002010B500F057F80648F1
:102E600000F008FB4FF47A71034800F065FABDE802
:102E70001040014800F01DB92413002010B500F0E7
:102E800057F8064800F0F6FA4FF47A71034800F05C
:102E900053FABDE81040014800F00BB9241300209C
:102EA00010B500F057F8064800F0E4FA4FF47A71D4
:102EB000034800F041FABDE81040014800F0F9B8BD
:102EC000241300200EB50020009001200190052061
:102ED00002906946034800F06DF8002801D000F028
:102EE00064F80EBD241300200EB5072000900120C9
:102EF0000190052002906946034800F05BF8002825
:102F000001D000F052F80EBD241300200EB50820A9
:102F1000009001200190052002906946034800F0CE
:102F200049F8002801D000F040F80EBD241300201D
:102F30000EB50920009001200190052002906946FD
:102F4000034800F037F8002801D000F02EF80EBD3D
:102F5000241300200EB5012000900190052002905E
:102F60006946044800F026F8002801D000F01DF85A
:102F70000EBD000024130020FEE70000084810B535
:102F8000007828B101231A460549064801F08CFE55
:102F9000BDE8104001220249024801F035BE0000A0
:102FA0005C00002010140020704700F0F9FC72B69D
:102FB000FEE77047F8B50024009490F824202546D9
:102FC000012A12D0012280F824204A681F23072AF0
:102FD0000DD20668776B521E02EB820293409F432C
:102FE0000B6893401F43776319E00220F8BD066821
:102FF0000D2A0AD2376BD21F02EB820293409F4305
:103000000B6893401F43376309E0F76A0D3A02EB00
:10301000820293409F430B6893401F43F7620A6804
:10302000072306680A2A0AD3F7680A3A02EB420223
:1030300093409F438B6893401F43F76008E03769D4
:1030400002EB420293409F438B6893401F433761DA
:103050000A68102A01D0112A20D1124B02689A4224
:1030600017D193681B0219D4936843F4000393604B
:103070000968102912D10C490C4A0968B1FBF2F118
:1030800001EB8101490000E0491E00910029FBD1BC
:1030900004E0816A41F020018162012480F824501B
:1030A0002046F8BD00240140A000002040420F004F
:1030B00070470068C06C704710B5044600684168EE
:1030C000890626D50168890723D5A16AC90603D4D4
:1030D000A16A41F40071A1628168C1F342410729EC
:1030E00010D1217B71B9416821F020014160A06AB3
:1030F00020F48070A062A06AC00403D4A06A40F0EB
:103100000100A0622046FFF7D3FF21686FF0120094
:1031100008602068416809062ED5016849072BD54B
:10312000A16AC90603D4A16A41F40051A162816871
:10313000C1F30231072909D04168490515D48168D6
:10314000C1F34241072910D1217B71B9416821F0B7
:1031500080014160A06A20F48050A062A06AC0058E
:1031600003D4A06A40F00100A0622046FFF721FFCF
:1031700021686FF00C0008602068416849060DD591
:103180000068C0070AD0A06A40F48030A0622046E0
:1031900000F094F821686FF00100086010BD000095
:1031A0002DE9F0414FF0000704003D467ED0A06AB3
:1031B000002628B9E66284F82460204600F080F8F2
:1031C0002046FFF7BBFDA16AC90600D420B1A06A62
:1031D00040F01000A06269E0A16A21F4885141F03A
:1031E0000201A1626268E169237B0A4347EA430165
:1031F0000A43A1684FF48077B94209D0012907D06A
:103200005FF0000194F814C0BCF1010F02D00AE095
:103210003946F7E7F3B1A36A43F02003A362E36AF8
:1032200043F00103E3622368D3F804C02CF4694C33
:103230004CEA010CC3F804C021688B68DFF870C049
:1032400003EA0C0313438B60A168B9420BD0012938
:1032500009D00CE0DFF85CC0A3690CEB43330B43EF
:1032600043F40061DFE7218A0D05A5F5801521688B
:10327000CB6A23F470032B43CB62216889680E4B21
:103280001940914208D1E662A16A21F0020141F0A1
:103290000101A162BDE8F081A06A20F0020040F0C7
:1032A0001000A062E06A40F00100E0620120F1E756
:1032B000FDF7E1FF00E0FFFFFE0E1FFF704700007B
:1032C00010B586B000210091019102910391006830
:1032D0001549884226D11548816941F40071816100
:1032E000816901F400710491816941F004018161F7
:1032F000816901F004010491816941F00801816153
:103300008069032400F008000490B320CDE9000494
:103310006946074800F090F9009469460548019411
:1033200000F08AF906B010BD0024014000100240F0
:1033300000080140000C01402DE9F84300270D462C
:103340000446009700F06EFA804620688168C9053F
:1033500008D5A06A40F02000A06284F82470012003
:10336000BDE8F8834168C90503D4C06A10F4700F42
:103370002AD0022000F026FB3B490968B1FBF0F699
:103380002068036939490B424FEA61014FEAA112F3
:103390001FD1C3684FEA611C13EA0C0F19D10369EE
:1033A0000B4225D1C068104222D1142023E0681CB2
:1033B0000AD02DB100F036FAA0EB0800A84203D9DC
:1033C00020680068800725D5206800688007EED552
:1033D0002DE003690B4202D1C168114206D0026997
:1033E00023490A4206D1C068084203D1542002E0B2
:1033F000292000E0FC204643009816E0681C11D00C
:103400002DB100F00FFAA0EB0800A8420AD90098ED
:10341000B04207D2A06A40F00400A06284F8247091
:1034200003209DE70098401C0090B042E6D321683D
:103430006FF012000860A06A40F40070A06220687B
:103440008068C0F3424007280CD1207B50B9A06AA5
:1034500020F48070A062A06AC00403D4A06A40F087
:103460000100A06200207BE7A000002024499224F4
:103470004992240070B5044690F8240001280DD02C
:10348000012084F824002046FFF784FC02004FF05E
:10349000000005D084F82400104670BD022070BDE5
:1034A000A16A40F20123994341F48071A1621F4D4A
:1034B00023681F49AB4218D10E6816F4702F14D040
:1034C000A66A46F48016A6620E68760505D5A66A39
:1034D00026F4005646F48056A662A66AF6040AD57B
:1034E000E66A26F00606E66206E0A66A26F480167C
:1034F000A6625E68E9E7E06284F824006FF00200EB
:10350000186020688368C3F34243072B05D1A842A3
:1035100008D1096811F4702F04D0816841F480113A
:103520008160B9E7816841F4A001F9E70028014012
:103530000424014010B590F821100022022905D082
:103540000421816380F82020012010BD01680B68F0
:1035500023F00E030B6001680B6823F001030B607E
:1035600090F84030C46B012101FA03F3636080F8E6
:10357000211080F82020104610BD000010B590F8F2
:1035800021100024022903D00421816301243DE09D
:1035900001680A6822F00E020A6001680A6822F0D7
:1035A00001020A601A4A0168914201D1012121E019
:1035B000174A1432914201D110211BE0144A2832DB
:1035C000914201D1891515E0114A3C32914201D155
:1035D00089140FE00E4A5032914202D14FF48031EB
:1035E00008E00B4A6432914202D14FF4801101E0AD
:1035F0004FF08071064A083A5160012180F821108D
:10360000002180F82010416B01B18847204610BD91
:103610000800024070B5044600F004F90546601C3D
:1036200002D004480078044400F0FCF8401BA0429B
:10363000FAD370BD940000202DE9F84FDFF8B8915F
:10364000002409F1040A0AF1040B23460F270BF1A9
:10365000040EC9E00125A5402A40AA427DD1674E4B
:10366000D1F804C0ACEB0608B44532D014DCBCF190
:10367000030F3AD009DCBCF1000F2AD0BCF1010FD6
:103680001CD0BCF1020F31D11DE0BCF1110F17D0DD
:10369000BCF1120F2AD119E0B8F5881F19D006DC49
:1036A000B8F5803F15D0B8F5801F1FD111E0B8F5EF
:1036B000001F0ED0B8F5041F18D10AE0CB6815E042
:1036C000CB681B1D12E0CB6808330FE0CB680C33CE
:1036D0000CE08B682BB1012B4FF0080303D0456140
:1036E00004E0042302E0056100E00023FF2A01D882
:1036F000064601E000F104064FEA840501D9A5F170
:103700002005D6F8008007FA05FC28EA0C0803FA21
:1037100005F548EA0508C6F800804D68ED0062D559
:10372000374DAE6946F00106AE61AD6924F003067F
:1037300005F001050095334D06EB050CDCF808504B
:10374000A607360F07FA06F825EA0805DFF8B8805D
:10375000404503D14FF0000817E044E0DFF8AC80AB
:10376000404502D14FF001080FE0DFF8A48040454A
:1037700002D14FF0020808E0DFF89880404502D1FE
:103780004FF0030801E04FF0040808FA06F848EA91
:103790000508CCF808804D68D9F80060ED034D4667
:1037A00001D5164300E096432E604D68DAF80060BC
:1037B000AD03554601D5164300E096432E604D6893
:1037C000DBF80060ED025D4601D5164300E096434C
:1037D0002E604D68DEF80060AD02754601D51643D7
:1037E00000E096432E60641C0D682A46E5407FF495
:1037F00031AFBDE8F88F0000000401400000111057
:10380000001002400000014000080140000C01408F
:1038100000100140001401400AB101617047090421
:10382000FBE700000148806870470000940000201A
:10383000024881680278114481607047940000203A
:10384000074810B5016841F010010160032000F045
:1038500095F8002000F006F800F03EF8002010BDBA
:103860000020024000B5014687B00022192000F078
:1038700065F8192000F054F81348816941F400619B
:103880008161806905A900F400600690684600F037
:1038900009FA00F037FA0D490D4AB0FBF1F10D4875
:1038A000491E0260416040F2E7320021C0E9032175
:1038B000816000F0EAFE10B1012007B000BD0548AC
:1038C00000F012FFF9E700000010024040420F0034
:1038D000002C0140981400200F4808B5816941F080
:1038E00001018161816901F001010091C16941F02B
:1038F0008051C161C069002200F0805000900F210A
:10390000901E00F01BF80548416821F0E06141F08D
:103910000071416008BD000000100240000001403D
:10392000002809DB00F01F020121914040098000BE
:1039300000F1E020C0F8001170470000F0B40E4B19
:103940001B680C46C3F30223C3F10705042D00D9FD
:103950000425191D072901D2002300E0DB1E0126E2
:1039600006FA05F1491E214099409E40761E1640F8
:103970003143F0BC03F025BC0CED00E0064900F03B
:10398000070208684FF6FF03184040EA0220034A86
:1039900010430860704700000CED00E00000FA05DD
:1039A000BFF34F8F05480168054A01F4E0611143F8
:1039B0000160BFF34F8F00BFFDE700000CED00E09A
:1039C0000400FA0510B529A401461DCC86B08DE887
:1039D0001D002AA02A4C006804900020012923D051
:1039E00002293AD010291DD161682268D20119D567
:1039F000C1F38342C9031DF8020009D5616804AA16
:103A0000C1F34041515C1F4AB2FBF1F1484301E070
:103A10001D4948436168490204D440005FF0030136
:103A2000B0FBF1F006B010BD226AC2F301210129FA
:103A300003D1920701D5C803F4E7022905D1626AD0
:103A4000920702D549F64040ECE70329EAD1216804
:103A50008903E7D54FF22440E4E700F053F96168A9
:103A6000C1F38131491C4900DAE700000203040573
:103A7000060708090A0B0C0D0E0F101001020000BA
:103A80000010024000127A0000093D002DE9F843C1
:103A900005460078354CC00754D0E0690026C000C8
:103AA00008D4E06940F08050E061E069012600F050
:103AB000805000902E480168C90512D401688046E4
:103AC00041F480710160FFF7ADFE074605E000BFDD
:103AD000FFF7A8FEC01B642823D8D8F80000C00553
:103AE000F6D5206A10F4407021D0A98801F4407105
:103AF00081421CD0206A1F49012220F440700A60D4
:103B000000220A602062C00711D0FFF78BFE074633
:103B100041F2883808E000BFFFF784FEC11B414531
:103B200002D90320BDE8F883206A8007F4D5206A13
:103B3000696820F44070084320621EB1E06920F0FB
:103B40008050E0612878800705D56068A96820F476
:103B50004040084360602878C00605D56068E96881
:103B600020F48000084360600020DBE70010024082
:103B700000700040400442422DE9F0470F46050026
:103B800061D0434E306800F00700B84209D2306877
:103B900020F0070038433060306800F00700B8427A
:103BA00051D128683B4C810712D5400703D5606886
:103BB00040F4E06060602878000703D5606840F456
:103BC000605060606068A96820F0F00008436060A1
:103BD0002878C00728D06868012810D021680228FA
:103BE00010D0890700292EDA616821F00301014312
:103BF0006160FFF717FE804641F288390DE02168C9
:103C00008903EFE78901EDE7FFF70CFEA0EB080160
:103C1000494502D90320BDE8F0876068696800F073
:103C20000C00B0EB810FEFD1306800F00700B84214
:103C30000BD9306820F0070038433060306800F05E
:103C40000700B84201D00120E5E72878400705D5F4
:103C50006068E96820F4E060084360602878000745
:103C600006D56068296920F4605040EAC1006060B0
:103C700000F058F86168084AC1F30311515CC8406C
:103C80000649086006480068FFF7ECFD0020C2E71F
:103C90000020024000100240609A0008A0000020AE
:103CA000980000200F2202600C4A536803F00303BF
:103CB0004360536803F0F0038360536803F4E063E8
:103CC000C36052684FF4E06303EAD2020261044821
:103CD000006800F007000860704700000010024014
:103CE000002002400448054900684968044AC1F3BD
:103CF0000221515CC8407047A00000200010024023
:103D0000709A00080448054900684968044AC1F3EC
:103D1000C221515CC8407047A00000200010024042
:103D2000709A000812A185B00FC98DE80F0014A089
:103D3000144A006804905168134801F00C03042BE6
:103D400010D0082B0ED1C1F38343C9031DF8030023
:103D50000AD5516804AAC1F34041515C0A4A504354
:103D6000B0FBF1F005B0704708494843FAE700009E
:103D700002030405060708090A0B0C0D0E0F1010AC
:103D8000010200000010024000127A0000093D000C
:103D90002DE9F84F040070D02078C04DC00749D0FD
:103DA0006868C0F38100012807D06868C0F381000B
:103DB000022809D16868C00306D52868800339D570
:103DC00060680028E7D035E06068B0F5803F0BD030
:103DD00010B1B0F5A02F11D0286820F480302860F1
:103DE000286820F4802002E0286840F480302860B1
:103DF000606890B1FFF716FD06460AE0286840F4B7
:103E000080202860F0E700BFFFF70CFD801B6428CE
:103E100073D828688003F7D50CE0FFF703FD06464A
:103E200005E000BFFFF7FEFC801B6428F0D828687F
:103E30008003F7D420789A4E80074FF001094FF0A5
:103E4000000839D5686810F00C0F07D06868C0F317
:103E50008100022809D16868C00306D42868800759
:103E600014D52069012808D110E02069B0B1C6F846
:103E70000090FFF7D7FC074605E00AE1FFF7D2FC08
:103E8000C01B0228C4D828688007F7D52868616954
:103E900020F0F80040EAC10028600DE0C6F800807C
:103EA000FFF7C0FC074604E0FFF7BCFCC01B02287C
:103EB00023D828688007F7D4207800072CD57948C4
:103EC000A169D9B1C0F80090FFF7ACFC074604E047
:103ED000FFF7A8FCC01B02280FD8686A8007F7D537
:103EE00071484FF4FA510068B0FBF1F0009000BF48
:103EF0000098411E0091FAD20EE080E0C0F80080E8
:103F0000FFF790FC074604E0FFF78CFCC01B02287B
:103F100075D8686A8007F7D42078400760D5E869CB
:103F20000027C00008D4E86940F08050E861E869E3
:103F3000012700F0805000905C480168C90513D447
:103F40000168834641F480710160FFF76BFC824693
:103F500006E000BFFFF766FCA0EB0A0064284ED81D
:103F6000DBF80000C005F5D5E06801280AD008B1EB
:103F7000052813D0286A20F001002862286A20F062
:103F8000040002E0286A40F001002862E06841F283
:103F9000883B98B1FFF746FC82460BE0286A40F068
:103FA00004002862EEE700BFFFF73CFCA0EB0A012B
:103FB00059455AD8286A8007F6D50CE0FFF732FC3D
:103FC000824605E0FFF72EFCA0EB0A0159454CD8CC
:103FD000286A8007F6D41FB1E86920F08050E861B4
:103FE000E06988B36968C1F38101022944D00228DD
:103FF000C6F8608004D0FFF715FC044638E034E0D2
:10400000FFF710FC074604E0FFF70CFCC01B02287A
:104010002BD828688001F7D4206AB0F5803F05D1FD
:104020006868A16820F4003008436860D4E908019A
:104030000843696821F4741108436860C6F8609009
:10404000FFF7F0FB044606E025E000BFFFF7EAFBC0
:10405000001B022809D828688001F7D51BE000BFA3
:10406000FFF7E0FB001B022802D90320BDE8F88F10
:1040700028688001F4D40EE00128F7D06868226A2D
:1040800000F48031914204D1616A00F470108842DA
:1040900001D00120EAE70020E8E70000001002401C
:1040A0000000424280044242A00000200070004014
:1040B00070B5040009D0606A002540B125616561D2
:1040C000A56294F8510040B10CE0012070BD606819
:1040D000B0F5827FF4D0E561F2E784F850502046D5
:1040E00000F040F8022084F851002068016821F0B7
:1040F00040010160A088218900F4827001F404412C
:104100000843A18901F400610843217C01F0020108
:104110000843217D01F001010843218B01F4007166
:104120000843217F01F03801084394F8201001F082
:1041300080010843218D01F4005108432168086083
:10414000A069042101EA1040216848602068C16923
:1041500021F40061C1616565012084F851000020EF
:1041600070BD000030B585B0002400940194029425
:1041700003940068174988422AD11748816941F49D
:1041800080518161816901F480510491816941F01C
:10419000080181618069114D00F008000490282019
:1041A0000090022001900320039069462846FFF703
:1041B00043FA1020CDE90004694628460294FFF72F
:1041C0003BFA0748416841F0E06141F0010141607C
:1041D00005B030BD0030014000100240000C01402D
:1041E000000001402DE9F84F04464068002598463C
:1041F00016460F464FF0040BB0F5827F01D1A06840
:1042000088B194F85000012818D0012084F850009B
:10421000FFF708FB814694F851004FF0000A01288F
:104220000ED0022582E084F851B013460A4620469B
:10423000CDF8008000F036F9BDE8F88F0220FBE7EA
:10424000002F72D0002E70D084F851B0C4F854A062
:10425000A763A687E687C4F830A0A4F834A0A4F822
:1042600036A0C4F840A0C4F844A0A068B0F5004F40
:1042700009D12068016821F04001016020680168CF
:1042800021F48041016020680168490603D4016877
:1042900041F040010160E068D8B139E020688168F0
:1042A000C90709D0007BA16B0870A06B401CA063FC
:1042B000E08F401EE0870CE0FFF7B4FAA0EB0901A5
:1042C000414503D3B8F1FF3F03D036E0B8F1000F0A
:1042D00033D0E08F0028E1D11DE020688168C90754
:1042E00009D0C068A16B0880A06B801CA063E08F20
:1042F000401EE0870CE0FFF795FAA0EB090141456D
:1043000003D3B8F1FF3F03D017E0B8F1000F14D08A
:10431000E08F0028E1D14A464146204602F0FCF8F1
:1043200008B120206065606D00B10125012084F88E
:10433000510084F850A028467EE70325F6E72DE9D2
:10434000F84F044690F8500000271D46164689464F
:1043500001280DD04FF0010B84F850B0FFF762FA3E
:10436000804694F85100BA46012804D0022793E011
:104370000220BDE8F88FB9F1000F73D0002E71D084
:10438000032084F85100C4F854A0C4F83090A686E5
:10439000E686C4F838A0A4F83CA0A4F83EA0C4F86F
:1043A00044A0C4F840A0A068B0F5004F09D120682F
:1043B000016821F0400101602068016841F48041FA
:1043C000016020680168490603D4016841F040019A
:1043D0000160E068B0F5006F606803D030B3012E73
:1043E00024D041E008B1012E1CD1206B2168008847
:1043F000C86006E020688168890709D5216B0988B3
:10440000C160206B801C2063E08E401EE08609E0C6
:10441000FFF708FAA0EB0800A84202D3681C01D0FD
:1044200031E07DB3E08E0028E4D120E0206B2168EC
:104430000078087306E020688168890709D5216B38
:1044400009780173206B401C2063E08E401EE086DB
:104450000AE0FFF7E7F9A0EB0800A84203D3681CC5
:1044600002D010E017E06DB1E08E0028E3D14246A3
:104470002946204602F07EF808B120206065A06839
:1044800018B106E0FFE7032706E02068C1688068EE
:104490000090606D00B1012784F851B084F850A0FD
:1044A000384666E72DE9F84F044690F8500000279B
:1044B0000A9E1D4692468B464FF0010901280ED0F8
:1044C000012084F85000FFF7ADF9804694F85100C0
:1044D000616801280CD0B1F5827F07D102E002208B
:1044E000BDE8F88FA16809B9042801D00227C2E00D
:1044F000BBF1000F27D0BAF1000F24D01DB394F800
:104500005100042802D0052084F851000020606585
:10451000C4F838A0E587A587C4F830B0E586A5863D
:104520002064606420680168490603D4016841F092
:1045300040010160E068B0F5006F606805D0E8B345
:10454000012D46D07FE0012795E008B1012D39D13A
:10455000206B21680088C860206B801C2063E08E7F
:10456000401EE0862EE02068816889070FD5E18E25
:1045700069B1B9F1010F0AD1216B0988C160206BC3
:10458000801C2063E08E401EE0864FF0000920680A
:104590008168C9070CD0E18F51B1C068A16B088058
:1045A000A06B801CA063E08F401EE0874FF00109E4
:1045B000FFF738F9A0EB0800B04200E009E001D3B2
:1045C000701C50D1E08E0028CDD1E08F0028CAD1D8
:1045D0003FE0206B216800780873206B401C20634B
:1045E000E08E401EE0862EE02068816889070FD5A6
:1045F000E18E69B1B9F1010F0AD1216B097801731C
:10460000206B401C2063E08E401EE0864FF00009C6
:1046100020688168C9070CD0E18F51B1C068A16BD7
:104620000870A06B401CA063E08F401EE0874FF035
:104630000109FFF7F7F8A0EB0800B04202D3701CA5
:1046400001D010E07EB1E08E0028CDD1E08F0028AF
:10465000CAD142463146204601F08CFF28B10127DD
:104660002020606507E0032705E0A06818B92068EE
:10467000C16880680090012084F85100002084F80F
:10468000500038462CE77047704710B5040003D03F
:1046900094F83D0010B107E0012010BD002084F81F
:1046A0003C00204600F01EF8022084F83D00211D49
:1046B000206802F00FFC012084F8460084F83E00D8
:1046C00084F83F0084F8400084F8410084F84200F8
:1046D00084F8430084F8440084F8450084F83D00E1
:1046E000002010BD7047000090F83D10012901D056
:1046F00001207047022180F83D100168CA6842F02D
:104700000102CA6000680B49884208D0B0F1804FAE
:1047100005D00949884202D00849884204D18168FD
:1047200001F00701062903D0016841F00101016091
:1047300000207047002C01400004004000080040A9
:10474000704770B50446006801694FF00005C94321
:10475000890715D4C168C943890711D4E91E0161CD
:1047600001202077206880698007204602D0FFF76B
:10477000E7FF04E000F098F8204600F096F825776F
:1047800020680169C943490717D4C168C94349076B
:1047900013D46FF004010161022020772068806942
:1047A00010F4407F204602D0FFF7CAFF04E000F07B
:1047B0007BF8204600F079F8257720680169C94325
:1047C000090716D4C168C943090712D46FF008015C
:1047D0000161042020772068C0698007204602D04C
:1047E000FFF7AEFF04E000F05FF8204600F05DF850
:1047F000257720680169C943C90617D4C168C94330
:10480000C90613D46FF010010161082020772068D9
:10481000C06910F4407F204602D0FFF791FF04E00A
:1048200000F042F8204600F040F825772068016942
:10483000C943C90708D1C168C943C90704D1891E42
:104840000161204600F032F820680169C943090679
:1048500009D4C168C943090605D46FF0800101611C
:104860002046FFF710FF20680169C943490609D4B3
:10487000C168C943490605D46FF040010161204673
:1048800000F01EF820680169C94389060BD4C1688D
:10489000C943890607D46FF0200101612046BDE8B5
:1048A0007040FFF7F1BE70BD704770470068034964
:1048B000884201D1FEF7BCBF70470000002C0140C8
:1048C0007047704770470000F8B5026804461068EA
:1048D000D168536910F00F0F4FF0000553D003F06B
:1048E000010601F4907737435FD0C20705D0CA05AF
:1048F00003D5226C42F001022264420705D5DA0793
:1049000003D0226C42F002022264820705D5DA0746
:1049100003D0226C42F004022264020707D501F0A2
:104920002002324303D0226C42F008022264226C3F
:10493000002A34D0800604D5880602D5204602F02D
:104940001FFB20684069216CC0F38010090700D468
:1049500030B3204602F0FCFA2068416949061BD5B5
:10496000416921F040014161A06BA8B15849416300
:10497000A06BFEF703FE002811D0A06B416B01B0C5
:10498000BDE8F040084783060FD58B060DD52046BD
:10499000BDE8F84002F0F4BA2046FFF793FFF8BDF7
:1049A0002046FFF78FFF2564F8BD266B2023012EDC
:1049B00052D1C60650D5CE064ED51068506800902C
:1049C000506940062AD5A16B086840680004000CB5
:1049D000EAD0A68D8642E7D9E0858869202818D0DC
:1049E000D06820F48070D0602068416921F0010116
:1049F00041612068416921F04001416184F83E3005
:104A000025632068C16821F01001C160A06BFEF72A
:104A100091FDA08DE18D401A81B219E0A08DE18D4C
:104A2000401A81B2E08D0028BED00029BCD0D068E9
:104A300020F49070D0602068426922F00102426147
:104A400084F83E3025632068C26822F01002C260FC
:104A50002046FFF736FFF8BD05062BD50D0629D5F4
:104A600094F83D002128F6D1A068B0F5805F01D10F
:104A70002069B0B1206A411C216221680078486039
:104A8000E08C401E0004000CE084E4D12068C16882
:104A900021F08001C1602068C16841F04001C1601F
:104AA000F8BD206A0088C0F308005060206A801CAE
:104AB0002062E5E74006F3D54806F1D5D1682046E7
:104AC00021F04001D16084F83D3000F046F9F8BD96
:104AD000416F000870B5040004D094F83D00002533
:104AE00010B106E0012070BD84F83C50204600F073
:104AF00023F8242084F83D002068C16821F4005187
:104B0000C160204602F098FA2068016921F49041C2
:104B100001612068416921F02A0141612068C16872
:104B200041F40051C1602564202084F83D0084F8E0
:104B30003E00002070BD000030B585B00024009418
:104B40000194029403942B4D03682B480221032205
:104B5000AB4222D1C36943F40033C361C36903F498
:104B600000330493836943F0040383618069234D18
:104B700000F0040004900420CDE90001039269468E
:104B80002846FEF759FD0820CDE90004694628466D
:104B90000294FEF751FD05B030BD194DAB42FAD17C
:104BA000C36943F48023C361C36903F4802304937E
:104BB000836943F0080383618069039200F0080071
:104BC00004902815CDE900010E4D69462846FEF7F0
:104BD00033FDE814CDE90004694628460294FEF747
:104BE0002BFD002205212720FEF7A8FE2720FEF737
:104BF00097FED0E70044004000100240000801404A
:104C000000480040000C014090F83E30202B0ED1AF
:104C100059B152B190F83C30012B08D0012380F8F3
:104C20003C300023036302F063BA01207047022086
:104C30007047000070B505460068164988421FD1CC
:104C4000154C207AE0B104F10801002301220E4640
:104C5000124800F029F8FEF7E5FDC4F80C04E288DC
:104C600004F10900217A1154E28840F2FF308242B7
:104C700001D2521CE280012231460948FFF7C4FFED
:104C800008492868884203D1BDE87040FEF776B92C
:104C900070BD000000480040801700201014002064
:104CA00054140020004400402DE9F843044690F8D5
:104CB0003D001F4616460D4620284CD1C5B1BEB159
:104CC00094F83C00012846D0012084F83C004FF0C5
:104CD0000008C4F84080212084F83D00FEF7A2FDC2
:104CE000A6848146E684A068B0F5805F03D004E026
:104CF0000120BDE8F883206928B12E465FF0000549
:104D000084F83C800EE00026FAE78021204602F07D
:104D10000AFAA0B9AEB116F8010B21684860E08C20
:104D2000401EE084E08C4B464FF0000200970028C4
:104D3000EBD14FF04001204602F0F5F930B10320ED
:104D4000D7E735F8020BC0F30800E6E7202084F827
:104D50003D000020CDE70220CBE77047FEF720FEA4
:104D6000FEE700000C4810B50A4901608915816012
:104D700001210173002202754FF46023C361426078
:104D80000161FEF70DFA002803D0BDE81040FEF7E0
:104D90000CB910BD002401402413002010B59EB0B2
:104DA00000201C901D9001211CA802F05BFD174CF7
:104DB0001C221749A0656846FBF7EAFD00216846FA
:104DC00002F06FFD1249A0641C221C3107A8FBF7FA
:104DD000DFFD002107A802F064FD0D49E0641C22FC
:104DE00038310EA8FBF7D4FD00210EA802F059FDC2
:104DF000074920651C22543115A8FBF7C9FD002185
:104E000015A802F04EFD60651EB010BD0000002028
:104E1000D49900082DE9F04F85B03448002402945D
:104E2000816941F010018161816901F010010491F3
:104E3000816941F004018161816901F004010491FB
:104E4000816941F0080181618069022500F0080054
:104E5000CDE903504FF460470126CDE9007669465D
:104E60002348FEF7E9FB4FF49058DFF888B0CDE90E
:104E7000008669465846CDE90245FEF7DDFB4FF452
:104E8000C0708DE8310069465846FEF7D5FB042016
:104E9000CDE90004DFF860A0694650460294FEF7B1
:104EA000CBFB4BF2C009CDE9009669465046CDE9EF
:104EB0000245FEF7C1FB4FF44060CDE900046946AE
:104EC00058460294FEF7B8FB002239460848FEF720
:104ED000A3FC002241465846FEF79EFC00224946AC
:104EE0005046FEF799FC05B0BDE8F08F0010024077
:104EF0000010014000080140000C0140104810B5AE
:104F00000E4901604FF48271416000218160C160EF
:104F10004FF400720161C0E905122822C0E907219F
:104F2000416281620A21C162FFF7C2F8002803D002
:104F3000BDE81040FEF739B810BD00000030014058
:104F4000B81300200C4810B50A4901604FF4E13154
:104F50004160002181600C22C160C0E904128161BE
:104F6000C161FFF7B7FD002803D0BDE81040FEF790
:104F70001CB810BD00440040101400200C4810B5AF
:104F80000A4901604FF4E1314160002181600C2247
:104F9000C160C0E904128161C161FFF79BFD002877
:104FA00003D0BDE81040FEF700B810BD0048004037
:104FB00054140020FEE7FEE770B50C4605464FF49A
:104FC00000762AA231462D48FBF726FA2B4801F03D
:104FD00033FA4FF4FA60FEF71DFB2B4628A2314648
:104FE0002648FBF719FA254801F026FA4FF47A759E
:104FF0002846FEF70FFB29A231462048FBF70CFAA2
:105000001E4801F019FA2846FEF704FB2046FBF77C
:105010004FFC03462CA231461848FBF7FDF9174810
:1050200001F00AFA2846FEF7F5FA23462CA231468B
:105030001248FBF7F1F9114801F0FEF92846FEF796
:10504000E9FA28A001F0F8F940F6B8342046FEF756
:10505000E1FA29A001F0F0F92046FEF7DBFA31462B
:10506000BDE870400548FBF7E7BC000041542B4801
:10507000545450494E49540D0A000000C00200200B
:1050800041542B48545450504152413D2255524CAA
:10509000222C222573220D0A0000000041542B48C7
:1050A000545450504152413D22434F4E54454E546A
:1050B000222C226170706C69636174696F6E2F6A53
:1050C000736F6E220D0A000041542B485454504413
:1050D0004154413D25642C31303030300D0A000000
:1050E0002573000041542B48545450414354494FB8
:1050F0004E3D310D0A00000041542B485454505489
:1051000045524D0D0A00000070B5642324222AA1E7
:105110003348FFF7C9FD002001F072F84FF47A74AC
:105120002046FEF777FA2FA001F086F92046FEF719
:1051300071FA40F6B8352EA229462EA001F026F9C4
:105140002BA229462EA001F021F929A221462FA049
:1051500001F01CF926A2214630A001F017F924A283
:10516000610032A001F012F933A001F065F9204688
:10517000FEF750FA1EA2214639A001F007F91CA241
:1051800021463AA001F002F92046FEF743FA18A2A0
:1051900041F2883139A001F0F9F815A242F21071FC
:1051A0003DA001F0F3F8BDE87040642324223EA145
:1051B0000B48FFF779BD00002D2D3E4247494E2098
:1051C00053494D373630305F496E69742D2D2D2D82
:1051D0002D2D2D2D2D2D2D2D2D2D2D0A00000000D6
:1051E0001014002041542B4346554E3D310D0A000A
:1051F0004F4B000041542B434349440D0A0000002B
:1052000041542B435245473F0D0A000041542B4364
:10521000474154543D310D0A0000000041542B43D6
:10522000474143543D312C310D0A000041542B437A
:105230004E4D503D320D0A0041542B434744434FDD
:105240004E543D312C224950222C22696F742E7409
:10525000656C656E65742E6265220D0A00000000A3
:1052600041542B434D47463D310D0A0041542B43D9
:105270004E4D493D322C310D0A00000041542B4364
:10528000504D533D22534D222C22534D222C22535C
:105290004D220D0A0000000041542B434D47443D70
:1052A0002C340D0A000000002D2D3E454E442053A5
:1052B000494D373630305F496E69742D2D2D2D2DB7
:1052C0002D2D2D2D2D2D2D2D2D2D2D0A00000000E5
:1052D00010B504A001F0B0F8BDE8104049F6404018
:1052E000FEF798B941542B43504F460D0A00000079
:1052F0002DE9F04FF848F94989B00068884201DC8F
:10530000F7A103E0F949884203DBF9A1FA48FBF76A
:10531000ABFAF948F9A1B53004900390FBF792FA83
:1053200098B13A21FBF784FAF8A1001DFBF77AFA4D
:1053300004000AD0FBF768FA0546204602F034F86C
:10534000C82D02D1F2A001F077F8F64AF6A1039831
:10535000FBF796F9F94EF34C00254FF47A7B4FF0AA
:105360000108012819D0F6A10398FBF76BFA002871
:105370001DD0F5A25946F5A001F008F804F120026D
:10538000F5A1F948FBF734F8F74801F055F81A226F
:10539000F6A1F548FBF72CF823E1FBA002F004F896
:1053A0002278FCA1F048FBF723F8EF4825E1FDA1A6
:1053B0000398FBF747FA08B3012251033046FEF782
:1053C0002BFA012291033046FEF726FA0122D1037F
:1053D0003046FEF721FA84F80180DBA25946DBA0B3
:1053E00000F0D4FFCF4ADCA12032DF48FBF700F801
:1053F000DD4801F021F81A22ECA127E0F1A1039881
:10540000FBF720FA70B300224FF400513046FEF74C
:1054100003FA00224FF480413046FEF7FDF90022E6
:105420004FF400413046FEF7F7F96570C6A25946C1
:10543000C6A000F0ABFFBB4AC7A12032CA48FAF7AA
:10544000D7FFC94800F0F8FF1A22E0A1C648FAF7D2
:10545000CFFFC54800F0F0FF4FF4FA71C248FBF7E8
:10546000EBFAD1E2E0A10398FBF7ECF91A27C8B1F7
:10547000B5A25946B5A000F089FFAA4AB6A12032CC
:10548000B948FAF7B5FFB84800F0D6FFD9489A4BAB
:10549000CDE900077833A3F16402D7A1B248FAF747
:1054A000A7FF9EE0E2A10398FBF7CCF9E8B1A6A222
:1054B0005946A6A000F06AFF9A4AA7A12032AA483E
:1054C000FAF796FFA84800F0B7FFDD48006804F03F
:1054D0000FF88146DB488A46006804F009F80B465D
:1054E0000246D9A1CDF8009021E0DDA10398FBF799
:1054F000A9F910B394A2594694A000F047FF894A35
:1055000095A120329848FAF773FF974800F094FF6E
:10551000D748006803F0ECFF8146D6488A46006809
:1055200003F0E6FF0B460246D3A1CDF80090CDE98B
:1055300001A78D48FAF75CFF53E0D5A10398FBF76C
:1055400081F9B0B180A2594680A000F01FFF754AD2
:1055500081A120328448FAF74BFF834800F06CFFAA
:10556000CE48006803F0C4FF0B460246CCA100976A
:1055700034E0CFA10398FBF765F9A0B172A25946B8
:1055800072A000F003FF674A73A120327648FAF751
:105590002FFF754800F050FF1A23574AC7A17248E1
:1055A000FAF726FF1DE0CAA10398FBF74BF938B3C1
:1055B00065A2594665A000F0E9FE5A4A66A120326C
:1055C0006948FAF715FF684800F036FFC3480068DD
:1055D00003F08EFF0B460246C1A100976248FAF71E
:1055E00007FF614800F028FF4FF4FA715E48FBF7AF
:1055F00023FABFA000F020FFC4A000F01DFF03E2CB
:10560000C6A10398FBF71EF958B34FA259464FA005
:1056100000F0BCFE434A50A120325348FAF7E8FE9E
:10562000514800F009FF1A22BEA14F48FAF7E0FEE8
:105630004D4800F001FF4FF4FA714B48FBF7FCF9BD
:105640004FF47A6002F002F9BFF34F8FBE48016851
:10565000BE4A01F4E06111430160BFF34F8F00BF08
:10566000FDE7BBA10398FBF7EDF810B336A259464E
:1056700036A000F08BFE2B4A37A120323A48FAF7C9
:10568000B7FE394800F0D8FE1A22B3A13648FAF71F
:10569000AFFE354800F0D0FE4FF4FA713248FBF708
:1056A000CBF993A000F0C8FE98A000F0C5FE0A2038
:1056B0007CE1B0A10398FBF7C5F860B122A259467E
:1056C00022A000F063FE174A23A120322648FAF7F1
:1056D0008FFE254852E16BE1340000200000A0401D
:1056E00044495341524D4544000000000000204110
:1056F00041524D4544000000D41600200D0A2B48AD
:10570000545450414354494F4E3A00002C0000007D
:1057100041542B48545450524541443D302C35306F
:10572000300D0A00600000200A2B434D54493A20F6
:1057300022534D222C2568686400000000100140AF
:10574000686920736D6176004F4B000041542B4314
:105750004D47463D310D0A0041542B434D47533DC3
:10576000222573220D0A0000E014002048692C68ED
:105770006F772063616E20692068656C7020796F97
:10578000753F25630000000066696E6420636D74D8
:105790006900000041542B434D4752443D25640DA0
:1057A0000A0000000A41524D000000004D6163688C
:1057B000696E65206973206E6F772061726D656414
:1057C000256300000A44495341524D004D6163680E
:1057D000696E65206973206E6F77206469736172EA
:1057E0006D656425630000000A646961676E6F730C
:1057F00074696300EC010020446961676E6F737423
:1058000069633A0A2D527373693D25730A2D4F70EF
:10581000657261746F723D25730A2D4C6F72612041
:105820006D6F64756C653D25730A2563000000008B
:105830000A776561746865722068696768000000AE
:10584000080000200400002054313D252E3266B0AF
:10585000430A48313D252E326625250A256300007E
:105860000A77656174686572206C6F7700000000CC
:10587000100000200C00002054323D252E3266B06E
:10588000430A48323D252E326625250A256300004D
:105890000A77696E642073706565640044000020B7
:1058A000575F533D252E32664B6D2F6825630000F0
:1058B0000A6D616368696E65000000004D61636890
:1058C000696E655F5374617475733A25732563005F
:1058D0000A6261747465727900000000380000206B
:1058E000426174746572793D252E3266256300002D
:1058F00041542B43504D533D22534D222C22534DA6
:10590000222C22534D220D0A0000000041542B434B
:105910004D47443D2C340D0A0000000052455345CC
:10592000540000004F4B2C746865206465766963F1
:10593000652077696C6C2072657374617274206E77
:105940006F772563000000000CED00E00400FA050D
:1059500073617665000000005468616E6B20796F9A
:105960007520696D20696E2073617665206D6F64A6
:10597000652563006C6F6E670000000000F05CFD41
:105980001A22F2A1FA48FAF733FDF94800F054FD63
:105990004FF4FA71F648FBF74FF8AFF2AC0000F0A5
:1059A0004BFDAFF2980000F047FD1E2060602BE039
:1059B000F0A10398FAF746FF30B3AFF274225946CC
:1059C000AFF2782000F0E2FCED4AAFF27421E84833
:1059D000FAF70EFDE64800F02FFD1A22E9A1E4488F
:1059E000FAF706FDE24800F027FD4FF4FA71E048AF
:1059F000FBF722F8AFF2081000F01EFDAFF2F40042
:105A000000F01AFDC4F80480E5A10398FAF71AFF24
:105A1000002848D0AFF2D0225F465946E2A000F0FD
:105A2000B5FCAFF2DC224FF4FA61E2A000F0AEFC6C
:105A30006078002859D000224FF400513046FDF71D
:105A4000EBFE00224FF480413046FDF7E5FE0022D8
:105A50004FF400413046FDF7DFFEAFF21432394615
:105A6000AFF2183000F092FCC54AAFF21431C048D2
:105A7000FAF7BEFCBE4800F0DFFC1A22CFA1BC48FA
:105A8000FAF7B6FCBA4800F0D7FC4FF4FA71B84800
:105A9000FAF7D2FFAFF2A81000F0CEFCAFF29410EC
:105AA00000F0CAFC6570CCA10398FAF7CBFE0700A2
:105AB0001AD001F079FCCBA13846FAF7C3FE0700F3
:105AC00078D001F071FC3A213846FAF7B1FE0700B0
:105AD00070D001F069FC7F1C384601F065FC387815
:105AE000742839D066284ED064E001225103304634
:105AF000FDF792FE012291033046FDF78DFE012253
:105B0000D1033046FDF788FEAFF2C4323946AFF21A
:105B1000C43000F03BFC9A4AAFF2C4319448FAF723
:105B200067FC934800F088FC1A22B1A19048FAF76C
:105B30005FFC8F4800F080FC4FF4FA718C48FAF754
:105B40007BFFAFF2542000F077FCAFF2402000F072
:105B500073FC84F80180A6E7AB4801F025FC012224
:105B6000474684F8028051033046FDF755FE012276
:105B700091033046FDF750FE0122D1033046FDF778
:105B80004BFE677016E0A14801F00EFCA5700022E4
:105B90004FF400513046FDF73FFE00224FF48041A4
:105BA0003046FDF739FE00224FF400413046FDF744
:105BB00033FE657088A10398FAF744FE060028D0EA
:105BC00001F0F2FB92A13046FAF73CFE060020D02D
:105BD00001F0EAFB3A213046FAF72AFE060018D017
:105BE00001F0E2FB16F8010F2028FBD02228F9D0A3
:105BF0000020634A05E0115416F8011F401C2229B9
:105C000003D0317809B11328F5D315545C4801F05D
:105C1000CBFB71A10398FAF715FE06002DD001F019
:105C2000C3FB7EA13046FAF70DFE060025D001F039
:105C3000BBFB3A213046FAF7FBFD06001DD001F010
:105C4000B3FB00BF16F8010F2028FBD02228F9D0A3
:105C500022213046FAF7ECFD78B1A0EB060909F1F4
:105C60000100FAF71FFB070007D04A463146FAF752
:105C70000AFF6C4807F8095007606BA10398FAF710
:105C8000E1FDB0B100F10A0105A801F035FE9DF873
:105C90001810059801F048FB60619DF820100798E6
:105CA00001F042FBA06163A001F070FB64A001F071
:105CB0006DFB66A10398FAF7C5FD674EB0B12C21C4
:105CC000FAF7B6FD401C0746FAF79EFD012821D0E1
:105CD0003846FAF799FD05281CD096F8F80520F00B
:105CE000100086F8F8055DA001F05EFB5DA1039849
:105CF000FAF7A8FD38B33A21FAF79AFD401CFAF7F3
:105D000083FDA06008281FD2DFE800F00B0D1E1EE7
:105D1000FDFCFBFA96F8F80540F0100086F8F8054F
:105D2000E4E753A100E058A14B486638FAF79CFD20
:105D300049486638FAF7BCFD474982B264236639A0
:105D40005948FEF7B1FFB1E01DE100005468616EF3
:105D50006B20796F7520696D20696E206C6F6E679E
:105D60002073617665206D6F646525630000000017
:105D7000E014002054657374206D6F6465000000AA
:105D8000800000205468616E6B20796F7520696D0A
:105D900020696E2054657374206D6F6465256300FF
:105DA0000D0A52494E47000041542B435648553D79
:105DB000300D0A004154480D0A0000004D6163682F
:105DC000696E655F5374617475733A204449534139
:105DD000524D454425630000227368617265642258
:105DE000000000002273657456616C7565223A00EC
:105DF0004D616368696E655F5374617475733A20B1
:105E000041524D4544256300609D0008FC9C0008FC
:105E10002270686F6E65223A000000002275726C75
:105E2000223A00001C0000202B43475053494E46A5
:105E30004F3A00004C617469747564653A20000043
:105E40004C6F6E6769747564653A20000D0A2B43C8
:105E50005245473A00000000801700204E6574202C
:105E6000455252000D0A2B4346554E3A00000000A1
:105E70004D696E696D756D2066756E6374696F6EC0
:105E8000616C69747900000046756C6C2066756EF3
:105E90006374696F6E616C6974792C206F6E6C69C4
:105EA0006E65206D6F6465001014002082A1039858
:105EB000FAF7C8FC40B322210398FAF7B9FC0700AF
:105EC00010D02221781CFAF7B3FC58B1A0EB0709D7
:105ED000A9F10102791C7B48FAF7D5FD79484844BD
:105EE00000F8015C6423122277A17C48FEF7DCFEF7
:105EF0007448FAF7DDFC82B264237249774804E003
:105F00003FE03CE039E036E008E0FEF7CDFE6423F8
:105F10000122AFF25C117148FEF7C6FE70A1039832
:105F2000FAF790FC002868D03A21FAF781FC0028A3
:105F300063D06D4B6DA11A1F401CFAF7A1FB207BAB
:105F400086F86006642324226AA16448FEF7ACFE4A
:105F50005C4896F8602671A16E38FAF749FAE06855
:105F60006FF07001821E072A0FD811EB400200D596
:105F700052426BA126E06FA1D6E67BA1D4E67FA1B9
:105F8000D2E680A1D0E683A1CEE6A0F10A02042ADF
:105F900005D811EB400200D5524284A112E0A0F1D5
:105FA0000F02042A05D811EB400200D5524283A10A
:105FB00008E0A0F114020A2A09D811EB400200D52A
:105FC000524282A13F486438FAF712FA04E03D4891
:105FD00083A16438FAF748FCAFF678013948643891
:105FE000FAF785FC37486438FAF762FC354982B223
:105FF000642364393948FEF757FE7EA10398FAF707
:1060000021FC70B33A21FAF713FC401C0446FAF75E
:10601000FBFB20B1012807D0022826D00CE096F81F
:10602000340620F0010003E096F8340640F0010049
:1060300020F0020086F834062C212046FAF7F8FBFF
:10604000441C2046FAF7E0FB86F835062C21204652
:10605000FAF7EEFB401C01F051F902F0A1FCC6F882
:10606000380696F8680838B108E096F8340620F04B
:10607000010040F00200DDE786F8D6585F4903983A
:10608000FAF7E0FB40B186F8D688FDF7CBFBD6F8EF
:10609000CC18401AC6F8D008F5804FF480610498F7
:1060A000FAF7A8FC96F8F80520F0020086F8F80543
:1060B00009B0BDE8F08F00000D0A2B434F50533A52
:1060C000000000004C1700206F70657261746F72E1
:1060D0004E616D6520697320203A00001014002085
:1060E0000D0A2B4353513A007000002025642C25E3
:1060F000640000002D2D3E53494D2E53746174757C
:10610000732E5369676E616C2D2D2D2D2D2D2D2D28
:106110002D2D2D2D2D2D2D0A0000000025640000B1
:106120002D25642064426D20284D617267696E617F
:106130006C29000044697361626C652070686F6E41
:106140006520626F7468207472616E736D6974206B
:10615000616E6420726563656976652052462063CE
:106160006972637569747300466163746F72792034
:1061700054657374204D6F6465000000526573654B
:10618000740000004F66666C696E65204D6F646533
:1061900000000000556E6B6E6F776E2066756E6343
:1061A00074696F6E616C6974790000002D2564203C
:1061B00064426D20284F4B29000000002D256420EB
:1061C00064426D2028476F6F642900002D256420EC
:1061D00064426D2028457863656C6C656E74290097
:1061E000556E6B6E6F776E20525353492076616CFB
:1061F000756500000D0A2B4342433A00E81F00205A
:1062000030B5244C054687B094F8F80540F6D8011F
:1062100020F0040084F8F805204604F5BF64FAF77E
:106220000BFC1C484FF480610930FAF7E3FB194975
:10623000012208311848FEF7E7FC4FF0FF302066D6
:1062400060660020E0661C2214496846FAF7A0FB4D
:10625000ADF808500021684601F023FB104911A257
:10626000C8614FF4FA6110A000F090F801280CD03A
:106270000FA001F099F8FFF72BF8C82001F0E6FA1B
:10628000012000F0F3F807B030BD0EA001F08CF84B
:10629000F3E700008017002054140020449A0008FF
:1062A000600000204F4B000041540D0A0000000028
:1062B00053494D20524553504F4E5345204E4F5455
:1062C000204F4B0053494D20524553504F4E53459C
:1062D000204F4B0010B54FF47A6413A2214613A04F
:1062E00000F054F810A2214613A000F04FF80EA2BF
:1062F000214614A000F04AF80BA2214614A000F099
:1063000045F809A2214615A000F040F816A001F0BA
:106310004BF81D4890F8F81541F0040180F8F81585
:10632000002180F8F91510BD4F4B000041542B435C
:1063300046554E3F0D0A000041542B4350494E3FF5
:106340000D0A000041542B4353510D0A0000000078
:1063500041542B434F50533F0D0A000041542B43EF
:106360005245473F0D0A000053494D373630302023
:106370004D6F64756C6520686164207475726E651C
:1063800064206F6E00000000801700202DE9F041AE
:1063900016460D468046264C4FF47A7702E0384682
:1063A00001F054FA94F8F8058007F8D494F8F80549
:1063B00040F0020084F8F805002084F8D608C4F8FC
:1063C000D008FDF72FFAC4F8CC081A48A4F8D4581E
:1063D00064210746FAF730FB642231463846FAF763
:1063E00052FB14484022403841460646FAF74BFB20
:1063F000304600F021F809E00A2001F027FA94F86D
:10640000D60810B1C0B2BDE8F0810A3D002DF3DC22
:10641000384600F0C9FF64213846FAF70DFB94F8BE
:10642000F80520F0020084F8F80594F8D608EAE7A9
:1064300080170020E81F002010B5044601220949FA
:106440000948FEF7E1FB2046FAF732FA82B24FF034
:10645000FF3321460448FEF727FCBDE810400A2020
:1064600001F0F4B988170020541400202DE9F04100
:10647000224E234C4FF4007541F28837C0B321A25D
:10648000C82123A0FFF782FF012824D094F8F80543
:10649000002220F0040084F8F80529463046FDF774
:1064A000BBF9C82001F0D2F9012229463046FDF798
:1064B000B3F9384601F0CAF912A2C82114A0FFF7B7
:1064C00065FF01280AD094F8F80520F0080084F848
:1064D000F805BDE8F081642001F0B8F994F8F805FA
:1064E00040F0080084F8F805BDE8F041FFF7F2BE7F
:1064F00094F8F80520F00800CAE700000008014001
:106500008017002041540D0D0A4F4B0D0A0000006A
:1065100041540D0A00000000F8B5044640684FF4ED
:106520008273984217D1A0684FF48065B0F5004F90
:1065300001D0A8420FD12068066826F04006066008
:106540006068984207D1A068A84204D100920B4627
:106550000022012103E000920B4600228021204608
:1065600000F018F8002804D0606D40F0200060654D
:106570000320F8BD38B50B46009204460022802166
:1065800000F008F8002804D0606D40F0200060653D
:10659000032038BD2DE9F8431E469146884604463F
:1065A000089DFDF73FF9401B351AFDF73BF90746FB
:1065B00025480068C0F3CB30684338E0701C37D002
:1065C000FDF730F9C01BA84203D215B1009860B3A3
:1065D0002CE02068416821F0E00141606068B0F57E
:1065E000827F0BD1A068B0F5004F02D0B0F5806F6C
:1065F00004D12068016821F040010160A06AB0F573
:10660000005F09D12068016821F400510160206811
:10661000016841F400510160012084F8510000201C
:1066200084F850000320BDE8F8830025401E009048
:106630002068816838EA010004D000214945BDD1B5
:106640000020F0E70121F9E7A000002098B0C82160
:10665000FA48FAF7F1F9FA490020CDE902104FF4AF
:1066600000774FF04008F74ECDE9008732463346B9
:10667000F549F64800F060FFF54C05007ED0F5A026
:106680006061F248FDA1B438FAF7EEF8EF48B4388B
:1066900000F08AFE4FF4FA60FCF7BCFFE8490020E6
:1066A000CDE90210CDE9008732463346E649E74896
:1066B00000F042FF05466420FCF7ACFF4FF4805920
:1066C000012249463046FDF7A7F80122DFF8C083D2
:1066D000570239464046FDF79FF8002239464046AA
:1066E000FDF79AF81420FCF795FF01223946404641
:1066F000FDF792F8002249463046FDF78DF800225A
:1067000039013046FDF788F8BF010022394630468E
:10671000FDF782F800223946DE48FDF77DF80022B9
:1067200049464046FDF778F84FF47A70FCF772FF5F
:106730000120607064230F22D7A1DB48FEF7B4FA72
:10674000A069FAF7B5F882B26423D748A169FEF7C9
:10675000ABFAFEF7D9FC4FF47A7A5046FCF75AFFB1
:10676000D2A63046FAF7A4F882B264233146CE4866
:10677000FEF79AFAD548FCF77DFE00E0DBE2FCF775
:1067800059FB02F0BFFFDFF84893494602F0DCFEF8
:1067900002F0AEFE0022CF4B02F0D8FBCE4E00221C
:1067A000334602F02FF902F0FBF86063FCF754FB6C
:1067B00002F0A8FF494602F0C7FE02F099FE00224F
:1067C000C64B02F0C3FB4FF03332C54B02F01AF94F
:1067D00002F0E6F8A063FCF751FB02F093FF494694
:1067E00002F0B2FE02F084FEDFF8F8824FF0663766
:1067F0003A46434602F0AAFB0022334602F0A6FBCB
:10680000B94ABA4B02F0A2FB02F0CAF8E063FCF707
:1068100047FB02F047FB3A46434602F097FB002253
:10682000B34B02F0ABF902F0BBF8B24902F082FFC1
:106830006064FCF7EDFA02F065FFAF4902F07AFF01
:10684000494602F081FE206464232622ABA19648CB
:10685000FEF72AFA606B02F04BFE024677480B46C1
:10686000B0A12038F9F7C4FD7448203801F042FB8C
:10687000A06B02F03DFE024670480B46AFA12038E7
:10688000F9F7B6FD6D48203801F034FBE06B02F0FB
:106890002FFE024669480B46AEA12038F9F7A8FD45
:1068A0006648203801F026FB606C02F021FE0246AB
:1068B00062480B46ADA12038F9F79AFD5F482038B1
:1068C00001F018FB206C02F013FE02465B480B46F9
:1068D000ACA12038F9F78CFD5848203801F00AFBAC
:1068E000606802F005FE024654480B46ABA1203812
:1068F000F9F77EFD5148203801F0FCFAE06802F01B
:10690000F7FD02464D480B46AAA12038F9F770FD65
:106910004A48203801F0EEFAA06802F0E9FD02468C
:1069200046480B46A9A12038F9F762FD43482038B4
:1069300001F0E0FA206902F0DBFD02463F480B4619
:10694000A8A12038F9F754FD3C48203801F0D2FACC
:1069500064232522A9A15448FEF7A6F940F6B830D1
:10696000FCF758FE64232A22AEA14F48FEF79CF99B
:10697000002D61D037A041A160613448B438F9F7E7
:1069800073FF3248B43800F00FFD64232822B0A111
:106990004548FEF789F95046FCF73CFE206A009016
:1069A0004FF48076B5A23146B648E369F9F734FD75
:1069B000606A0090B1A23146B348E369F9F72CFD53
:1069C000A06A0090ADA23146B048E369F9F724FD12
:1069D000E06A0090A9A23146AD48E369F9F71CFDD1
:1069E000206B0090A5A23146AA48E369F9F714FD8F
:1069F000A06B02F07DFD82468B46606B02F078FD55
:106A000007468946E06B02F073FD0646884620691A
:106A100002F06EFDCDE90801A06802F069FDCDE944
:106A20000601E06802F064FDCDE90401606802F04F
:106A30005FFDCDE902012FE187E100002401002084
:106A400000A1BC33000C0140B8130020A0020020BC
:106A5000000000202D2D3E204C6F52615F4D6F6471
:106A6000756C655F537461747573203A204D4F44A3
:106A7000554C45204552524F520A00004C4F52414E
:106A8000204D4F44554C45204552524F5200000076
:106A90000008014000100140444556494345204448
:106AA00045565549203A200010140020456E746563
:106AB000726564205374617274446961676E6F73A8
:106AC0007469635461736B0A000000002413002092
:106AD00000F07F45008030400000144000002D4051
:106AE0003333E33F66660A405EBA490C022BF13F3E
:106AF00000FEAF40000066430000A6422D2D3E423E
:106B000047494E2053454E534F5253204441544120
:106B10002056414C5545532D2D2D2D2D2D2D2D2DF0
:106B20002D0A00002D2D3E205673656E73655F3172
:106B300020202020203A252E32660A002D2D3E20CE
:106B40005673656E73655F3220202020203A252E13
:106B500032660A002D2D3E205642617474657279AA
:106B600020202020203A252E32660A002D2D3E209E
:106B700057696E645F73746174202020203A252E5B
:106B800032660A002D2D3E204761735F6C766C20C3
:106B900020202020203A252E32660A002D2D3E206E
:106BA00074656D706572617475726531203A252E59
:106BB00032660A002D2D3E2074656D706572617419
:106BC00075726532203A252E32660A002D2D3E2040
:106BD00068756D69646974793109093A252E3266E0
:106BE0000A0000002D2D3E2068756D696469747976
:106BF000322009093A252E32660A00002D2D3E4525
:106C00004E442053454E534F52532044415441204B
:106C100056414C5545532D2D2D2D2D2D2D2D2D2DE2
:106C20000A0000002D2D3E424547494E204C4F5250
:106C300041204D4F44554C4520444941474E4F5308
:106C40005449432D2D2D2D2D2D2D2D2D2D0A000098
:106C50002D2D3E454E44204C4F5241204D4F445522
:106C60004C4520444941474E4F535449432D2D2D07
:106C70002D2D2D2D2D2D2D0A00000000257325739F
:106C800000000000C0060020C0070020C00800204F
:106C9000C00A0020C0090020206C02F029FCCDE9C8
:106CA0000001606C02F024FC14AB0A4683E8800EFD
:106CB00028490DF1300C294B09781096CDE9118146
:106CC0002749254E8CE84A00DDE90813CDE90A136F
:106CD000DDE90613CDE90813DDE90413CDE9061358
:106CE000DDE90213CDE90413DDE90013CDE900026B
:106CF000CDE902131B4A4FF4007106F53570F9F720
:106D00008BFB06F5357101F50070FEF755F916A6F7
:106D10003046F9F7CDFD82B2642331461A48FDF7BB
:106D2000C3FF0020607019484EF660210068484398
:106D300000F08CFDFCE416A060611EA10648F9F786
:106D400093FD054800F030FBB5E411A019A1606186
:106D500013E6000061000020EC0100204C17002029
:106D6000E8160020289C00084C656176696E672053
:106D70005374617274446961676E6F7374696354AC
:106D800061736B0A0A0000001014002064000020E8
:106D90002D2D3E204C6F52615F4D6F64756C655FA9
:106DA000537461747573203A204D4F44554C4520FF
:106DB0004F4B0A004C4F5241204D4F44554C4520FB
:106DC0004F4B00004FF47A74204600F03FFDFBE784
:106DD000FEE700000DA000F0E7FA104CE088042860
:106DE00010D9FCF71FFDD4F80C14401A322809D929
:106DF000FCF718FD2060FEF77BFAFCF713FD217805
:106E0000401A20710A2000F021FDE7E7427566660E
:106E10006572207374617274000000008017002096
:106E20004EF66024204600F011FDFBE710B550201F
:106E300080F31188BFF34F8FBFF36F8F01F038FCE1
:106E400018B104494FF080500860002080F3118889
:106E500010BD000004ED00E030B593B02821684675
:106E6000F9F7EAFD14210AA8F9F7E6FD0024022546
:106E700001200F94049000951020059012944FF477
:106E80006010CDE908401194109407956846FCF70E
:106E90007FFF98B90F20CDE90A056802CDE90C40C3
:106EA00002210AA80E94FCF767FE38B9A8031190D6
:106EB0000F950FA8FCF7EAFD002801D0FCF775F844
:106EC00013B030BD704700000148FDF73ABC000028
:106ED00098140020F0B50268164B174C174D4FF070
:106EE0008047984205D0B84203D0A04201D0A842C2
:106EF00003D122F070064A683243984205D0B84266
:106F000003D0A04201D0A84203D122F44074CA6841
:106F100022434C6922F08002224302608A68C262E6
:106F20000A688262984201D10969016301214161C5
:106F3000F0BD0000002C01400004004000080040AB
:106F400010B5406A0021C185C184FDF7BBFC10BDAE
:106F50000168CA6822F49072CA6001684A6922F026
:106F600001024A61016B012904D10168CA6822F05B
:106F70001002CA60202180F83E1000210163704792
:106F800008B590F83E10222901D0022008BD826881
:106F90004FF480539A4201D1016921B1816A9A422A
:106FA0001BD04AB10AE00268816A5268C2F3080243
:106FB0000A80816A891C08E0026972B1026852681D
:106FC00002F07F020A70816A491C8162C18D491EEC
:106FD0000904090CC18503D019E002685268F1E781
:106FE0000168CA6822F02002CA600168CA6822F4F7
:106FF0008072CA6001684A6922F001024A61202158
:1070000080F83E10016B012903D0FDF713FE00202C
:1070100008BD002101630168CA6822F01002CA603D
:1070200001680A68D20602D50A6849680091818D14
:10703000FDF747FCEBE7000070B504460068016906
:10704000E26821F44051114301612169A0680843BD
:10705000616908432168CA6841F20C639A4302439C
:10706000CA6020684169A26921F4407111434161FD
:107070001E492068884202D1FCF744FE01E0FCF77B
:1070800031FE00EBC00101EB00126068642180005A
:10709000B2FBF0F3B3FBF1F36FF018067343B2FBEE
:1070A000F0F5B2FBF0F605EB8305322303EB051593
:1070B000B5FBF1F5B6FBF1F605F0F00505EB0615AD
:1070C000B2FBF0F6B2FBF0F0B0FBF1F06FF018029B
:1070D000504306EB800003EB0010B0FBF1F0216899
:1070E00000F00F002844886070BD000000380140A7
:1070F00081628285C28500210164222280F83E20BF
:1071000080F83C100168CA6842F48072CA60016865
:107110004A6942F001024A610068C16841F02001F9
:10712000C160002070472DE9F041984617460E4691
:107130000446069D1DE0681C1BD02DB1FCF772FBB8
:10714000A0EB0800A84214D92068C16821F4D071CE
:10715000C1602068416921F001014161202084F86B
:107160003D0084F83E00002084F83C000320BDE888
:10717000F0812068006836EA000004D00020B842A0
:10718000D9D00020F3E70120F9E700000148FDF71E
:107190009BBB000054140020FEE7490050EAC120C8
:1071A00018BF04204A0D18BF40F0010040F2FF72E2
:1071B000B2EB515F08BF40F00200012808BF052074
:1071C00070470907090E002804DB00F1E02080F871
:1071D0000014704700F00F0000F1E02080F8141D4B
:1071E0007047002213461046114601F0C7BC40F21A
:1071F000013200204FF0E04102F09FBB024A002024
:10720000110702F09ABB000001FDFFFF10B5044614
:10721000D1E9000100F002F8206010BDF8B5044685
:107220000D466A4600F022F900987E300090002852
:107230001EDC002213462046294601F0F7FD17D038
:10724000002140F608004FF000000646204629467F
:1072500001F0A6FB044640F6080006EA00014FF0E4
:10726000000034F0004004BF0220F9F7C5FC29E01B
:107270000098FF2828DB002108464FF0000000F4AA
:107280004006002213462046294602F005F88CBF2E
:10729000002501250220F9F7AFFC4FF0FF4446B16D
:1072A000002D0CBF4FF400004FF48000B04218BF17
:1072B000084C042108464FF00000002D04BF84F064
:1072C0000040F8BD2046F8BD20462946BDE8F840FC
:1072D00001F066BBFFFF7F7F10B504460A46D4E984
:1072E0000003194600F0EEF8C4E9000110BD303883
:1072F0000A2801D2012070470020704730B583B0C2
:107300000446F9F774FC05460020CDE9000002466A
:1073100021466846F9F77CFF2846F9F76DFCDDE960
:10732000000103B030BD00002DE9F0410D460446D8
:10733000134902F009F902F0C9F90646204602F0A5
:10734000D7F800220F4B00F047F801F029FB02F0BC
:10735000CFF800220C4B01F011FC07460C463046DA
:1073600001F0A0FD3A46234601F04CFB01F018FB6A
:10737000532D01D0572D01D180F00040BDE8F081A0
:107380000000C8420000594000004E4010B50446BD
:10739000F9F78EFA214682B2BDE810400123014878
:1073A000FDF782BC1014002038B50446F9F780FAC6
:1073B00082B2322321460648FDF776FC05A0012360
:1073C00000680090022269460148FDF76DFC38BD57
:1073D000101400200D0A000070B514461D460E461C
:1073E000002814BF01210021314321F00041C1F1E7
:1073F0007F6101F1E041C90F16D1002C14BF0121BA
:107400000021294321F00041C1F17F6101F1E041F8
:10741000C90F09D11449B1EB460F08BF00281CD091
:10742000690008BF002C18D0314601F087FE0246E3
:1074300040F2FF7030EA11500DD0F017B0EBE17F51
:1074400009D0084665F31E0084460B462046614677
:1074500001F058FF0246104670BD0120F9F7CCFB41
:10746000BDE87040FFF7BDBE0000E0FF10B5144658
:1074700000222260114A21F000439342A8BF10BDB0
:1074800053EA000208BF10BDB3F5801FA8BF2268F1
:1074900007DA362202F051FA6FF0350221F000438C
:1074A0002260DFF81CC06FF31E510CEB23531A440B
:1074B00041F0FF5141F00051226010BD0000F07F0B
:1074C00002FCFFFF2DE9F04106460C4640F2FF7535
:1074D000174635EA14502BD000221346304601F0EF
:1074E000A5FC25D03A463046214602F026FA06464B
:1074F0000C4635EA145010D000221346304601F0F5
:1075000095FC15D10220F9F777FBFFF777FE0A46C5
:10751000214662F31E01BDE8F0810220F9F76CFB01
:10752000FFF765FE0A46214662F31E01BDE8F081C1
:1075300030462146BDE8F0812DE9F0410DF11C08EF
:10754000044698E86100069FC4E900126783A360BF
:10755000A0830120C4E904500E2020760F2060761D
:107560004FF47A70E060204600F06AF8204600F0A0
:107570003BF9034612280AD022A264212C48F8F7CE
:107580004BFF2B48FFF710FF0420BDE8F081204699
:1075900000F050F82A463346204600F07FF80022DB
:1075A0000E21204600F02EFE00220F21204600F082
:1075B00029FE0C21204600F01BFC40F003020C21A8
:1075C000204600F01FFE04222621204600F01AFE6D
:1075D0001121204600F0D7F80C21204600F0A5F834
:1075E00007220023204600F08CF80021204600F0FE
:1075F0003BF80821204600F075F8204600F01DF801
:107600000020C2E7476F742077726F6E6720726147
:1076100064696F2076657273696F6E2030782578A3
:107620002C20657870656374656420307831320091
:1076300054130020002100F058BC012100F055BC7B
:1076400010B50446818B80680022FCF7E5F80A201B
:10765000FBF7E0FFA18B0122A068FCF7DDF8BDE895
:1076600010400A20FBF7D6BF70B50C4605461D2119
:1076700000F0BEFB052C01D2052402E0082C00D945
:107680000824241F00F0F10040EA4400C2B228465A
:10769000BDE870401D2100F0B5BD000070B5D904F3
:1076A000054641EA5231D0040D4A0023F8F729FE7D
:1076B0000446000C40EA0140C2B20621284600F010
:1076C000A1FD04F47F40020A0721284600F09AFD3C
:1076D000E2B22846BDE87040082100F093BD0000EA
:1076E0000048E80170B50C460A0A0546202100F062
:1076F00089FD04F00F022846BDE87040212100F00A
:1077000081BD70B5144605461D2100F071FB00F0E7
:107710000F0141EA0411CAB21D21284600F072FD92
:107720002846BDE8704000F0C6BB70B50C46054663
:10773000062901D2062420E00C2C01D90C2401E0FA
:10774000062C1AD0C322312100F05CFD0A22372119
:10775000284600F057FD1E21284600F049FB00F0A6
:107760000F02200742EA10621E21284600F04AFD5F
:107770002846BDE8704000F09EBBC522312100F0D4
:1077800041FD0C22E3E770B5054640690C4618B18F
:10779000142C07D914240BE00F2C00D90F2444F02B
:1077A00070021BE0022C01D202240AE0112C08D93D
:1077B000E41EE4B287224D21284600F023FD8C21EF
:1077C00005E084224D21284600F01CFD6121284659
:1077D00000F058FBA41EE0B240F080022846BDE84D
:1077E0007040092100F00EBD422100F001BB0000F5
:1077F000FCF726F8FFF730FBFDF70CFBFDF7B2FABC
:10780000FDF77CFBFDF79EFBFDF7B8FB4FF47A70AC
:10781000FBF700FF03A0FFF7C7FDFDF7BFFA00F07D
:107820001CF8FEE7496E697469616C697A61746974
:107830006F6E20636F6D706C6574652100000000D1
:1078400001460020842900D0C81C704710B500B93B
:10785000012000F01FFC002010BD10B500F066FCF8
:10786000002010BD38B543684BB1012909D1032070
:10787000002200901146012000F056FD38BD01297C
:1078800001D0002038BD03220021012000F028FD96
:10789000040004D000231A46194600F0BDFD20461E
:1078A00038BD7FB50D4604464169B0F9080081B185
:1078B000A16971B1FFF7C4FFD4E905128DE8070093
:1078C000D4E900102B46226900F0B9FE039004B001
:1078D00070BDFFF7B5FF03A9CDE90001208A2B4653
:1078E00082B2D4E9001000F07DFE012801D0002012
:1078F000EDE70398EBE700002DE9F0410A468046EA
:1079000017A11046F8F78EFF10B3FFF7F7FC01F050
:1079100047F8064612A10020F8F784FFC0B10078AE
:107920000FA160F307040020F8F77CFF80B1FFF798
:10793000E5FC01F035F8074609A10020F8F772FFD1
:1079400030B1007806A160F307050020F8F76AFF60
:10795000C8F80870C8E90064C8F80C50BDE8F081A8
:107960002C00000070B5124C054626692068001DE9
:1079700000F0CEFA38B9206890F82C100120884029
:1079800061698143616120683544B5424560216881
:1079900005D2A068BDE87040091D00F0E5BA606836
:1079A000091D00F0E1FAE06A854200D2E56270BD8F
:1079B000A40000202DE9F041054600F0F9FA2A4C18
:1079C000E068401CE0602068284F10B1A06900B357
:1079D00025E02560E068012821D1002606EB86001D
:1079E00007EB800000F0B2FA761C072EF6D31F4892
:1079F0008C3000F0ABFA1D48A03000F0A7FA1B480D
:107A0000B43000F0A3FA19488C3060601430A060E4
:107A100005E02068E96AC06A884200D82560A06A4B
:107A2000401CA062E96A01206269884010436061DD
:107A300001EB810007EB8000291D00F0ADFA00F09A
:107A4000D7FAA06900280CD02068E96AC06A884289
:107A500007D207494FF080500860BFF34F8FBFF344
:107A60006F8FBDE8F0810000A400002058200020A6
:107A700004ED00E02DE9F041856B17460446002631
:107A8000026C82B1C7B1E068F8F73DFFE168206C95
:107A9000091AE1602268914202D26168081AE06026
:107AA000022F16D017E02068A8B9606800F064FEC5
:107AB0000646002060600EE0A068F8F724FF216C05
:107AC000A0680844A0606168884204D32068A06070
:107AD00001E005B16D1E6D1CA5633046BDE8F08167
:107AE00010484FF41D61420706D0C01D0D4920F01B
:107AF0000700411AC1F51D610B4A00230144C2E988
:107B000000030839103A21F0070111604B600B6047
:107B10000B1AC0E9001393604FF000405360D0602F
:107B20007047000020210020EC0000200648074A92
:107B30004FF080510368012BFCD91160BFF34F8FC8
:107B4000BFF36F8FF6E700005820002004ED00E03F
:107B50000346009829B10260C0E90F31012100F00D
:107B600017BC0060F8E72DE9F0479A46DDE9098483
:107B700081466FF00303206B03EB82021044089DE3
:107B800020F00706700707D0502080F31188BFF35C
:107B90004F8FBFF36F8FFEE723180A5C83F8342002
:107BA0000A5C12B1401C1028F6D3002784F84370F9
:107BB000072D00D30625E562C4E91157201D00F00A
:107BC000D0F904F1180000F0CCF92461C5F10700E8
:107BD0006462A061E76484F85070524649463046BA
:107BE00000F0F4F82060B8F1000F01D0C8F80040B0
:107BF000BDE8F08730B5114900E011460A688242BD
:107C0000FBD34B685C18844203D140681844486039
:107C1000084643681C18944209D1084C103C24685B
:107C2000A24209D052681A4442600A68126802608F
:107C3000814200D0086030BD0460F9E7EC0000200C
:107C400006484168096829B14168C968C968496836
:107C5000C16270474FF0FF31FAE70000A400002036
:107C600008484068401C4FF0500080F3118804D051
:107C7000BFF34F8FBFF36F8FFEE7BFF34F8FBFF39D
:107C80006F8FFEE7F40000202DE9F041044600F07C
:107C90008FF994F9455004F1240609E0606A48B16F
:107CA000304600F0B5FD08B100F022FA6D1E6DB24D
:107CB000002DF3DC4FF0FF3684F8456000F098F9B2
:107CC00000F076F994F9445004F1100709E02069B6
:107CD00048B1384600F09CFD08B100F009FA6D1E6D
:107CE0006DB2002DF3DC84F84460BDE8F04100F093
:107CF0007FB900002DE9F0410546002700F04CFA5D
:107D0000314E306808B9FFF7EBFEF06805424BD101
:107D1000C5B3083568070ED005F00700C0F10800AC
:107D20000544680707D0502080F31188BFF34F8FB8
:107D3000BFF36F8FFEE72DB37068854234D82248B9
:107D4000103001460C6801E020460C466168A942EB
:107D500002D221680029F7D131688C4224D007680B
:107D60002168016060680837411B10290FD960192C
:107D7000420708D0502080F31188BFF34F8FBFF324
:107D80006F8FFEE710E041606560FFF733FF6168C9
:107D90007068401A7060B268904200D2B060F068BB
:107DA00001430020C4E9000100F06CFD780707D012
:107DB000502080F31188BFF34F8FBFF36F8FFEE722
:107DC0003846BDE8F0810000DC00002010B5031F3C
:107DD0004FF080741C601B1F21F001011960191FF6
:107DE000024B0B60143940380A6010BD617C0008FA
:107DF00073B582B0044600208DF804009DF80C0095
:107E0000002220F080008DF80C00618B6068FBF789
:107E100003FD012203A9E3682068FCF790FA0546F8
:107E2000012201A9E3682068FCF7DCF90646618BB2
:107E300001226068FBF7F0FC55EA060009D02B46EA
:107E400006A264210E480096F8F7E6FA0C48FFF700
:107E5000ABFA9DF8040004B070BD000053504920F7
:107E60007472616E736D69742F726563656976658E
:107E7000206661696C6564202825642025642900DA
:107E8000541300202D2901D22D2105E0F02901D91C
:107E9000F02106E0822904D205222D3991FBF2F16E
:107EA00003E00A221E31B1FBF2F1C9B241F0200217
:107EB0000B2100F0A7B970B506461D21FFF798FF0A
:107EC0000409E5171E213046FFF792FF000904223E
:107ED0000B2804D384F00700284300D10C2230463D
:107EE000BDE87040262100F08DB941F080020121EB
:107EF00000F088B910B50446F8F7DAFC214682B2E2
:107F0000BDE8104064230148FCF7CEBE10140020E9
:107F1000D0E9013201699A60D0E901235A604A68C8
:107F2000824201D182684A60002202610868401ED4
:107F30000860086870470000034B036003F15400B9
:107F40000860442010607047C011002000F1080153
:107F50004FF0FF32C0E90112C160016100210160F0
:107F6000704700210161704730B50B685A1C02D080
:107F700000F1080202E0026904E022465468256824
:107F80009D42FAD953684B6099608A6051600861DC
:107F90000168491C016030BD42684A6093688B608B
:107FA00093685960916008610168491C01607047DD
:107FB000502080F31188BFF34F8FBFF36F8F0A49B2
:107FC0004868401C486001280CD10848006810F03F
:107FD000FF0F07D0502080F31188BFF34F8FBFF3FE
:107FE0006F8FFEE770470000F400002004ED00E012
:107FF0000849486828B1401E486001D180F31188C3
:108000007047502080F31188BFF34F8FBFF36F8FFD
:10801000FEE70000F400002070B5002827D0144DC2
:10802000A0F108046168E868014207D1502080F39C
:108030001188BFF34F8FBFF36F8FFEE722683AB10D
:10804000502080F31188BFF34F8FBFF36F8FFEE78F
:108050008143616000F0A0F8606869680844686066
:108060002046FFF7C7FDBDE8704000F00BBC70BDB7
:10807000DC00002006484FF47A710068B0FBF1F193
:108080004FF0E020491E4161072101617047000067
:10809000A000002010B5020014D00F48406B38B18A
:1080A000502080F31188BFF34F8FBFF36F8FFEE72F
:1080B00000F072F800211046FFF754FC00F0E2FBDC
:1080C000002807D105494FF080500860BFF34F8F5B
:1080D000BFF36F8F10BD0000A400002004ED00E08E
:1080E00002494A6A0260096941607047A4000020A1
:1080F0000149012008627047A400002010B50C4619
:1081000050B1094909681831FFF72EFF2046BDE834
:1081100010400121FFF726BC502080F31188BFF3E7
:108120004F8FBFF36F8FFEE7A400002010B586B01D
:108130000024039405AA04A903A80494FFF7FCFEF5
:10814000DDE903010094CDE9011000230EA11048E0
:10815000059A00F074FA0F490028086311D05020E6
:1081600080F31188BFF34F8FBFF36F8F4FF0FF3055
:10817000C862012088610C6106B0BDE8104000F0C3
:1081800075B806B010BD000049444C450000000021
:108190002D7B0008A40000200248416B491C41636C
:1081A00070470000A40000201448416B11B1012168
:1081B00001627047002101624169B1FA81F1C1F1A8
:1081C0001F0101EB81020E4951F822306BB101EB26
:1081D000820101F108034A6852684A609A4201D15B
:1081E00052684A60D16801607047502080F311885E
:1081F000BFF34F8FBFF36F8FFEE70000A400002096
:108200005820002038B5044641F0800040EA0220A2
:10821000ADF80000618B00226068FBF7FDFA0222D6
:108220006946E3682068FCF78AF80546618B0122FD
:108230006068FBF7F1FA002D08D02B4604A26421F8
:108240000948F8F7E9F80848FFF7AEF838BD00002C
:10825000535049207472616E736D69742066616950
:108260006C65643A20256400541300201CB519493C
:1082700008780190FF20087008788DF800009DF8BC
:108280000000154A00F0500010700720906005E0D3
:108290009DF800305B008DF80030401E9DF80030E6
:1082A0001B06F5D4000200F4E060906001980870AD
:1082B0000A48016841F470010160016841F07041B1
:1082C0000160FFF7D7FE00205060F7F791FF002014
:1082D0001CBD000000E400E0F400002020ED00E000
:1082E000F8B517460E46050014D0DEB105FB06F0C2
:1082F0004830FFF7FFFC04000AD0002084F8460055
:1083000004F148023B46314628460094FFF720FC22
:108310002046F8BD502080F31188BFF34F8FBFF384
:108320006F8FFEE70020E3E738B5049D18B153B125
:10833000CAB181B120E0502080F31188BFF34F8F84
:10834000BFF36F8FFEE7502080F31188BFF34F8F8C
:10835000BFF36F8FFEE7502080F31188BFF34F8F7C
:10836000BFF36F8FFEE739B1502080F31188BFF360
:108370004F8FBFF36F8FFEE748241C46012384F81C
:1083800046302B460094FFF7E3FB204638BD000043
:1083900070B50D46040025D0FFF70AFED4E90F2082
:1083A000216802FB001161600021A1632168A160C6
:1083B0000A46D4E90F01401E00FB0121E16021467D
:1083C0004FF0FF3001F8440F487004F110008DB1F8
:1083D000FFF7BCFD04F12400FFF7B8FDFFF708FE2E
:1083E000012070BD502080F31188BFF34F8FBFF381
:1083F0006F8FFEE721690029F0D000F009FA00280C
:10840000ECD004494FF080500860BFF34F8FBFF3AA
:108410006F8FE3E704ED00E02DE9FF4782B01D46D2
:108420008A464FF00008040003D0BAF1000F08D0CC
:1084300011E0502080F31188BFF34F8FBFF36F8F8F
:10844000FEE7206C38B1502080F31188BFF34F8FC6
:10845000BFF36F8FFEE7022D0AD1E06B012807D032
:10846000502080F31188BFF34F8FBFF36F8FFEE76B
:1084700000F010F93F4F4FF000094FF0805648B917
:10848000049838B1502080F31188BFF34F8FBFF3A9
:108490006F8FFEE7FFF78CFDA06BE16B884207D37F
:1084A000022D05D00498D0B1B8F1000F1AD01EE00B
:1084B0002A4651462046FFF7DDFA616A19B104F1F8
:1084C000240000F0A5F920B13E60BFF34F8FBFF349
:1084D0006F8FFFF78DFD012006B0BDE8F087FFF735
:1084E00087FD22E06846FFF7FBFD4FF00108FFF72C
:1084F0007FFDFFF751FEFFF75BFD94F94400401C40
:1085000001D184F8449094F94500401C01D184F8CD
:108510004590FFF76DFD04A9684600F02DF830B1D5
:108520002046FFF7B1FB00F0ADF90020D4E7FFF7DC
:108530003FFDA06BE16B884213D1FFF759FD04F1B9
:1085400010000499FFF7DAFD2046FFF79DFB00F0CD
:1085500099F900289ED13E60BFF34F8FBFF36F8F14
:1085600098E7FFF745FD2046FFF78EFB00F08AF9FC
:1085700090E7000004ED00E070B50C4605000ED059
:10858000ACB1FFF715FD164B19696A682E685B6A76
:10859000881A9E4213D08A4211D8012418E0502034
:1085A00080F31188BFF34F8FBFF36F8FFEE750202A
:1085B00080F31188BFF34F8FBFF36F8FFEE7216801
:1085C000814209D9081A20602846FFF789FD002456
:1085D000FFF70EFD204670BD00202060DDE70000A3
:1085E000A40000202DE9FF5F8346DDE90E87994650
:1085F00016468A469000FFF77DFB05001CD05420EC
:10860000FFF778FB040014D00020256384F85100A4
:10861000CDE90240CDE900874B46324651465846E7
:10862000FFF7A1FA2046FFF7C5F9012004B0BDE825
:10863000F09F2846FFF7F0FC4FF0FF30F6E7F0B56B
:1086400085B0DDE90B640A9DA6B1DCB15427009723
:108650002663022684F85160002604AFCDE9024665
:10866000CDE90057FFF77FFA2046FFF7A3F90498FA
:1086700005B0F0BD502080F31188BFF34F8FBFF3DA
:108680006F8FFEE7502080F31188BFF34F8FBFF349
:108690006F8FFEE70548816919B1406B18B1002062
:1086A000704701207047022070470000A40000209E
:1086B0002DE9F0412E4C0027606B40B1E069401C71
:1086C000E061206A00B101273846BDE8F0812669E3
:1086D000761C266113D16068006838B1502080F3A1
:1086E0001188BFF34F8FBFF36F8FFEE76068A168FB
:1086F0006160A060606A401C6062FFF7A1FAE06AF6
:10870000DFF87080864209D36068006880B16068D5
:10871000C068C568686886420DD2E0622068C06A99
:1087200000EB800158F821000128CAD90127C8E7C9
:108730004FF0FF30F1E7281DFFF7EAFBA86A18B1F8
:1087400005F11800FFF7E4FBE86A01216269814046
:108750001143616100EB800108EB8100291DFFF7E7
:108760001BFCE86A2168C96A8842CDD30127CBE7A0
:10877000A40000205820002070B504004FF0000134
:1087800040D0214D2868844207D0502080F31188C2
:10879000BFF34F8FBFF36F8FFEE7A06C38B1401E61
:1087A000A064636CE26A9A422CD040B12AE0502067
:1087B00080F31188BFF34F8FBFF36F8FFEE7201D4B
:1087C000FFF7A6FB114A012150B9E06A00EB8003D4
:1087D00052F8233023B96B6901FA00F083436B61CF
:1087E000606CE062C0F10700A061E06A6B698140E3
:1087F0001943696100EB800002EB8000211DFFF747
:10880000CBFB0121084670BDA400002058200020A9
:108810002DE9F041C068C468ACB104F11800074606
:10882000FFF776FB154D686B0126A0B13946144859
:10883000FFF7B2FBE06A2968C96A88421CD90120A7
:108840002E62BDE8F081502080F31188BFF34F8F76
:10885000BFF36F8FFEE7201DFFF75AFBE16A6A69DD
:1088600006FA01F01043686101EB81000449B43954
:1088700001EB8000211DDBE70020E2E7A4000020DF
:108880000C2100202DE9F0472C4D00242746686B71
:1088900038B1FFF78DFB686B401E6863686B40B1B1
:1088A00046E0502080F31188BFF34F8FBFF36F8FE6
:1088B000FEE7E968224E0120D1B3A6F1B409804653
:1088C0003068E8B1F068C46804F11800FFF720FBD5
:1088D000201DFFF71DFBE06A6A6908FA00F11143E9
:1088E000696100EB800109EB8100211DFFF754FB5A
:1088F000E06A2968C96A8842E2D3C5F82080DFE7C8
:108900000CB1FFF79DF9EC6944B14646FFF7D0FE84
:1089100000B12E62641EF9D10020E861286A38B1E6
:108920000849012738070860BFF34F8FBFF36F8FE7
:10893000FFF75EFB3846BDE8F0870000A40000208A
:108940000C21002004ED00E010B500290AD00878C1
:10895000002807D005487844F9F712FB002801D019
:10896000002010BD0248784410BD0000AA14000089
:10897000A214000010B500290AD00878002807D0FA
:1089800005487844F9F7FCFA002801D0002010BD12
:108990000248784410BD00008E15000086150000C6
:1089A00021F00042A2F16052B2F5801F01F00043B5
:1089B00028BFD2F17F6C0BD95FEA001C43EAC202E8
:1089C00042EB507018BF704728BF20F0010070477D
:1089D000B2F5801FBCBF184670474FEA410C1CF52A
:1089E000001F02D2084600F06CBF70B500F058FBC3
:1089F00000000089FFF7F6BF4FF00040A0F58000AF
:108A00007047000010B591EA030F48BF83F00043A0
:108A100000F18C84841A71EB030C05D2121943EB1C
:108A20000C03001B61EB0C01DFF824E14FEA115449
:108A3000A4EB135C1EEA430F18BF9EEA445F73D099
:108A400023EA0E03DCF1200E21EA045143F48013E3
:108A500032D322FA0CFE10EB0E0023FA0CFE41EB8F
:108A60000E01CCF1200E03FA0EFE10EB0E0051F1B8
:108A70000001B1F5801FCCF1200E32D201EB045180
:108A800012FA0EF2BDE8104058BF7047401C38BFC4
:108A90005FEA420218BF7047002814BF20F00100AF
:108AA00041F100014FEA410313F5001F38BF704741
:108AB000A1F1C04100F0EABB012A43EB0302ACF193
:108AC000200CDCF11F0E32BF4FF0000E23FA0CF326
:108AD00010EB030041EB0451B4EB115FD0D0A1EBDC
:108AE000045101F5801149085FEA300001EB04519F
:108AF0000ED350F1000038BF12FA0EFE08D1BDE8C7
:108B00001040C9E7401C38BF5FEA4202CAD1C3E740
:108B1000BDE810404FEA410313F5001F38BF70470E
:108B2000A1F1C04100F0B2BB9EEA445F08D011EA57
:108B30005E0FBDE8104004BF01F000410020704707
:108B4000BDE8104070B500F0ABFA00BF64FBBE3E5C
:108B50000000E0FF02494FF0000000F0BCBE00BF83
:108B60000000F87F491058BFC1F140415B1058BF69
:108B7000C3F140438B42EFF3008070472DE9C041C1
:108B800030B4DFF8A0C23CEA111418BF3CEA131459
:108B900000F0EC8081EA03051CEA111444EAD57464
:108BA00018BF1CEA131500F0C780A4EB05044FF0B2
:108BB000004545EAC12145EAC32341EA505143EA51
:108BC000525304F17F74994204F500344FEAC020F7
:108BD0004FEAC22208BF904200F09C804FEA136522
:108BE0000FF24016765D4FEA134506FB05F7C7F115
:108BF000807706FB07F74FEAD737A7FB0368764273
:108C0000C8F58038A7FB06CE38BFA8F1010807FBDE
:108C100008E64FF0000EA6FB028CE6FB03CEDCF16B
:108C2000000CCEF1004E38BFAEF1010EA6FB0C5881
:108C30004FF000074FF00005E6FB0E87A1FB08C6CA
:108C4000A0FB07CE16EB0E0645F10005E1FB07651C
:108C500015F1E04E7EBFA4F580345FEA46066D4113
:108C600016F1800745F100054FEA17274FEA06661F
:108C700047EA0567A6F1DE46B6F1805F4FEA1525A3
:108C80001FD9384624F0010C05EBC471BCF1FE6F0E
:108C900001EB0C1102D8F0BCBDE8008124425CBF9E
:108CA00001F5801E9EEAC47F02D4F0BCBDE80081BD
:108CB000244238D4F0BCA1F1C041BDE8004100F02D
:108CC000E5BA4FEAD22242EA43524FEAD323A7FB46
:108CD00002864FEAD02040EA415007FB03661EEAB5
:108CE0000E0F4FEAD12105FB026658BFA6EB0056D6
:108CF000B6EB00564FEA520E4EEAC37E18EB0E0E4C
:108D000056EB530EBDD518EB02085E417F1C55F1A2
:108D10000005B6E74FF480154FF000074FF000064E
:108D20004FF00008ADE7F0BC4FF0000001F1C0418A
:108D300001F00041BDE8008111EA0C1F0CEA131597
:108D400000D00CE013EA0C1F00F025804FF000006B
:108D5000F0BC81EA030101F00041BDE80081F0BCF4
:108D6000BDE8004181EA030100F090BAF0BCBDE823
:108D7000004170B500F094F9097EFC3E00F007B8A0
:108D800081EA03014FF0000001F00041704781EAE1
:108D9000030100F07BBAF0BCBDE800414FF00000D9
:108DA00021497047FFFDFBF9F7F5F4F2F0EEEDEB2A
:108DB000E9E8E6E4E3E1E0DEDDDBDAD8D7D5D4D3D9
:108DC000D1D0CFCDCCCBCAC8C7C6C5C4C2C1C0BF25
:108DD000BEBDBCBBBAB9B8B7B6B5B4B3B2B1B0AF2B
:108DE000AEADACABAAA9A8A8A7A6A5A4A3A3A2A10F
:108DF000A09F9F9E9D9C9C9B9A99999897979695CA
:108E000095949393929191908F8F8E8E8D8C8C8B65
:108E10008B8A8989888887878685858484838382ED
:108E2000828181800000FF070000F87F51EA030C77
:108E300017D41CF5801F58BFBCF5801F00F10680B9
:108E4000994218BF704708BF9042704707D711F585
:108E5000801F58BF13F5801F19D49942704789426B
:108E600070471CF5801F08D5BCF5801FF7D58B42D5
:108E700018BF704708BF824270474FF4001C1CEBBC
:108E8000410F38BF1CEB430F01D28B42704770B5C6
:108E900000F006F9922449004FF000514FF0805342
:108EA000FFF760BE10F0004248BF4042B0FA80F3C6
:108EB00010FA03F10AD0C3F11D0303F580634FEAF2
:108EC000415002EB035202EBD12170474FF00000FA
:108ED0007047000051EA030C17D41CF5801F58BFDF
:108EE000BCF5801F00F10680994218BF704708BF8B
:108EF0009042704707D711F5801F58BF13F5801FA8
:108F000019D499427047894270471CF5801F08D5D3
:108F1000BCF5801FF7D58B4218BF704708BF82424F
:108F200070474FF4001C1CEB410F38BF1CEB430F84
:108F300001D28B42704770B500F0B2F8922449001C
:108F40004FF000514FF08053FFF70CBEDFF848C1DF
:108F500070B51CEA111E1EBF1CEA13159EEA0C0F09
:108F600095EA0C0F00F06F8081EA030423EA4C13AA
:108F70004EEAD47E21EA4C1141F4801143F480136F
:108F8000AE44A1FB024CA0FB0365AEF17F7E361917
:108F900055EB0C05A1FB034C4CF10003A0FB021C9C
:108FA00016EB0C06654153F10003094218BF46F069
:108FB000010613F4007F0BD14FEA03314FEA05306D
:108FC000340341EA155140EA16506FF003020AE0FB
:108FD0004FEAC3214FEAC520F40241EA555140EA65
:108FE00056506FF0020202EB2E4201EB025585EA69
:108FF000CE710AD05FEA440C18BF24F0004450F14F
:10900000000041F1000120EAD47040F2FE7C62458C
:1090100000D270BDA84214BF4FF080444FF04044CE
:10902000002E08BF0024BEF1806FA8BFA1F1C0418F
:10903000BDE8704080F22A814FF0000001F1C0418C
:1090400001F0004170479EEA0C0F0CEA131518BF9F
:1090500095EA0C0F06D04FF0000081EA030E0EF0E7
:10906000004170BD00F01CF88900013E00F007B817
:1090700000F009B84FEA430C5FEA5C5C08D081EA73
:10908000030100F003B94FEA410C5FEA5C5CF6D1E2
:109090004FF00000014970470000FF070000F87F13
:1090A0000EF1020E2EF0030E5EF8046B364205D46C
:1090B000012A43EB030515F5001F12D8012841EBE7
:1090C000010C1CF5001F0CD80ED14FEAD17C15F510
:1090D000001F0CEB4C0C0CF1020C08BF4CEBD37CCA
:1090E00004E04FF0080C01E04FEAD37C0CEB4C0598
:1090F00026FA05F606F00706B6F1040C06D20EEBCA
:10910000860CBDE870404CF0010C6047DFE80CF0C5
:10911000090B02024FF000414FF00000A1F50021C1
:1091200070BD19461046012851EB010418BFD4F553
:10913000001484BF002001F0004170BDDFF844C17D
:1091400070B53CEA111418BF3CEA131500F08F808B
:1091500011F1004F1CEA13150CEA111468BF45F019
:10916000050518BF11EA0C1F00F079802E4621EA90
:109170004C1123EA4C1341F4801143F48013A5F5FC
:109180008035AC423DDD801A9941A4F5803609D581
:109190004042C1F1000134BFB1F10101B1F1000160
:1091A00085F0010511F4F01F08D011F4801FE8D1FB
:1091B000400041EB0101A4F58034F6E721F00041C5
:1091C000B1FA81F6202E04BFB0FA80FE0EF120061F
:1091D000A6F10B06B6F1200EA4EB06440CD2C6F1A4
:1091E000200E01FA06F120FA0EF641EA0601CEF150
:1091F000200600FA06F003E000FA0EF14FF000003E
:10920000BFE750EA410E23D04FEA244EBEEB254F74
:109210000FDB994208BF904204D00AD3520043EBBF
:109220000303B0E74FEA1646B6EB144F08BF85F0CC
:109230000105B4F5803401EB041181EAC57100DB4E
:1092400070BD01F1C0414FF0000001F0004170BD60
:109250004FEA45714FF0000001F0004170BD1CEA7B
:10926000131F09D04FF0000001F0004170BDFFF75F
:1092700017FF00BFEDFFFF3EBDE870404FF000005C
:10928000014970470000FF070000F87F0808A0F5BB
:1092900000114FEA3101704753EA010C17D41CF555
:1092A000801F58BFBCF5801F00F106808B4218BF9D
:1092B000704708BF8242704707D713F5801F58BF19
:1092C00011F5801F19D48B4270479B4270471CF5E3
:1092D000801F08D5BCF5801FF7D5994218BF70478D
:1092E00008BF904270474FF4001C1CEB430F38BF7F
:1092F0001CEB410F01D2994270470FB40CBC03BC68
:10930000FFF719BE91EA030F10B581F000413FF558
:1093100081AB83F0004300F009B8000010B591EA7A
:10932000030F48BF83F000433FF574AB841A71EB21
:10933000030C07D212198CF0004C43EB0C03001BFA
:1093400061EB0C01DFF8A4E14FEA1154A4EB135CCC
:109350001EEA430F18BF9EEA445F00F0B08023EA84
:109360006E03524221EA0451C3EB6E0338BF5B1E09
:10937000DCF1200E25D322FA0CFE10EB0E0043FA8E
:109380000CFE41EB0E01CCF1200E03FA0EFE10EBA9
:109390000E0051F10001CCF1200E29D412FA0EF288
:1093A00001EB0451BDE8104058BF7047401C1CBF82
:1093B000B2F1004F704700280CBF491C20F001009B
:1093C000704712EB020E43EB030218BF4FF0010E81
:1093D0004EEA4202ACF1200CDCF11E0E54D943FAE5
:1093E0000CFE10EB0E0051F1FF31CCF11E0ED5D565
:1093F0000EF1010E12FA0EFE404141EB010101EBAC
:10940000445C5FEA5C5C10D910EBDE7001EB045148
:1094100038BFBEF1004FBDE8104018BF70470028AC
:109420000CBF491C20F00100704730D24FEAD42C09
:1094300011F5001124F400641BD0B1FA81F20B3A4B
:10944000A41AA41ED2F12003914030FA03F3194369
:10945000904001EBCC71002C01EB0451BDE81040B1
:10946000A8BF704701F1C0414FF0000001F000417A
:109470007047B0FA80F310FA03F100D110BDE41A7E
:10948000173C4805C90AE4E701EB045110BD491037
:1094900001EB0451BDE810404FEA300002E04FF00C
:1094A000000170474A0008BF0042F8D0B2F5001F23
:1094B00028BF704701F000414FF0000070479EEA5E
:1094C000445F07D011EA5E0FBDE8104004BF0021E1
:1094D00000207047BDE8104070B5FFF7E1FD00BF08
:1094E00040DFF63E83F00041104670470000E0FF89
:1094F00043004FEAD30C4FEA3C0C43401FBF4007E8
:109500000CF1605113F0FE4F70471CF0006F03D157
:1095100000200CF0004170470CF0004343EA50700B
:1095200010B540EACC0000F086F900BF00000092C0
:109530004FEA0001FFF7AABE4FF000414FF00000D4
:10954000A1F50021704700004FF47F0C1CEAD012F7
:109550001EBF1CEAD11392EA0C0F93EA0C0F00F025
:10956000858090EA010F48BF42F4807240F4000CFD
:1095700041F400002CF07F4120F07F4000B5814293
:10958000A2EB03020FF2081CACEB504EC0F100003E
:109590009EF800E04FEA4E0E00FB0EFC38BF49007B
:1095A0004FEA2C1C02F5FA020CFB0EF34FEACE1E1A
:1095B0004FEA112C4FEAC1210EEB635E42EB2242CF
:1095C0000EFB0CFC4FEA1C5300FB03114FEA112C5D
:1095D0004FEA01310EFB0CFC4FEADC4C00FB0C1196
:1095E000C14228BF09184CEB03335DF804EB10EBC4
:1095F000410143EBC250B2F57C0F38BF704729D50B
:1096000012F0F00F1CBF00F1C04000F000407047A6
:10961000008182838485868788898B8C8D8E8F914B
:109620009293959697999A9C9D9FA0A2A3A5A7A86F
:10963000AAACAEB0B2B3B5B7B9BCBEC0C2C5C7C99B
:10964000CCCED1D4D7D9DCDFE2E6E9ECF0F3F7FAFF
:10965000FE0000004FEA400C0CF1807CBCF17E4F14
:1096600028BF7047B0F1C04000F02BB990EA010F5D
:109670000CEAD11348BF42F48072624538BF63459B
:1096800007D213F47F0F16D080EA010000F00040EB
:10969000704710B500F0CFF8097EFC3E00F005B829
:1096A00080EA010000F00040704780EA010000F00D
:1096B000004000F006B912F47F0F04BF0248704763
:1096C00080EA010000F0FDB80000C07F41000B0EF1
:1096D000D3F19E0208D950F400034FEA032323FA82
:1096E00002F048BF4042704710B500F0A4F800BF38
:1096F00049922480002070476FF0004282EA2000E7
:109700007047000010F0004148BF4042B0FA80F3BB
:1097100010FA03F2C3F19D030BD051EAC35101EBE0
:109720001220530638BF704700F1010008BF20F037
:10973000010070474FF47F0C1CEAD0121EBF1CEAD8
:10974000D11392EA0C0F93EA0C0F00F0478090EAD5
:10975000010F48BF42F480724FF0004C4CEA0020E9
:109760004CEA012102EB0302A0FB0113A2F5000267
:10977000002918BF43F001035B0028BF4FEA330301
:1097800042EB22425FEA132C4CEBC2502EBFBCEBE3
:10979000436FB2F57C0F70474FEA036CBCF1004F8A
:1097A00008BF20F00100B2F57C0F38BF70470BD521
:1097B00082F0FF0212F5803FC8BF704700F1C04041
:1097C000D8BF00F00040704700F5000C5FEA4C0C79
:1097D00048BF7047B0F1C04000F073B890EA010F85
:1097E0000CEAD11348BF42F48072624538BF63452A
:1097F00004D280EA010000F00040704710B500F08C
:109800001AF800BF8900013E00F007B800F009B85F
:109810005FEA410C5FEA1C6C08D080EA010000F0AE
:1098200050B85FEA400C5FEA1C6CF6D14FF0004084
:10983000A0F5800070470EF1020E2EF0030E5EF8C8
:10984000044B244204D44FEA4102B2F17F4F11D8B5
:109850004FEA4003B3F17F4F0CD80ED14FEAD07CD2
:10986000B2F17F4F0CEB4C0C0CF1020C08BF4CEB2F
:10987000D17C04E04FF0080C01E04FEAD17C0CEB06
:109880004C0324FA03F404F00704B4F1040C06D2E8
:109890000EEB840CBDE810404CF0010C6047DFE893
:1098A0000CF0070802024FF00040A0F5800010BD48
:1098B0000846420018BFD2F1807288BF00F0004015
:1098C00010BDFF2141EAD050C00570474FF00000A5
:1098D0007047F7F7C9BA0CF00F03092B08BF08202F
:1098E00000F05F800A2B0BD0082B18BF704708BF11
:1098F0001CF0400F0AD04FF000004FF000017047FD
:109900001CF0400F18BF4FF0004070471CF0100FC4
:1099100008D020F0704300F07F4242EAD3014FEAC2
:109920004370704700F0604021F07F4242EA00023D
:1099300001F07F4040EA727070474FF0FF0C4CF42A
:10994000E06C1CEA11531CBF9CEA030C9445C2BF97
:10995000DA4201EB02517047002B0DD0BCF1000F31
:109960000FD0002A01F00041A4BF41F0E04141F0D6
:109970007F614FF00000704701F000414FF00000A0
:10998000704750EA01334FF09B0C18BF4CF0806CCD
:109990007FF4E0A87047F8F767B9F8F757BBF8F716
:1099A000E5BC1CF4801F11D01CF4E02F03D06FEA3B
:1099B000CC31490070474FF04050EFF3008222F065
:1099C000704242EA000282F3008870474FF00000C4
:1099D00070470000DC9B00084D6600080100000095
:1099E00000000000800000000000000000000000F7
:1099F000C09B0008C56D0008FFFF000000000000CC
:109A0000800000000000000000000000CC9B000867
:109A1000216E0008FFFF0000000000008000000031
:109A20000000000000000000EC9B0008D16D000861
:109A3000FFFF0000000000008000000000000000A8
:109A400000000000C49D0008D56D00080000000063
:109A500000000000500000000000000000000000B6
:109A600000000000000000000102030406070809CE
:109A70000000000001020304303132333435363740
:109A80003839414243444546403058003031323342
:109A90003435363738396162636465664030780042
:109AA00002400000000000A000000000054000008F
:109AB000000000C8000000000C4000000000409CB6
:109AC00000000000194000000020BCBE00000000A3
:109AD00034400000BFC91B8E00000004B5400000E8
:109AE000504BCFD06607E2CF010000006C41000070
:109AF0003E8251AADFEEA73401000000D9420000E7
:109B0000DCB5A0E23A301F97FFFFFFFFB44500002D
:109B1000FD25A0C8E9A3C14FFFFFFFFFFF3F0000E5
:109B20000000008000000000FF3F000000000080F7
:109B300000000000534D415620554E4954205445D5
:109B40005354494E470A0000687474703A2F2F61CD
:109B500070702E736D61762D6167726F2E636F6DFD
:109B60003A383038302F6170692F76312F3354589E
:109B700039374D3146546557624564766D506830CB
:109B80005A2F0000617474726962757465733F7353
:109B900068617265644B6579733D70686F6E6500CE
:109BA000617474726962757465733F73686172651C
:109BB000644B6579733D73657456616C756500001F
:109BC0004C6F72615461736B0000000053656E64EA
:109BD000446174615461736B000000004469616703
:109BE0006E6F737469635461736B000052706354D9
:109BF00061736B00617474726962757465733F732D
:109C000068617265644B6579733D75726C00000024
:109C100061747472696275746573000074656C6553
:109C20006D657472790000007B2257696E645F7302
:109C3000746174223A252E32662C224761735F6C60
:109C4000766C223A252E32662C2254656D703122B4
:109C50003A252E32662C2254656D7032223A252E1A
:109C600032662C2248756D31223A252E32662C221E
:109C700048756D32223A252E32662C227273736932
:109C8000223A20222573222C226F70657261746F34
:109C9000724E616D65223A20222573222C226D6F4F
:109CA00064756C65537461747573223A2022257350
:109CB000222C22535F4261747465726965223A25D1
:109CC0002E32662C2272656C617953746174652240
:109CD0003A20222564222C224D616368696E652238
:109CE0003A252E32662C2242617474657279223ACA
:109CF000252E32667D000000000000002B2B2B2B50
:109D00002B2B2B2B2B2B2B2B2B2B2B2B2B2B2B2BA3
:109D10002B2B2B2B2B2B2B2B2B2B2B2B2B2B2B2B93
:109D20002B2B2B52454C4159204F46462B2B2B2B8E
:109D30002B2B2B2B2B2B2B2B2B2B2B2B2B2B2B2B73
:109D40002B2B2B2B2B2B2B2B2B2B2B2B2B2B2B2B63
:109D50002B2B2B2B2B2B2B2B2B2B2B2B2B000000D4
:109D60002B2B2B2B2B2B2B2B2B2B2B2B2B2B2B2B43
:109D70002B2B2B2B2B2B2B2B2B2B2B2B2B2B2B2B33
:109D80002B2B2B2B2B2B2B52454C4159204F4E2B41
:109D90002B2B2B2B2B2B2B2B2B2B2B2B2B2B2B2B13
:109DA0002B2B2B2B2B2B2B2B2B2B2B2B2B2B2B2B03
:109DB0002B2B2B2B2B2B2B2B2B2B2B2B2B2B2B2BF3
:109DC0000000000053494D427566665461736B0094
:109DD0002C9F00080000002004010000280100085A
:109DE00030A00008040100204C30000044010008AD
:109DF000000000000000F07FFFFFFFFFFFFFEF7F8C
:109E00001001000043000000F8FFFFFF0040404049
:109E1000404040404040414141414140404040403D
:109E200040404040404040404040404040050202E9
:109E300002020202020202020202020202202020A8
:109E40002020202020202002020202020202909004
:109E50009090909010101010101010101010101002
:109E60001010101010101010020202020202888856
:109E70008888888808080808080808080808080862
:109E8000080808080808080802020202400000004A
:109E900000000000000000000000000000000000C2
:109EA00000000000000000000000000000000000B2
:109EB00000000000000000000000000000000000A2
:109EC0000000000000000000000000000000000092
:109ED0000000000000000000000000000000000082
:109EE0000000000000000000000000000000000072
:109EF0000000000000000000000000000000000062
:109F00000000000000000000000000000000000051
:109F10001C00000043000000F8FFFFFF0C000000E1
:109F20000E0000000F0000002E00000000010000E5
:109F30000000803F0000803F000000400000004023
:109F4000F89C0008349B0008489B00081C9C0008F3
:109F5000A09B0008849B0008F49B0008109C00084C
:109F600000000000000000000000000000000000F1
:109F700000000000000000000000000000000000E1
:109F800000000000000000000000000000000000D1
:109F900003000000000000000000000000000000BE
:109FA0000000000000000000000000002B323132F1
:109FB00037373131303135363400000000000000D1
:109FC0000100000010000000000000000024F40068
:109FD0000000000000000000000000000000000081
:109FE0000000000000000000000000000000000071
:109FF0000000000000000000000000000000000061
:10A000000000000000000000000000000000000050
:10A010000000000000000000000000000000000040
:10A0200000000000AAAAAAAA000000000000000088
:04000005080000ED02
:00000001FF
